USE AstroDB
GO



INSERT INTO AstroSchema.Constellations (ConstellationName, NameOrigin, Declination) 
    VALUES 
        ('Andromeda', 'Greek', 40),
        ('Aquarius', 'Latin', -15),
        ('Aquila', 'Latin', 0),
        ('Ara', 'Latin', -55),
        ('Aries', 'Latin', 20),
        ('Auriga', 'Latin', 40),
        ('Bootes', 'Greek', 30),
        ('Caelum', 'Latin', -40),
        ('Camelopardalis', 'Latin', 70),
        ('Cancer', 'Latin', 20),
        ('Canes Venatici', 'Latin', 40),
        ('Canis Major', 'Latin', -20),
        ('Canis Minor', 'Latin', 10),
        ('Capricornus', 'Latin', -20),
        ('Carina', 'Latin', -60),
        ('Cassiopeia', 'Greek', 60),
        ('Centaurus', 'Latin', -50),
        ('Cepheus', 'Greek', 70),
        ('Cetus', 'Greek', -10),
        ('Chamaeleon', 'Latin', -80),
        ('Circinus', 'Latin', -60),
        ('Columba', 'Latin', -35),
        ('Coma Berenices', 'Latin', 20),
        ('Corona Australis', 'Latin', -40),
        ('Corona Borealis', 'Latin', 40),
        ('Corvus', 'Latin', -20),
        ('Crater', 'Latin', -15),
        ('Crux', 'Latin', -60),
        ('Cygnus', 'Latin', 45),
        ('Delphinus', 'Latin', 10),
        ('Dorado', 'Latin', -60),
        ('Draco', 'Latin', 70),
        ('Equuleus', 'Latin', 10),
        ('Eridanus', 'Latin', -30),
        ('Fornax', 'Latin', -30),
        ('Gemini', 'Latin', 20),
        ('Grus', 'Latin', -45),
        ('Hercules', 'Latin', 30),
        ('Horologium', 'Latin', -55),
        ('Hydra', 'Latin', -20),
        ('Hydrus', 'Latin', -70),
        ('Indus', 'Latin', -60),
        ('Lacerta', 'Latin', 45),
        ('Leo', 'Latin', 15),
        ('Triangulum', 'Latin', 30),
        ('Tucana', 'Latin', -65),
        ('Ursa Major', 'Latin', 50),
        ('Ursa Minor', 'Latin', 75),
        ('Vela', 'Latin', -45),
        ('Virgo', 'Latin', 0),
        ('Volans', 'Latin', -70),
        ('Vulpecula', 'Latin', 25),
        ('Saggittarius', 'Latin', -25),
        ('Scorpius', 'Latin', -30),
        ('Sculptor', 'Latin', -30),
        ('Scutum', 'Latin', -10),
        ('Serpens', 'Latin', 0),
        ('Sextans', 'Latin', 0);
GO

DECLARE @GalaxyName NVARCHAR(50)
DECLARE @ConstellationName NVARCHAR(30)

SET @ConstellationName = (SELECT ConstellationName FROM AstroSchema.Constellations WHERE ConstellationName = 'Andromeda')

INSERT INTO AstroSchema.Galaxies (GalaxyName, GalaxyType, ConstellationName, HostGalaxy) 
    VALUES ('Andromeda', 'Spiral', @ConstellationName, NULL);

SET @GalaxyName = (SELECT GalaxyName FROM AstroSchema.Galaxies WHERE GalaxyName = 'Andromeda')

SET @ConstellationName = (SELECT ConstellationName FROM AstroSchema.Constellations WHERE ConstellationName = 'Andromeda')
INSERT INTO AstroSchema.Galaxies (GalaxyName, GalaxyType, ConstellationName, HostGalaxy)
    VALUES
        ('Messier 110', 'Elliptical', @ConstellationName, @GalaxyName);

SET @ConstellationName = (SELECT ConstellationName FROM AstroSchema.Constellations WHERE ConstellationName = 'Cassiopeia')
INSERT INTO AstroSchema.Galaxies (GalaxyName, GalaxyType, ConstellationName, HostGalaxy)
    VALUES
        ('Maffei 1', 'Elliptical', @ConstellationName, @GalaxyName),
        ('Maffei 2', 'Elliptical', @ConstellationName, @GalaxyName),
        ('IC 10', 'Irregular', @ConstellationName, @GalaxyName),        
        ('NGC 185', 'Elliptical', @ConstellationName, @GalaxyName),
        ('NGC 147', 'Elliptical', @ConstellationName, @GalaxyName);
        
SET @ConstellationName = (SELECT ConstellationName FROM AstroSchema.Constellations WHERE ConstellationName = 'Saggittarius')
INSERT INTO AstroSchema.Galaxies (GalaxyName, GalaxyType, ConstellationName, HostGalaxy)
    VALUES
        ('Barnards Galaxy', 'Irregular', @ConstellationName, @GalaxyName);

SET @ConstellationName = (SELECT ConstellationName FROM AstroSchema.Constellations WHERE ConstellationName = 'Triangulum')
INSERT INTO AstroSchema.Galaxies (GalaxyName, GalaxyType, ConstellationName, HostGalaxy)
    VALUES
        ('Triangulum', 'Spiral', @ConstellationName, @GalaxyName);

SET @ConstellationName = (SELECT ConstellationName FROM AstroSchema.Constellations WHERE ConstellationName = 'Cetus')
INSERT INTO AstroSchema.Galaxies (GalaxyName, GalaxyType, ConstellationName, HostGalaxy)
    VALUES
        ('IC 1613', 'Irregular', @ConstellationName, @GalaxyName);

-- MILKY WAY
SET @ConstellationName = (SELECT ConstellationName FROM AstroSchema.Constellations WHERE ConstellationName = 'Saggittarius')
INSERT INTO AstroSchema.Galaxies (GalaxyName, GalaxyType, ConstellationName, HostGalaxy)
    VALUES
        ('Milky Way', 'Spiral', @ConstellationName, NULL);

SET @GalaxyName = (SELECT GalaxyName FROM AstroSchema.Galaxies WHERE GalaxyName = 'Milky Way')

SET @ConstellationName = (SELECT ConstellationName FROM AstroSchema.Constellations WHERE ConstellationName = 'Leo')
INSERT INTO AstroSchema.Galaxies (GalaxyName, GalaxyType, ConstellationName, HostGalaxy)
    VALUES
        ('Leo I', 'Irregular', @ConstellationName, @GalaxyName),
        ('Leo II', 'Irregular', @ConstellationName, @GalaxyName);

SET @ConstellationName = (SELECT ConstellationName FROM AstroSchema.Constellations WHERE ConstellationName = 'Sextans')
INSERT INTO AstroSchema.Galaxies (GalaxyName, GalaxyType, ConstellationName, HostGalaxy)
    VALUES
        ('Sextans A', 'Irregular', @ConstellationName, @GalaxyName),
        ('Sextans B', 'Irregular', @ConstellationName, @GalaxyName),
        ('Segue 1', 'Irregular', @ConstellationName, @GalaxyName);

SET @ConstellationName = (SELECT ConstellationName FROM AstroSchema.Constellations WHERE ConstellationName = 'Tucana')
INSERT INTO AstroSchema.Galaxies (GalaxyName, GalaxyType, ConstellationName, HostGalaxy) 
    VALUES 
        ('Small Magellanic Cloud', 'Irregular', @ConstellationName, @GalaxyName);

SET @ConstellationName = (SELECT ConstellationName FROM AstroSchema.Constellations WHERE ConstellationName = 'Dorado')
INSERT INTO AstroSchema.Galaxies (GalaxyName, GalaxyType, ConstellationName, HostGalaxy) 
    VALUES 
        ('Large Magellanic Cloud', 'Irregular', @ConstellationName, @GalaxyName);

SET @ConstellationName = (SELECT ConstellationName FROM AstroSchema.Constellations WHERE ConstellationName = 'Fornax')
INSERT INTO AstroSchema.Galaxies (GalaxyName, GalaxyType, ConstellationName, HostGalaxy) 
    VALUES 
        ('Fornax Dwarf', 'Elliptical', @ConstellationName, @GalaxyName);

SET @ConstellationName = (SELECT ConstellationName FROM AstroSchema.Constellations WHERE ConstellationName = 'Draco')
INSERT INTO AstroSchema.Galaxies (GalaxyName, GalaxyType, ConstellationName, HostGalaxy) 
    VALUES 
        ('Draco Dwarf', 'Elliptical', @ConstellationName, @GalaxyName);

SET @ConstellationName = (SELECT ConstellationName FROM AstroSchema.Constellations WHERE ConstellationName = 'Cetus')
INSERT INTO AstroSchema.Galaxies (GalaxyName, GalaxyType, ConstellationName, HostGalaxy) 
    VALUES ('Wolf-Lundmark-Melotte', 'Irregular', @ConstellationName, NULL);
GO

-- python generated
INSERT INTO AstroSchema.Systems VALUES ('Rubiz', 'Multiple', (SELECT GalaxyName FROM AstroSchema.Galaxies WHERE GalaxyName = 'Leo I'), (SELECT ConstellationName FROM AstroSchema.Galaxies WHERE GalaxyName = 'Leo I'));
INSERT INTO AstroSchema.AstroObjects VALUES ('swn-5047', 'Rubiz-A', 1580722651.2, 26835725.6);
INSERT INTO AstroSchema.Stars VALUES ('swn-5047', 'Ia', 'Rubiz');
INSERT INTO AstroSchema.AstroObjects VALUES ('pym-4059', 'Rubiz-A-0', 1180621256.2, 984.1);
INSERT INTO AstroSchema.Planets VALUES ('pym-4059', 'Super-Jupiter', 'Helium', (SELECT StarID FROM AstroSchema.Stars WHERE StarID = 'swn-5047'), (SELECT GalaxyName FROM AstroSchema.Systems, AstroSchema.Stars WHERE StarID = 'swn-5047' AND SystemName = InSystem));
INSERT INTO AstroSchema.AstroObjects VALUES ('hqp-3408', 'Rubiz-B', 32452072351.0, 56828902.4);
INSERT INTO AstroSchema.Stars VALUES ('hqp-3408', 'D', 'Rubiz');
INSERT INTO AstroSchema.AstroObjects VALUES ('mfx-4014', 'Rubiz-B-0', 38258758496.6, 398.7);
INSERT INTO AstroSchema.Planets VALUES ('mfx-4014', 'Mini-Neptune', 'Helium', (SELECT StarID FROM AstroSchema.Stars WHERE StarID = 'hqp-3408'), (SELECT GalaxyName FROM AstroSchema.Systems, AstroSchema.Stars WHERE StarID = 'hqp-3408' AND SystemName = InSystem));
INSERT INTO AstroSchema.AstroObjects VALUES ('vab-7407', 'Rubiz-B-1', 27898577958.1, 264.2);
INSERT INTO AstroSchema.Planets VALUES ('vab-7407', 'Super-Earth', 'Puffy', (SELECT StarID FROM AstroSchema.Stars WHERE StarID = 'hqp-3408'), (SELECT GalaxyName FROM AstroSchema.Systems, AstroSchema.Stars WHERE StarID = 'hqp-3408' AND SystemName = InSystem));
INSERT INTO AstroSchema.AstroObjects VALUES ('ghe-1659', 'Rubiz-B-2', 16589017776.7, 1059.6);
INSERT INTO AstroSchema.Planets VALUES ('ghe-1659', 'Super-Jupiter', 'Silicate', (SELECT StarID FROM AstroSchema.Stars WHERE StarID = 'hqp-3408'), (SELECT GalaxyName FROM AstroSchema.Systems, AstroSchema.Stars WHERE StarID = 'hqp-3408' AND SystemName = InSystem));
INSERT INTO AstroSchema.AstroObjects VALUES ('lga-9706', 'Rubiz-B-3', 8288077028.4, 768.8);
INSERT INTO AstroSchema.Planets VALUES ('lga-9706', 'Gas Giant', 'Desert', (SELECT StarID FROM AstroSchema.Stars WHERE StarID = 'hqp-3408'), (SELECT GalaxyName FROM AstroSchema.Systems, AstroSchema.Stars WHERE StarID = 'hqp-3408' AND SystemName = InSystem));
INSERT INTO AstroSchema.Systems VALUES ('Laleya', 'Multiple', (SELECT GalaxyName FROM AstroSchema.Galaxies WHERE GalaxyName = 'Triangulum'), (SELECT ConstellationName FROM AstroSchema.Galaxies WHERE GalaxyName = 'Triangulum'));
INSERT INTO AstroSchema.AstroObjects VALUES ('lnh-9533', 'Laleya-A', 22569284694.1, 8441031.2);
INSERT INTO AstroSchema.Stars VALUES ('lnh-9533', 'IV', 'Laleya');
INSERT INTO AstroSchema.AstroObjects VALUES ('ibt-6996', 'Laleya-B', 21047351747.5, 26215052.9);
INSERT INTO AstroSchema.Stars VALUES ('ibt-6996', 'Ib', 'Laleya');
INSERT INTO AstroSchema.AstroObjects VALUES ('vui-1577', 'Laleya-B-0', 33581849753.1, 1057.4);
INSERT INTO AstroSchema.Planets VALUES ('vui-1577', 'Sub-Earth', 'Chtonian', (SELECT StarID FROM AstroSchema.Stars WHERE StarID = 'ibt-6996'), (SELECT GalaxyName FROM AstroSchema.Systems, AstroSchema.Stars WHERE StarID = 'ibt-6996' AND SystemName = InSystem));
INSERT INTO AstroSchema.AstroObjects VALUES ('qmh-8812', 'Laleya-B-1', 18668112992.2, 1422.4);
INSERT INTO AstroSchema.Planets VALUES ('qmh-8812', 'Mini-Neptune', 'Coreless', (SELECT StarID FROM AstroSchema.Stars WHERE StarID = 'ibt-6996'), (SELECT GalaxyName FROM AstroSchema.Systems, AstroSchema.Stars WHERE StarID = 'ibt-6996' AND SystemName = InSystem));
INSERT INTO AstroSchema.AstroObjects VALUES ('ahj-8400', 'Laleya-B-2', 4881512793.5, 313.6);
INSERT INTO AstroSchema.Planets VALUES ('ahj-8400', 'Super-Earth', 'Gas giant', (SELECT StarID FROM AstroSchema.Stars WHERE StarID = 'ibt-6996'), (SELECT GalaxyName FROM AstroSchema.Systems, AstroSchema.Stars WHERE StarID = 'ibt-6996' AND SystemName = InSystem));
INSERT INTO AstroSchema.AstroObjects VALUES ('qmp-2446', 'Laleya-B-3', 13082076905.5, 699.8);
INSERT INTO AstroSchema.Planets VALUES ('qmp-2446', 'Sub-Earth', 'Gas giant', (SELECT StarID FROM AstroSchema.Stars WHERE StarID = 'ibt-6996'), (SELECT GalaxyName FROM AstroSchema.Systems, AstroSchema.Stars WHERE StarID = 'ibt-6996' AND SystemName = InSystem));
INSERT INTO AstroSchema.AstroObjects VALUES ('qyz-6682', 'Laleya-B-4', 30339351678.2, 150.2);
INSERT INTO AstroSchema.Planets VALUES ('qyz-6682', 'Ice Giant', 'Gas dwarf', (SELECT StarID FROM AstroSchema.Stars WHERE StarID = 'ibt-6996'), (SELECT GalaxyName FROM AstroSchema.Systems, AstroSchema.Stars WHERE StarID = 'ibt-6996' AND SystemName = InSystem));
INSERT INTO AstroSchema.AstroObjects VALUES ('owa-1904', 'Laleya-B-5', 12497739855.3, 518.9);
INSERT INTO AstroSchema.Planets VALUES ('owa-1904', 'Gas Giant', 'Ice', (SELECT StarID FROM AstroSchema.Stars WHERE StarID = 'ibt-6996'), (SELECT GalaxyName FROM AstroSchema.Systems, AstroSchema.Stars WHERE StarID = 'ibt-6996' AND SystemName = InSystem));
INSERT INTO AstroSchema.AstroObjects VALUES ('eho-3088', 'Laleya-B-6', 14603505904.7, 776.7);
INSERT INTO AstroSchema.Planets VALUES ('eho-3088', 'Sub-Earth', 'Ocean', (SELECT StarID FROM AstroSchema.Stars WHERE StarID = 'ibt-6996'), (SELECT GalaxyName FROM AstroSchema.Systems, AstroSchema.Stars WHERE StarID = 'ibt-6996' AND SystemName = InSystem));
INSERT INTO AstroSchema.AstroObjects VALUES ('ybm-1047', 'Laleya-B-7', 44487602621.9, 1335.6);
INSERT INTO AstroSchema.Planets VALUES ('ybm-1047', 'Mini-Neptune', 'Gas giant', (SELECT StarID FROM AstroSchema.Stars WHERE StarID = 'ibt-6996'), (SELECT GalaxyName FROM AstroSchema.Systems, AstroSchema.Stars WHERE StarID = 'ibt-6996' AND SystemName = InSystem));
INSERT INTO AstroSchema.AstroObjects VALUES ('plk-8723', 'Laleya-B-8', 3137910201.3, 888.8);
INSERT INTO AstroSchema.Planets VALUES ('plk-8723', 'Mini-Neptune', 'Protoplanet', (SELECT StarID FROM AstroSchema.Stars WHERE StarID = 'ibt-6996'), (SELECT GalaxyName FROM AstroSchema.Systems, AstroSchema.Stars WHERE StarID = 'ibt-6996' AND SystemName = InSystem));
INSERT INTO AstroSchema.AstroObjects VALUES ('osy-1583', 'Laleya-C', 41423636237.9, 6237800.6);
INSERT INTO AstroSchema.Stars VALUES ('osy-1583', 'VI', 'Laleya');
INSERT INTO AstroSchema.AstroObjects VALUES ('liu-9118', 'Laleya-D', 44658950460.4, 15767357.3);
INSERT INTO AstroSchema.Stars VALUES ('liu-9118', 'Ia-O', 'Laleya');
INSERT INTO AstroSchema.AstroObjects VALUES ('wge-5515', 'Laleya-D-0', 30098332074.1, 482.0);
INSERT INTO AstroSchema.Planets VALUES ('wge-5515', 'Super-Jupiter', 'Ice', (SELECT StarID FROM AstroSchema.Stars WHERE StarID = 'liu-9118'), (SELECT GalaxyName FROM AstroSchema.Systems, AstroSchema.Stars WHERE StarID = 'liu-9118' AND SystemName = InSystem));
INSERT INTO AstroSchema.AstroObjects VALUES ('ulu-7040', 'Laleya-D-1', 34165834415.9, 687.7);
INSERT INTO AstroSchema.Planets VALUES ('ulu-7040', 'Ice Giant', 'Helium', (SELECT StarID FROM AstroSchema.Stars WHERE StarID = 'liu-9118'), (SELECT GalaxyName FROM AstroSchema.Systems, AstroSchema.Stars WHERE StarID = 'liu-9118' AND SystemName = InSystem));
INSERT INTO AstroSchema.AstroObjects VALUES ('ola-6048', 'Laleya-D-2', 28077539772.3, 236.2);
INSERT INTO AstroSchema.Planets VALUES ('ola-6048', 'Ice Giant', 'Gas dwarf', (SELECT StarID FROM AstroSchema.Stars WHERE StarID = 'liu-9118'), (SELECT GalaxyName FROM AstroSchema.Systems, AstroSchema.Stars WHERE StarID = 'liu-9118' AND SystemName = InSystem));
INSERT INTO AstroSchema.AstroObjects VALUES ('uma-6112', 'Laleya-D-3', 16229911967.2, 712.0);
INSERT INTO AstroSchema.Planets VALUES ('uma-6112', 'Super-Jupiter', 'Desert', (SELECT StarID FROM AstroSchema.Stars WHERE StarID = 'liu-9118'), (SELECT GalaxyName FROM AstroSchema.Systems, AstroSchema.Stars WHERE StarID = 'liu-9118' AND SystemName = InSystem));
INSERT INTO AstroSchema.AstroObjects VALUES ('ryy-6289', 'Laleya-D-4', 10665238714.4, 197.3);
INSERT INTO AstroSchema.Planets VALUES ('ryy-6289', 'Super-Jupiter', 'Chtonian', (SELECT StarID FROM AstroSchema.Stars WHERE StarID = 'liu-9118'), (SELECT GalaxyName FROM AstroSchema.Systems, AstroSchema.Stars WHERE StarID = 'liu-9118' AND SystemName = InSystem));
INSERT INTO AstroSchema.AstroObjects VALUES ('hkm-9062', 'Laleya-D-5', 22104567699.8, 790.4);
INSERT INTO AstroSchema.Planets VALUES ('hkm-9062', 'Sub-Earth', 'Carbon', (SELECT StarID FROM AstroSchema.Stars WHERE StarID = 'liu-9118'), (SELECT GalaxyName FROM AstroSchema.Systems, AstroSchema.Stars WHERE StarID = 'liu-9118' AND SystemName = InSystem));
INSERT INTO AstroSchema.AstroObjects VALUES ('cvg-4243', 'Laleya-E', 24068991252.0, 54743313.3);
INSERT INTO AstroSchema.Stars VALUES ('cvg-4243', 'III', 'Laleya');
INSERT INTO AstroSchema.AstroObjects VALUES ('tov-1013', 'Laleya-E-0', 18476078354.6, 1435.4);
INSERT INTO AstroSchema.Planets VALUES ('tov-1013', 'Sub-Earth', 'Silicate', (SELECT StarID FROM AstroSchema.Stars WHERE StarID = 'cvg-4243'), (SELECT GalaxyName FROM AstroSchema.Systems, AstroSchema.Stars WHERE StarID = 'cvg-4243' AND SystemName = InSystem));
INSERT INTO AstroSchema.AstroObjects VALUES ('zkw-7761', 'Laleya-E-1', 41430346003.2, 1043.3);
INSERT INTO AstroSchema.Planets VALUES ('zkw-7761', 'Super-Jupiter', 'Protoplanet', (SELECT StarID FROM AstroSchema.Stars WHERE StarID = 'cvg-4243'), (SELECT GalaxyName FROM AstroSchema.Systems, AstroSchema.Stars WHERE StarID = 'cvg-4243' AND SystemName = InSystem));
INSERT INTO AstroSchema.AstroObjects VALUES ('eoe-5690', 'Laleya-F', 17969797733.8, 57602644.6);
INSERT INTO AstroSchema.Stars VALUES ('eoe-5690', 'D', 'Laleya');
INSERT INTO AstroSchema.AstroObjects VALUES ('ehm-9893', 'Laleya-F-0', 25137789640.3, 1495.3);
INSERT INTO AstroSchema.Planets VALUES ('ehm-9893', 'Ice Giant', 'Gas dwarf', (SELECT StarID FROM AstroSchema.Stars WHERE StarID = 'eoe-5690'), (SELECT GalaxyName FROM AstroSchema.Systems, AstroSchema.Stars WHERE StarID = 'eoe-5690' AND SystemName = InSystem));
INSERT INTO AstroSchema.AstroObjects VALUES ('cgt-9952', 'Laleya-F-1', 6606283726.6, 495.0);
INSERT INTO AstroSchema.Planets VALUES ('cgt-9952', 'Mini-Neptune', 'Hycean', (SELECT StarID FROM AstroSchema.Stars WHERE StarID = 'eoe-5690'), (SELECT GalaxyName FROM AstroSchema.Systems, AstroSchema.Stars WHERE StarID = 'eoe-5690' AND SystemName = InSystem));
INSERT INTO AstroSchema.AstroObjects VALUES ('uue-7801', 'Laleya-F-2', 25530960266.9, 1306.5);
INSERT INTO AstroSchema.Planets VALUES ('uue-7801', 'Ice Giant', 'Coreless', (SELECT StarID FROM AstroSchema.Stars WHERE StarID = 'eoe-5690'), (SELECT GalaxyName FROM AstroSchema.Systems, AstroSchema.Stars WHERE StarID = 'eoe-5690' AND SystemName = InSystem));
INSERT INTO AstroSchema.AstroObjects VALUES ('yss-2515', 'Laleya-F-3', 44367338272.0, 1270.1);
INSERT INTO AstroSchema.Planets VALUES ('yss-2515', 'Ice Giant', 'Hycean', (SELECT StarID FROM AstroSchema.Stars WHERE StarID = 'eoe-5690'), (SELECT GalaxyName FROM AstroSchema.Systems, AstroSchema.Stars WHERE StarID = 'eoe-5690' AND SystemName = InSystem));
INSERT INTO AstroSchema.Systems VALUES ('Ovany', 'Trinary', (SELECT GalaxyName FROM AstroSchema.Galaxies WHERE GalaxyName = 'Fornax Dwarf'), NULL);
INSERT INTO AstroSchema.AstroObjects VALUES ('qzl-2241', 'Ovany-A', 38039624565.2, 53150444.9);
INSERT INTO AstroSchema.Stars VALUES ('qzl-2241', 'VI', 'Ovany');
INSERT INTO AstroSchema.AstroObjects VALUES ('ncr-4231', 'Ovany-A-0', 18862124696.1, 40.1);
INSERT INTO AstroSchema.Planets VALUES ('ncr-4231', 'Super-Earth', 'Chtonian', (SELECT StarID FROM AstroSchema.Stars WHERE StarID = 'qzl-2241'), (SELECT GalaxyName FROM AstroSchema.Systems, AstroSchema.Stars WHERE StarID = 'qzl-2241' AND SystemName = InSystem));
INSERT INTO AstroSchema.AstroObjects VALUES ('ats-3349', 'Ovany-B', 36260831336.0, 69675740.7);
INSERT INTO AstroSchema.Stars VALUES ('ats-3349', 'Ia-O', 'Ovany');
INSERT INTO AstroSchema.AstroObjects VALUES ('mvz-6707', 'Ovany-B-0', 34365857250.9, 30.1);
INSERT INTO AstroSchema.Planets VALUES ('mvz-6707', 'Super-Jupiter', 'Gas giant', (SELECT StarID FROM AstroSchema.Stars WHERE StarID = 'ats-3349'), (SELECT GalaxyName FROM AstroSchema.Systems, AstroSchema.Stars WHERE StarID = 'ats-3349' AND SystemName = InSystem));
INSERT INTO AstroSchema.AstroObjects VALUES ('jqq-3781', 'Ovany-C', 1927928546.0, 79275062.5);
INSERT INTO AstroSchema.Stars VALUES ('jqq-3781', 'III', 'Ovany');
INSERT INTO AstroSchema.AstroObjects VALUES ('mwb-3460', 'Ovany-C-0', 20239636648.7, 356.7);
INSERT INTO AstroSchema.Planets VALUES ('mwb-3460', 'Sub-Earth', 'Ocean', (SELECT StarID FROM AstroSchema.Stars WHERE StarID = 'jqq-3781'), (SELECT GalaxyName FROM AstroSchema.Systems, AstroSchema.Stars WHERE StarID = 'jqq-3781' AND SystemName = InSystem));
INSERT INTO AstroSchema.AstroObjects VALUES ('myt-5282', 'Ovany-C-1', 34479536427.1, 1471.6);
INSERT INTO AstroSchema.Planets VALUES ('myt-5282', 'Super-Earth', 'Carbon', (SELECT StarID FROM AstroSchema.Stars WHERE StarID = 'jqq-3781'), (SELECT GalaxyName FROM AstroSchema.Systems, AstroSchema.Stars WHERE StarID = 'jqq-3781' AND SystemName = InSystem));
INSERT INTO AstroSchema.AstroObjects VALUES ('elb-4800', 'Ovany-C-2', 24065799329.5, 326.7);
INSERT INTO AstroSchema.Planets VALUES ('elb-4800', 'Super-Earth', 'Ocean', (SELECT StarID FROM AstroSchema.Stars WHERE StarID = 'jqq-3781'), (SELECT GalaxyName FROM AstroSchema.Systems, AstroSchema.Stars WHERE StarID = 'jqq-3781' AND SystemName = InSystem));
INSERT INTO AstroSchema.AstroObjects VALUES ('uqc-7464', 'Ovany-C-3', 24968152883.5, 1338.5);
INSERT INTO AstroSchema.Planets VALUES ('uqc-7464', 'Mini-Neptune', 'Protoplanet', (SELECT StarID FROM AstroSchema.Stars WHERE StarID = 'jqq-3781'), (SELECT GalaxyName FROM AstroSchema.Systems, AstroSchema.Stars WHERE StarID = 'jqq-3781' AND SystemName = InSystem));
INSERT INTO AstroSchema.AstroObjects VALUES ('ptg-5982', 'Ovany-C-4', 40586271816.5, 742.6);
INSERT INTO AstroSchema.Planets VALUES ('ptg-5982', 'Sub-Earth', 'Carbon', (SELECT StarID FROM AstroSchema.Stars WHERE StarID = 'jqq-3781'), (SELECT GalaxyName FROM AstroSchema.Systems, AstroSchema.Stars WHERE StarID = 'jqq-3781' AND SystemName = InSystem));
INSERT INTO AstroSchema.AstroObjects VALUES ('nhs-6923', 'Ovany-C-5', 23948495668.1, 1006.2);
INSERT INTO AstroSchema.Planets VALUES ('nhs-6923', 'Ice Giant', 'Coreless', (SELECT StarID FROM AstroSchema.Stars WHERE StarID = 'jqq-3781'), (SELECT GalaxyName FROM AstroSchema.Systems, AstroSchema.Stars WHERE StarID = 'jqq-3781' AND SystemName = InSystem));
INSERT INTO AstroSchema.Systems VALUES ('Davassa', 'Mono', (SELECT GalaxyName FROM AstroSchema.Galaxies WHERE GalaxyName = 'NGC 147'), (SELECT ConstellationName FROM AstroSchema.Galaxies WHERE GalaxyName = 'NGC 147'));
INSERT INTO AstroSchema.AstroObjects VALUES ('adq-4289', 'Davassa', 8742844126.7, 42423528.2);
INSERT INTO AstroSchema.Stars VALUES ('adq-4289', 'II', 'Davassa');
INSERT INTO AstroSchema.AstroObjects VALUES ('dme-1671', 'Davassa-0', 19233342956.6, 1485.7);
INSERT INTO AstroSchema.Planets VALUES ('dme-1671', 'Mini-Neptune', 'Terrestrial', (SELECT StarID FROM AstroSchema.Stars WHERE StarID = 'adq-4289'), (SELECT GalaxyName FROM AstroSchema.Systems, AstroSchema.Stars WHERE StarID = 'adq-4289' AND SystemName = InSystem));
INSERT INTO AstroSchema.AstroObjects VALUES ('glw-5489', 'Davassa-1', 45326544830.9, 636.0);
INSERT INTO AstroSchema.Planets VALUES ('glw-5489', 'Sub-Earth', 'Carbon', (SELECT StarID FROM AstroSchema.Stars WHERE StarID = 'adq-4289'), (SELECT GalaxyName FROM AstroSchema.Systems, AstroSchema.Stars WHERE StarID = 'adq-4289' AND SystemName = InSystem));
INSERT INTO AstroSchema.AstroObjects VALUES ('smx-4930', 'Davassa-2', 32819943315.2, 1361.4);
INSERT INTO AstroSchema.Planets VALUES ('smx-4930', 'Super-Earth', 'Carbon', (SELECT StarID FROM AstroSchema.Stars WHERE StarID = 'adq-4289'), (SELECT GalaxyName FROM AstroSchema.Systems, AstroSchema.Stars WHERE StarID = 'adq-4289' AND SystemName = InSystem));
INSERT INTO AstroSchema.AstroObjects VALUES ('tzg-1186', 'Davassa-3', 23145580767.5, 1232.4);
INSERT INTO AstroSchema.Planets VALUES ('tzg-1186', 'Ice Giant', 'Chtonian', (SELECT StarID FROM AstroSchema.Stars WHERE StarID = 'adq-4289'), (SELECT GalaxyName FROM AstroSchema.Systems, AstroSchema.Stars WHERE StarID = 'adq-4289' AND SystemName = InSystem));
INSERT INTO AstroSchema.Systems VALUES ('Ubliea', 'Trinary', (SELECT GalaxyName FROM AstroSchema.Galaxies WHERE GalaxyName = 'Small Magellanic Cloud'), (SELECT ConstellationName FROM AstroSchema.Galaxies WHERE GalaxyName = 'Small Magellanic Cloud'));
INSERT INTO AstroSchema.AstroObjects VALUES ('izn-6935', 'Ubliea-A', 22538479669.9, 22797740.4);
INSERT INTO AstroSchema.Stars VALUES ('izn-6935', 'Ia-O', 'Ubliea');
INSERT INTO AstroSchema.AstroObjects VALUES ('ewk-3242', 'Ubliea-A-0', 10676935220.9, 143.1);
INSERT INTO AstroSchema.Planets VALUES ('ewk-3242', 'Super-Earth', 'Ice', (SELECT StarID FROM AstroSchema.Stars WHERE StarID = 'izn-6935'), (SELECT GalaxyName FROM AstroSchema.Systems, AstroSchema.Stars WHERE StarID = 'izn-6935' AND SystemName = InSystem));
INSERT INTO AstroSchema.AstroObjects VALUES ('lqo-4440', 'Ubliea-B', 17790264907.2, 36778950.4);
INSERT INTO AstroSchema.Stars VALUES ('lqo-4440', 'II', 'Ubliea');
INSERT INTO AstroSchema.AstroObjects VALUES ('jfj-3935', 'Ubliea-B-0', 11953238803.4, 880.2);
INSERT INTO AstroSchema.Planets VALUES ('jfj-3935', 'Ice Giant', 'Silicate', (SELECT StarID FROM AstroSchema.Stars WHERE StarID = 'lqo-4440'), (SELECT GalaxyName FROM AstroSchema.Systems, AstroSchema.Stars WHERE StarID = 'lqo-4440' AND SystemName = InSystem));
INSERT INTO AstroSchema.AstroObjects VALUES ('kol-7127', 'Ubliea-C', 21783512626.8, 24909192.2);
INSERT INTO AstroSchema.Stars VALUES ('kol-7127', 'Ib', 'Ubliea');
INSERT INTO AstroSchema.AstroObjects VALUES ('ygn-3132', 'Ubliea-C-0', 29127797111.8, 151.7);
INSERT INTO AstroSchema.Planets VALUES ('ygn-3132', 'Ice Giant', 'Desert', (SELECT StarID FROM AstroSchema.Stars WHERE StarID = 'kol-7127'), (SELECT GalaxyName FROM AstroSchema.Systems, AstroSchema.Stars WHERE StarID = 'kol-7127' AND SystemName = InSystem));
INSERT INTO AstroSchema.AstroObjects VALUES ('vog-6803', 'Ubliea-C-1', 22336084634.4, 1158.8);
INSERT INTO AstroSchema.Planets VALUES ('vog-6803', 'Sub-Earth', 'Silicate', (SELECT StarID FROM AstroSchema.Stars WHERE StarID = 'kol-7127'), (SELECT GalaxyName FROM AstroSchema.Systems, AstroSchema.Stars WHERE StarID = 'kol-7127' AND SystemName = InSystem));
INSERT INTO AstroSchema.AstroObjects VALUES ('mtg-2358', 'Ubliea-C-2', 20845275436.8, 1302.1);
INSERT INTO AstroSchema.Planets VALUES ('mtg-2358', 'Ice Giant', 'Protoplanet', (SELECT StarID FROM AstroSchema.Stars WHERE StarID = 'kol-7127'), (SELECT GalaxyName FROM AstroSchema.Systems, AstroSchema.Stars WHERE StarID = 'kol-7127' AND SystemName = InSystem));
INSERT INTO AstroSchema.AstroObjects VALUES ('hmu-2751', 'Ubliea-C-3', 37793318843.9, 1447.2);
INSERT INTO AstroSchema.Planets VALUES ('hmu-2751', 'Super-Earth', 'Helium', (SELECT StarID FROM AstroSchema.Stars WHERE StarID = 'kol-7127'), (SELECT GalaxyName FROM AstroSchema.Systems, AstroSchema.Stars WHERE StarID = 'kol-7127' AND SystemName = InSystem));
INSERT INTO AstroSchema.AstroObjects VALUES ('tzz-1937', 'Ubliea-C-4', 10458662844.2, 438.4);
INSERT INTO AstroSchema.Planets VALUES ('tzz-1937', 'Gas Giant', 'Carbon', (SELECT StarID FROM AstroSchema.Stars WHERE StarID = 'kol-7127'), (SELECT GalaxyName FROM AstroSchema.Systems, AstroSchema.Stars WHERE StarID = 'kol-7127' AND SystemName = InSystem));
INSERT INTO AstroSchema.AstroObjects VALUES ('obv-8277', 'Ubliea-C-5', 12532233906.9, 673.6);
INSERT INTO AstroSchema.Planets VALUES ('obv-8277', 'Sub-Earth', 'Helium', (SELECT StarID FROM AstroSchema.Stars WHERE StarID = 'kol-7127'), (SELECT GalaxyName FROM AstroSchema.Systems, AstroSchema.Stars WHERE StarID = 'kol-7127' AND SystemName = InSystem));
INSERT INTO AstroSchema.AstroObjects VALUES ('dil-8119', 'Ubliea-C-6', 3397276052.6, 833.1);
INSERT INTO AstroSchema.Planets VALUES ('dil-8119', 'Gas Giant', 'Chtonian', (SELECT StarID FROM AstroSchema.Stars WHERE StarID = 'kol-7127'), (SELECT GalaxyName FROM AstroSchema.Systems, AstroSchema.Stars WHERE StarID = 'kol-7127' AND SystemName = InSystem));
INSERT INTO AstroSchema.AstroObjects VALUES ('uhv-7012', 'Ubliea-C-7', 12952719918.3, 1130.3);
INSERT INTO AstroSchema.Planets VALUES ('uhv-7012', 'Sub-Earth', 'Silicate', (SELECT StarID FROM AstroSchema.Stars WHERE StarID = 'kol-7127'), (SELECT GalaxyName FROM AstroSchema.Systems, AstroSchema.Stars WHERE StarID = 'kol-7127' AND SystemName = InSystem));
INSERT INTO AstroSchema.Systems VALUES ('Markaz', 'Quaternary', (SELECT GalaxyName FROM AstroSchema.Galaxies WHERE GalaxyName = 'Maffei 1'), NULL);
INSERT INTO AstroSchema.AstroObjects VALUES ('gtt-8868', 'Markaz-A', 34445779058.3, 2730108.3);
INSERT INTO AstroSchema.Stars VALUES ('gtt-8868', 'III', 'Markaz');
INSERT INTO AstroSchema.AstroObjects VALUES ('vzj-1484', 'Markaz-A-0', 513387758.7, 1021.0);
INSERT INTO AstroSchema.Planets VALUES ('vzj-1484', 'Sub-Earth', 'Silicate', (SELECT StarID FROM AstroSchema.Stars WHERE StarID = 'gtt-8868'), (SELECT GalaxyName FROM AstroSchema.Systems, AstroSchema.Stars WHERE StarID = 'gtt-8868' AND SystemName = InSystem));
INSERT INTO AstroSchema.AstroObjects VALUES ('ied-2009', 'Markaz-B', 10469461209.6, 10214054.1);
INSERT INTO AstroSchema.Stars VALUES ('ied-2009', 'Ia', 'Markaz');
INSERT INTO AstroSchema.AstroObjects VALUES ('pgu-9380', 'Markaz-B-0', 18773261170.2, 722.6);
INSERT INTO AstroSchema.Planets VALUES ('pgu-9380', 'Super-Earth', 'Desert', (SELECT StarID FROM AstroSchema.Stars WHERE StarID = 'ied-2009'), (SELECT GalaxyName FROM AstroSchema.Systems, AstroSchema.Stars WHERE StarID = 'ied-2009' AND SystemName = InSystem));
INSERT INTO AstroSchema.AstroObjects VALUES ('iin-4037', 'Markaz-C', 42325436779.9, 68189187.5);
INSERT INTO AstroSchema.Stars VALUES ('iin-4037', 'V', 'Markaz');
INSERT INTO AstroSchema.AstroObjects VALUES ('wdt-6147', 'Markaz-D', 15926740592.4, 19844577.5);
INSERT INTO AstroSchema.Stars VALUES ('wdt-6147', 'VI', 'Markaz');
INSERT INTO AstroSchema.Systems VALUES ('Shaula', 'Mono', (SELECT GalaxyName FROM AstroSchema.Galaxies WHERE GalaxyName = 'IC 1613'), (SELECT ConstellationName FROM AstroSchema.Galaxies WHERE GalaxyName = 'IC 1613'));
INSERT INTO AstroSchema.AstroObjects VALUES ('xqj-4505', 'Shaula', 24150564167.6, 46163071.6);
INSERT INTO AstroSchema.Stars VALUES ('xqj-4505', 'Ia-O', 'Shaula');
INSERT INTO AstroSchema.AstroObjects VALUES ('yii-1135', 'Shaula-0', 22084520991.1, 967.4);
INSERT INTO AstroSchema.Planets VALUES ('yii-1135', 'Ice Giant', 'Carbon', (SELECT StarID FROM AstroSchema.Stars WHERE StarID = 'xqj-4505'), (SELECT GalaxyName FROM AstroSchema.Systems, AstroSchema.Stars WHERE StarID = 'xqj-4505' AND SystemName = InSystem));
INSERT INTO AstroSchema.AstroObjects VALUES ('raj-4181', 'Shaula-1', 25991867429.8, 179.0);
INSERT INTO AstroSchema.Planets VALUES ('raj-4181', 'Super-Earth', 'Chtonian', (SELECT StarID FROM AstroSchema.Stars WHERE StarID = 'xqj-4505'), (SELECT GalaxyName FROM AstroSchema.Systems, AstroSchema.Stars WHERE StarID = 'xqj-4505' AND SystemName = InSystem));
INSERT INTO AstroSchema.AstroObjects VALUES ('kpv-6433', 'Shaula-2', 22613082361.2, 59.4);
INSERT INTO AstroSchema.Planets VALUES ('kpv-6433', 'Sub-Earth', 'Ice', (SELECT StarID FROM AstroSchema.Stars WHERE StarID = 'xqj-4505'), (SELECT GalaxyName FROM AstroSchema.Systems, AstroSchema.Stars WHERE StarID = 'xqj-4505' AND SystemName = InSystem));
INSERT INTO AstroSchema.AstroObjects VALUES ('aqz-9622', 'Shaula-3', 8876966073.6, 990.5);
INSERT INTO AstroSchema.Planets VALUES ('aqz-9622', 'Gas Giant', 'Ocean', (SELECT StarID FROM AstroSchema.Stars WHERE StarID = 'xqj-4505'), (SELECT GalaxyName FROM AstroSchema.Systems, AstroSchema.Stars WHERE StarID = 'xqj-4505' AND SystemName = InSystem));
INSERT INTO AstroSchema.Systems VALUES ('Rabinoc', 'Binary', NULL, (SELECT ConstellationName FROM AstroSchema.Constellations WHERE ConstellationName = 'Crux'));
INSERT INTO AstroSchema.AstroObjects VALUES ('akk-5235', 'Rabinoc-A', 26672043270.6, 88846071.7);
INSERT INTO AstroSchema.Stars VALUES ('akk-5235', 'Ia', 'Rabinoc');
INSERT INTO AstroSchema.AstroObjects VALUES ('rml-5399', 'Rabinoc-A-0', 6246527351.1, 1075.9);
INSERT INTO AstroSchema.Planets VALUES ('rml-5399', 'Sub-Earth', 'Terrestrial', (SELECT StarID FROM AstroSchema.Stars WHERE StarID = 'akk-5235'), (SELECT GalaxyName FROM AstroSchema.Systems, AstroSchema.Stars WHERE StarID = 'akk-5235' AND SystemName = InSystem));
INSERT INTO AstroSchema.AstroObjects VALUES ('ryn-3435', 'Rabinoc-A-1', 38818520472.6, 932.0);
INSERT INTO AstroSchema.Planets VALUES ('ryn-3435', 'Super-Jupiter', 'Carbon', (SELECT StarID FROM AstroSchema.Stars WHERE StarID = 'akk-5235'), (SELECT GalaxyName FROM AstroSchema.Systems, AstroSchema.Stars WHERE StarID = 'akk-5235' AND SystemName = InSystem));
INSERT INTO AstroSchema.AstroObjects VALUES ('xxd-7466', 'Rabinoc-A-2', 29589721498.6, 711.3);
INSERT INTO AstroSchema.Planets VALUES ('xxd-7466', 'Super-Jupiter', 'Chtonian', (SELECT StarID FROM AstroSchema.Stars WHERE StarID = 'akk-5235'), (SELECT GalaxyName FROM AstroSchema.Systems, AstroSchema.Stars WHERE StarID = 'akk-5235' AND SystemName = InSystem));
INSERT INTO AstroSchema.AstroObjects VALUES ('iiu-1029', 'Rabinoc-B', 33576627694.8, 71265864.2);
INSERT INTO AstroSchema.Stars VALUES ('iiu-1029', 'D', 'Rabinoc');
INSERT INTO AstroSchema.AstroObjects VALUES ('olr-4170', 'Rabinoc-B-0', 30061004221.5, 1415.7);
INSERT INTO AstroSchema.Planets VALUES ('olr-4170', 'Gas Giant', 'Puffy', (SELECT StarID FROM AstroSchema.Stars WHERE StarID = 'iiu-1029'), (SELECT GalaxyName FROM AstroSchema.Systems, AstroSchema.Stars WHERE StarID = 'iiu-1029' AND SystemName = InSystem));
INSERT INTO AstroSchema.Systems VALUES ('Il Ya', 'Mono', (SELECT GalaxyName FROM AstroSchema.Galaxies WHERE GalaxyName = 'Large Magellanic Cloud'), (SELECT ConstellationName FROM AstroSchema.Galaxies WHERE GalaxyName = 'Large Magellanic Cloud'));
INSERT INTO AstroSchema.AstroObjects VALUES ('cld-4233', 'Il Ya', 22144111742.7, 47720962.1);
INSERT INTO AstroSchema.Stars VALUES ('cld-4233', 'Ib', 'Il Ya');
INSERT INTO AstroSchema.AstroObjects VALUES ('sys-1612', 'Il Ya-0', 40671190810.9, 1358.5);
INSERT INTO AstroSchema.Planets VALUES ('sys-1612', 'Sub-Earth', 'Silicate', (SELECT StarID FROM AstroSchema.Stars WHERE StarID = 'cld-4233'), (SELECT GalaxyName FROM AstroSchema.Systems, AstroSchema.Stars WHERE StarID = 'cld-4233' AND SystemName = InSystem));
INSERT INTO AstroSchema.AstroObjects VALUES ('nio-4539', 'Il Ya-1', 15702955307.3, 45.5);
INSERT INTO AstroSchema.Planets VALUES ('nio-4539', 'Gas Giant', 'Terrestrial', (SELECT StarID FROM AstroSchema.Stars WHERE StarID = 'cld-4233'), (SELECT GalaxyName FROM AstroSchema.Systems, AstroSchema.Stars WHERE StarID = 'cld-4233' AND SystemName = InSystem));
INSERT INTO AstroSchema.AstroObjects VALUES ('hya-8067', 'Il Ya-2', 21552432736.0, 262.6);
INSERT INTO AstroSchema.Planets VALUES ('hya-8067', 'Gas Giant', 'Gas dwarf', (SELECT StarID FROM AstroSchema.Stars WHERE StarID = 'cld-4233'), (SELECT GalaxyName FROM AstroSchema.Systems, AstroSchema.Stars WHERE StarID = 'cld-4233' AND SystemName = InSystem));
INSERT INTO AstroSchema.Systems VALUES ('Japhon', 'Binary', (SELECT GalaxyName FROM AstroSchema.Galaxies WHERE GalaxyName = 'Andromeda'), (SELECT ConstellationName FROM AstroSchema.Galaxies WHERE GalaxyName = 'Andromeda'));
INSERT INTO AstroSchema.AstroObjects VALUES ('xml-9933', 'Japhon-A', 24702570490.2, 69204090.9);
INSERT INTO AstroSchema.Stars VALUES ('xml-9933', 'IV', 'Japhon');
INSERT INTO AstroSchema.AstroObjects VALUES ('vxo-3666', 'Japhon-B', 21621489882.5, 48682180.2);
INSERT INTO AstroSchema.Stars VALUES ('vxo-3666', 'II', 'Japhon');
INSERT INTO AstroSchema.AstroObjects VALUES ('mcf-7456', 'Japhon-B-0', 20145239967.9, 793.4);
INSERT INTO AstroSchema.Planets VALUES ('mcf-7456', 'Super-Jupiter', 'Ocean', (SELECT StarID FROM AstroSchema.Stars WHERE StarID = 'vxo-3666'), (SELECT GalaxyName FROM AstroSchema.Systems, AstroSchema.Stars WHERE StarID = 'vxo-3666' AND SystemName = InSystem));
INSERT INTO AstroSchema.AstroObjects VALUES ('rhx-5022', 'Japhon-B-1', 38428905146.0, 698.9);
INSERT INTO AstroSchema.Planets VALUES ('rhx-5022', 'Mini-Neptune', 'Terrestrial', (SELECT StarID FROM AstroSchema.Stars WHERE StarID = 'vxo-3666'), (SELECT GalaxyName FROM AstroSchema.Systems, AstroSchema.Stars WHERE StarID = 'vxo-3666' AND SystemName = InSystem));
INSERT INTO AstroSchema.AstroObjects VALUES ('lzs-3324', 'Japhon-B-2', 36400712983.9, 1480.6);
INSERT INTO AstroSchema.Planets VALUES ('lzs-3324', 'Sub-Earth', 'Carbon', (SELECT StarID FROM AstroSchema.Stars WHERE StarID = 'vxo-3666'), (SELECT GalaxyName FROM AstroSchema.Systems, AstroSchema.Stars WHERE StarID = 'vxo-3666' AND SystemName = InSystem));
INSERT INTO AstroSchema.AstroObjects VALUES ('gdk-5784', 'Japhon-B-3', 35537011016.5, 956.2);
INSERT INTO AstroSchema.Planets VALUES ('gdk-5784', 'Super-Jupiter', 'Gas dwarf', (SELECT StarID FROM AstroSchema.Stars WHERE StarID = 'vxo-3666'), (SELECT GalaxyName FROM AstroSchema.Systems, AstroSchema.Stars WHERE StarID = 'vxo-3666' AND SystemName = InSystem));
INSERT INTO AstroSchema.Systems VALUES ('Adar', 'Trinary', (SELECT GalaxyName FROM AstroSchema.Galaxies WHERE GalaxyName = 'Segue 1'), (SELECT ConstellationName FROM AstroSchema.Galaxies WHERE GalaxyName = 'Segue 1'));
INSERT INTO AstroSchema.AstroObjects VALUES ('mqk-3689', 'Adar-A', 4564612220.6, 72214007.7);
INSERT INTO AstroSchema.Stars VALUES ('mqk-3689', 'D', 'Adar');
INSERT INTO AstroSchema.AstroObjects VALUES ('var-7145', 'Adar-A-0', 17028469971.7, 695.6);
INSERT INTO AstroSchema.Planets VALUES ('var-7145', 'Super-Jupiter', 'Chtonian', (SELECT StarID FROM AstroSchema.Stars WHERE StarID = 'mqk-3689'), (SELECT GalaxyName FROM AstroSchema.Systems, AstroSchema.Stars WHERE StarID = 'mqk-3689' AND SystemName = InSystem));
INSERT INTO AstroSchema.AstroObjects VALUES ('ruu-8950', 'Adar-A-1', 44061937179.1, 997.1);
INSERT INTO AstroSchema.Planets VALUES ('ruu-8950', 'Super-Jupiter', 'Ice', (SELECT StarID FROM AstroSchema.Stars WHERE StarID = 'mqk-3689'), (SELECT GalaxyName FROM AstroSchema.Systems, AstroSchema.Stars WHERE StarID = 'mqk-3689' AND SystemName = InSystem));
INSERT INTO AstroSchema.AstroObjects VALUES ('jmy-5423', 'Adar-A-2', 8938198736.2, 1384.1);
INSERT INTO AstroSchema.Planets VALUES ('jmy-5423', 'Mini-Neptune', 'Helium', (SELECT StarID FROM AstroSchema.Stars WHERE StarID = 'mqk-3689'), (SELECT GalaxyName FROM AstroSchema.Systems, AstroSchema.Stars WHERE StarID = 'mqk-3689' AND SystemName = InSystem));
INSERT INTO AstroSchema.AstroObjects VALUES ('fvu-1592', 'Adar-A-3', 2808733291.1, 626.7);
INSERT INTO AstroSchema.Planets VALUES ('fvu-1592', 'Super-Earth', 'Helium', (SELECT StarID FROM AstroSchema.Stars WHERE StarID = 'mqk-3689'), (SELECT GalaxyName FROM AstroSchema.Systems, AstroSchema.Stars WHERE StarID = 'mqk-3689' AND SystemName = InSystem));
INSERT INTO AstroSchema.AstroObjects VALUES ('ipg-4091', 'Adar-A-4', 583136505.6, 1479.1);
INSERT INTO AstroSchema.Planets VALUES ('ipg-4091', 'Super-Jupiter', 'Ocean', (SELECT StarID FROM AstroSchema.Stars WHERE StarID = 'mqk-3689'), (SELECT GalaxyName FROM AstroSchema.Systems, AstroSchema.Stars WHERE StarID = 'mqk-3689' AND SystemName = InSystem));
INSERT INTO AstroSchema.AstroObjects VALUES ('lcq-1529', 'Adar-B', 25334903378.0, 91481435.8);
INSERT INTO AstroSchema.Stars VALUES ('lcq-1529', 'D', 'Adar');
INSERT INTO AstroSchema.AstroObjects VALUES ('evv-5783', 'Adar-C', 17847389339.9, 77663805.0);
INSERT INTO AstroSchema.Stars VALUES ('evv-5783', 'Ib', 'Adar');
INSERT INTO AstroSchema.AstroObjects VALUES ('fea-5611', 'Adar-C-0', 14791252374.5, 138.5);
INSERT INTO AstroSchema.Planets VALUES ('fea-5611', 'Sub-Earth', 'Gas dwarf', (SELECT StarID FROM AstroSchema.Stars WHERE StarID = 'evv-5783'), (SELECT GalaxyName FROM AstroSchema.Systems, AstroSchema.Stars WHERE StarID = 'evv-5783' AND SystemName = InSystem));
INSERT INTO AstroSchema.AstroObjects VALUES ('xny-8831', 'Adar-C-1', 20750126026.6, 68.8);
INSERT INTO AstroSchema.Planets VALUES ('xny-8831', 'Sub-Earth', 'Protoplanet', (SELECT StarID FROM AstroSchema.Stars WHERE StarID = 'evv-5783'), (SELECT GalaxyName FROM AstroSchema.Systems, AstroSchema.Stars WHERE StarID = 'evv-5783' AND SystemName = InSystem));
INSERT INTO AstroSchema.AstroObjects VALUES ('okm-6230', 'Adar-C-2', 25914698990.9, 93.5);
INSERT INTO AstroSchema.Planets VALUES ('okm-6230', 'Super-Jupiter', 'Carbon', (SELECT StarID FROM AstroSchema.Stars WHERE StarID = 'evv-5783'), (SELECT GalaxyName FROM AstroSchema.Systems, AstroSchema.Stars WHERE StarID = 'evv-5783' AND SystemName = InSystem));
INSERT INTO AstroSchema.AstroObjects VALUES ('idq-8287', 'Adar-C-3', 40852439134.0, 1448.5);
INSERT INTO AstroSchema.Planets VALUES ('idq-8287', 'Super-Earth', 'Protoplanet', (SELECT StarID FROM AstroSchema.Stars WHERE StarID = 'evv-5783'), (SELECT GalaxyName FROM AstroSchema.Systems, AstroSchema.Stars WHERE StarID = 'evv-5783' AND SystemName = InSystem));
INSERT INTO AstroSchema.AstroObjects VALUES ('rpb-2112', 'Adar-C-4', 34143889190.5, 505.3);
INSERT INTO AstroSchema.Planets VALUES ('rpb-2112', 'Ice Giant', 'Coreless', (SELECT StarID FROM AstroSchema.Stars WHERE StarID = 'evv-5783'), (SELECT GalaxyName FROM AstroSchema.Systems, AstroSchema.Stars WHERE StarID = 'evv-5783' AND SystemName = InSystem));
INSERT INTO AstroSchema.AstroObjects VALUES ('ypc-9518', 'Adar-C-5', 37273082345.3, 1242.9);
INSERT INTO AstroSchema.Planets VALUES ('ypc-9518', 'Sub-Earth', 'Desert', (SELECT StarID FROM AstroSchema.Stars WHERE StarID = 'evv-5783'), (SELECT GalaxyName FROM AstroSchema.Systems, AstroSchema.Stars WHERE StarID = 'evv-5783' AND SystemName = InSystem));
INSERT INTO AstroSchema.AstroObjects VALUES ('dkm-1998', 'Adar-C-6', 40092450939.9, 946.8);
INSERT INTO AstroSchema.Planets VALUES ('dkm-1998', 'Sub-Earth', 'Desert', (SELECT StarID FROM AstroSchema.Stars WHERE StarID = 'evv-5783'), (SELECT GalaxyName FROM AstroSchema.Systems, AstroSchema.Stars WHERE StarID = 'evv-5783' AND SystemName = InSystem));
INSERT INTO AstroSchema.AstroObjects VALUES ('pmj-2498', 'Adar-C-7', 36459657354.8, 236.1);
INSERT INTO AstroSchema.Planets VALUES ('pmj-2498', 'Ice Giant', 'Coreless', (SELECT StarID FROM AstroSchema.Stars WHERE StarID = 'evv-5783'), (SELECT GalaxyName FROM AstroSchema.Systems, AstroSchema.Stars WHERE StarID = 'evv-5783' AND SystemName = InSystem));
INSERT INTO AstroSchema.Systems VALUES ('Edemar', 'Binary', (SELECT GalaxyName FROM AstroSchema.Galaxies WHERE GalaxyName = 'Fornax Dwarf'), (SELECT ConstellationName FROM AstroSchema.Galaxies WHERE GalaxyName = 'Fornax Dwarf'));
INSERT INTO AstroSchema.AstroObjects VALUES ('zwf-2275', 'Edemar-A', 22720145838.8, 20310266.3);
INSERT INTO AstroSchema.Stars VALUES ('zwf-2275', 'VI', 'Edemar');
INSERT INTO AstroSchema.AstroObjects VALUES ('cye-5601', 'Edemar-A-0', 24153072561.9, 926.1);
INSERT INTO AstroSchema.Planets VALUES ('cye-5601', 'Sub-Earth', 'Puffy', (SELECT StarID FROM AstroSchema.Stars WHERE StarID = 'zwf-2275'), (SELECT GalaxyName FROM AstroSchema.Systems, AstroSchema.Stars WHERE StarID = 'zwf-2275' AND SystemName = InSystem));
INSERT INTO AstroSchema.AstroObjects VALUES ('gua-1459', 'Edemar-A-1', 28340425782.4, 787.3);
INSERT INTO AstroSchema.Planets VALUES ('gua-1459', 'Sub-Earth', 'Desert', (SELECT StarID FROM AstroSchema.Stars WHERE StarID = 'zwf-2275'), (SELECT GalaxyName FROM AstroSchema.Systems, AstroSchema.Stars WHERE StarID = 'zwf-2275' AND SystemName = InSystem));
INSERT INTO AstroSchema.AstroObjects VALUES ('vmc-7984', 'Edemar-A-2', 30436602318.6, 1052.4);
INSERT INTO AstroSchema.Planets VALUES ('vmc-7984', 'Ice Giant', 'Ice', (SELECT StarID FROM AstroSchema.Stars WHERE StarID = 'zwf-2275'), (SELECT GalaxyName FROM AstroSchema.Systems, AstroSchema.Stars WHERE StarID = 'zwf-2275' AND SystemName = InSystem));
INSERT INTO AstroSchema.AstroObjects VALUES ('xxw-6804', 'Edemar-A-3', 13853435945.5, 1473.6);
INSERT INTO AstroSchema.Planets VALUES ('xxw-6804', 'Sub-Earth', 'Ice', (SELECT StarID FROM AstroSchema.Stars WHERE StarID = 'zwf-2275'), (SELECT GalaxyName FROM AstroSchema.Systems, AstroSchema.Stars WHERE StarID = 'zwf-2275' AND SystemName = InSystem));
INSERT INTO AstroSchema.AstroObjects VALUES ('lls-5166', 'Edemar-B', 13926304033.2, 4342607.8);
INSERT INTO AstroSchema.Stars VALUES ('lls-5166', 'VI', 'Edemar');
INSERT INTO AstroSchema.Systems VALUES ('Hiann', 'Multiple', (SELECT GalaxyName FROM AstroSchema.Galaxies WHERE GalaxyName = 'Leo I'), (SELECT ConstellationName FROM AstroSchema.Galaxies WHERE GalaxyName = 'Leo I'));
INSERT INTO AstroSchema.AstroObjects VALUES ('ybq-3875', 'Hiann-A', 10023246646.0, 58497299.4);
INSERT INTO AstroSchema.Stars VALUES ('ybq-3875', 'II', 'Hiann');
INSERT INTO AstroSchema.AstroObjects VALUES ('nwf-4210', 'Hiann-A-0', 4285212650.1, 471.6);
INSERT INTO AstroSchema.Planets VALUES ('nwf-4210', 'Sub-Earth', 'Silicate', (SELECT StarID FROM AstroSchema.Stars WHERE StarID = 'ybq-3875'), (SELECT GalaxyName FROM AstroSchema.Systems, AstroSchema.Stars WHERE StarID = 'ybq-3875' AND SystemName = InSystem));
INSERT INTO AstroSchema.AstroObjects VALUES ('acb-6146', 'Hiann-A-1', 30680794937.2, 733.6);
INSERT INTO AstroSchema.Planets VALUES ('acb-6146', 'Super-Jupiter', 'Gas dwarf', (SELECT StarID FROM AstroSchema.Stars WHERE StarID = 'ybq-3875'), (SELECT GalaxyName FROM AstroSchema.Systems, AstroSchema.Stars WHERE StarID = 'ybq-3875' AND SystemName = InSystem));
INSERT INTO AstroSchema.AstroObjects VALUES ('iav-3331', 'Hiann-B', 31684686555.4, 69117739.5);
INSERT INTO AstroSchema.Stars VALUES ('iav-3331', 'Ia-O', 'Hiann');
INSERT INTO AstroSchema.AstroObjects VALUES ('foz-3279', 'Hiann-C', 42949494707.8, 23657653.6);
INSERT INTO AstroSchema.Stars VALUES ('foz-3279', 'IV', 'Hiann');
INSERT INTO AstroSchema.AstroObjects VALUES ('alw-6735', 'Hiann-C-0', 26603208683.2, 7.0);
INSERT INTO AstroSchema.Planets VALUES ('alw-6735', 'Super-Earth', 'Chtonian', (SELECT StarID FROM AstroSchema.Stars WHERE StarID = 'foz-3279'), (SELECT GalaxyName FROM AstroSchema.Systems, AstroSchema.Stars WHERE StarID = 'foz-3279' AND SystemName = InSystem));
INSERT INTO AstroSchema.AstroObjects VALUES ('mjm-7994', 'Hiann-C-1', 27757758529.2, 730.2);
INSERT INTO AstroSchema.Planets VALUES ('mjm-7994', 'Gas Giant', 'Protoplanet', (SELECT StarID FROM AstroSchema.Stars WHERE StarID = 'foz-3279'), (SELECT GalaxyName FROM AstroSchema.Systems, AstroSchema.Stars WHERE StarID = 'foz-3279' AND SystemName = InSystem));
INSERT INTO AstroSchema.AstroObjects VALUES ('kff-7806', 'Hiann-C-2', 31950107538.9, 315.5);
INSERT INTO AstroSchema.Planets VALUES ('kff-7806', 'Ice Giant', 'Ocean', (SELECT StarID FROM AstroSchema.Stars WHERE StarID = 'foz-3279'), (SELECT GalaxyName FROM AstroSchema.Systems, AstroSchema.Stars WHERE StarID = 'foz-3279' AND SystemName = InSystem));
INSERT INTO AstroSchema.AstroObjects VALUES ('jiu-9336', 'Hiann-C-3', 40671049878.8, 291.2);
INSERT INTO AstroSchema.Planets VALUES ('jiu-9336', 'Sub-Earth', 'Silicate', (SELECT StarID FROM AstroSchema.Stars WHERE StarID = 'foz-3279'), (SELECT GalaxyName FROM AstroSchema.Systems, AstroSchema.Stars WHERE StarID = 'foz-3279' AND SystemName = InSystem));
INSERT INTO AstroSchema.AstroObjects VALUES ('uvb-6891', 'Hiann-C-4', 14460419675.8, 627.5);
INSERT INTO AstroSchema.Planets VALUES ('uvb-6891', 'Super-Earth', 'Carbon', (SELECT StarID FROM AstroSchema.Stars WHERE StarID = 'foz-3279'), (SELECT GalaxyName FROM AstroSchema.Systems, AstroSchema.Stars WHERE StarID = 'foz-3279' AND SystemName = InSystem));
INSERT INTO AstroSchema.AstroObjects VALUES ('nfn-2870', 'Hiann-C-5', 20913276664.3, 680.7);
INSERT INTO AstroSchema.Planets VALUES ('nfn-2870', 'Ice Giant', 'Silicate', (SELECT StarID FROM AstroSchema.Stars WHERE StarID = 'foz-3279'), (SELECT GalaxyName FROM AstroSchema.Systems, AstroSchema.Stars WHERE StarID = 'foz-3279' AND SystemName = InSystem));
INSERT INTO AstroSchema.AstroObjects VALUES ('vjf-1763', 'Hiann-C-6', 9151899913.9, 497.7);
INSERT INTO AstroSchema.Planets VALUES ('vjf-1763', 'Gas Giant', 'Desert', (SELECT StarID FROM AstroSchema.Stars WHERE StarID = 'foz-3279'), (SELECT GalaxyName FROM AstroSchema.Systems, AstroSchema.Stars WHERE StarID = 'foz-3279' AND SystemName = InSystem));
INSERT INTO AstroSchema.AstroObjects VALUES ('foc-4696', 'Hiann-C-7', 39662213378.8, 1311.3);
INSERT INTO AstroSchema.Planets VALUES ('foc-4696', 'Super-Earth', 'Desert', (SELECT StarID FROM AstroSchema.Stars WHERE StarID = 'foz-3279'), (SELECT GalaxyName FROM AstroSchema.Systems, AstroSchema.Stars WHERE StarID = 'foz-3279' AND SystemName = InSystem));
INSERT INTO AstroSchema.AstroObjects VALUES ('fal-2492', 'Hiann-C-8', 8553049453.6, 330.3);
INSERT INTO AstroSchema.Planets VALUES ('fal-2492', 'Mini-Neptune', 'Gas dwarf', (SELECT StarID FROM AstroSchema.Stars WHERE StarID = 'foz-3279'), (SELECT GalaxyName FROM AstroSchema.Systems, AstroSchema.Stars WHERE StarID = 'foz-3279' AND SystemName = InSystem));
INSERT INTO AstroSchema.AstroObjects VALUES ('cjw-5050', 'Hiann-C-9', 33685090788.6, 945.2);
INSERT INTO AstroSchema.Planets VALUES ('cjw-5050', 'Ice Giant', 'Protoplanet', (SELECT StarID FROM AstroSchema.Stars WHERE StarID = 'foz-3279'), (SELECT GalaxyName FROM AstroSchema.Systems, AstroSchema.Stars WHERE StarID = 'foz-3279' AND SystemName = InSystem));
INSERT INTO AstroSchema.AstroObjects VALUES ('kuc-6234', 'Hiann-D', 37581120661.1, 23783354.1);
INSERT INTO AstroSchema.Stars VALUES ('kuc-6234', 'V', 'Hiann');
INSERT INTO AstroSchema.AstroObjects VALUES ('efl-3220', 'Hiann-D-0', 6136293427.8, 146.9);
INSERT INTO AstroSchema.Planets VALUES ('efl-3220', 'Super-Jupiter', 'Desert', (SELECT StarID FROM AstroSchema.Stars WHERE StarID = 'kuc-6234'), (SELECT GalaxyName FROM AstroSchema.Systems, AstroSchema.Stars WHERE StarID = 'kuc-6234' AND SystemName = InSystem));
INSERT INTO AstroSchema.Systems VALUES ('Cederka', 'Mono', (SELECT GalaxyName FROM AstroSchema.Galaxies WHERE GalaxyName = 'Leo I'), (SELECT ConstellationName FROM AstroSchema.Galaxies WHERE GalaxyName = 'Leo I'));
INSERT INTO AstroSchema.AstroObjects VALUES ('oky-3442', 'Cederka', 30524189088.4, 6954253.4);
INSERT INTO AstroSchema.Stars VALUES ('oky-3442', 'IV', 'Cederka');
INSERT INTO AstroSchema.AstroObjects VALUES ('lyz-7000', 'Cederka-0', 40740231607.8, 1484.4);
INSERT INTO AstroSchema.Planets VALUES ('lyz-7000', 'Ice Giant', 'Desert', (SELECT StarID FROM AstroSchema.Stars WHERE StarID = 'oky-3442'), (SELECT GalaxyName FROM AstroSchema.Systems, AstroSchema.Stars WHERE StarID = 'oky-3442' AND SystemName = InSystem));
INSERT INTO AstroSchema.Systems VALUES ('Meredith', 'Binary', (SELECT GalaxyName FROM AstroSchema.Galaxies WHERE GalaxyName = 'Triangulum'), (SELECT ConstellationName FROM AstroSchema.Galaxies WHERE GalaxyName = 'Triangulum'));
INSERT INTO AstroSchema.AstroObjects VALUES ('nvg-5855', 'Meredith-A', 15204695232.6, 6580391.3);
INSERT INTO AstroSchema.Stars VALUES ('nvg-5855', 'IV', 'Meredith');
INSERT INTO AstroSchema.AstroObjects VALUES ('fmr-6766', 'Meredith-A-0', 35819511946.7, 380.1);
INSERT INTO AstroSchema.Planets VALUES ('fmr-6766', 'Gas Giant', 'Gas giant', (SELECT StarID FROM AstroSchema.Stars WHERE StarID = 'nvg-5855'), (SELECT GalaxyName FROM AstroSchema.Systems, AstroSchema.Stars WHERE StarID = 'nvg-5855' AND SystemName = InSystem));
INSERT INTO AstroSchema.AstroObjects VALUES ('dyw-4231', 'Meredith-A-1', 42502629475.0, 85.8);
INSERT INTO AstroSchema.Planets VALUES ('dyw-4231', 'Gas Giant', 'Helium', (SELECT StarID FROM AstroSchema.Stars WHERE StarID = 'nvg-5855'), (SELECT GalaxyName FROM AstroSchema.Systems, AstroSchema.Stars WHERE StarID = 'nvg-5855' AND SystemName = InSystem));
INSERT INTO AstroSchema.AstroObjects VALUES ('mcs-4663', 'Meredith-A-2', 43431343279.2, 350.1);
INSERT INTO AstroSchema.Planets VALUES ('mcs-4663', 'Sub-Earth', 'Gas giant', (SELECT StarID FROM AstroSchema.Stars WHERE StarID = 'nvg-5855'), (SELECT GalaxyName FROM AstroSchema.Systems, AstroSchema.Stars WHERE StarID = 'nvg-5855' AND SystemName = InSystem));
INSERT INTO AstroSchema.AstroObjects VALUES ('lwv-4798', 'Meredith-A-3', 10976109351.2, 1489.0);
INSERT INTO AstroSchema.Planets VALUES ('lwv-4798', 'Mini-Neptune', 'Carbon', (SELECT StarID FROM AstroSchema.Stars WHERE StarID = 'nvg-5855'), (SELECT GalaxyName FROM AstroSchema.Systems, AstroSchema.Stars WHERE StarID = 'nvg-5855' AND SystemName = InSystem));
INSERT INTO AstroSchema.AstroObjects VALUES ('dac-8892', 'Meredith-A-4', 22237466918.4, 123.4);
INSERT INTO AstroSchema.Planets VALUES ('dac-8892', 'Gas Giant', 'Terrestrial', (SELECT StarID FROM AstroSchema.Stars WHERE StarID = 'nvg-5855'), (SELECT GalaxyName FROM AstroSchema.Systems, AstroSchema.Stars WHERE StarID = 'nvg-5855' AND SystemName = InSystem));
INSERT INTO AstroSchema.AstroObjects VALUES ('yye-9311', 'Meredith-B', 5237302124.6, 28005008.3);
INSERT INTO AstroSchema.Stars VALUES ('yye-9311', 'III', 'Meredith');
INSERT INTO AstroSchema.Systems VALUES ('Tuban', 'Trinary', (SELECT GalaxyName FROM AstroSchema.Galaxies WHERE GalaxyName = 'Milky Way'), (SELECT ConstellationName FROM AstroSchema.Galaxies WHERE GalaxyName = 'Milky Way'));
INSERT INTO AstroSchema.AstroObjects VALUES ('beh-6427', 'Tuban-A', 29238791025.0, 3074444.7);
INSERT INTO AstroSchema.Stars VALUES ('beh-6427', 'II', 'Tuban');
INSERT INTO AstroSchema.AstroObjects VALUES ('mia-8994', 'Tuban-A-0', 9322984815.3, 1214.0);
INSERT INTO AstroSchema.Planets VALUES ('mia-8994', 'Sub-Earth', 'Hycean', (SELECT StarID FROM AstroSchema.Stars WHERE StarID = 'beh-6427'), (SELECT GalaxyName FROM AstroSchema.Systems, AstroSchema.Stars WHERE StarID = 'beh-6427' AND SystemName = InSystem));
INSERT INTO AstroSchema.AstroObjects VALUES ('env-8284', 'Tuban-A-1', 12352306157.9, 1238.2);
INSERT INTO AstroSchema.Planets VALUES ('env-8284', 'Gas Giant', 'Gas dwarf', (SELECT StarID FROM AstroSchema.Stars WHERE StarID = 'beh-6427'), (SELECT GalaxyName FROM AstroSchema.Systems, AstroSchema.Stars WHERE StarID = 'beh-6427' AND SystemName = InSystem));
INSERT INTO AstroSchema.AstroObjects VALUES ('yqp-3745', 'Tuban-A-2', 11415879058.2, 1134.5);
INSERT INTO AstroSchema.Planets VALUES ('yqp-3745', 'Gas Giant', 'Terrestrial', (SELECT StarID FROM AstroSchema.Stars WHERE StarID = 'beh-6427'), (SELECT GalaxyName FROM AstroSchema.Systems, AstroSchema.Stars WHERE StarID = 'beh-6427' AND SystemName = InSystem));
INSERT INTO AstroSchema.AstroObjects VALUES ('ibh-1206', 'Tuban-B', 39959211613.6, 1161493.9);
INSERT INTO AstroSchema.Stars VALUES ('ibh-1206', 'II', 'Tuban');
INSERT INTO AstroSchema.AstroObjects VALUES ('tcv-8763', 'Tuban-C', 19540810454.7, 74600055.9);
INSERT INTO AstroSchema.Stars VALUES ('tcv-8763', 'D', 'Tuban');
INSERT INTO AstroSchema.AstroObjects VALUES ('ofu-5274', 'Tuban-C-0', 2748830423.6, 721.9);
INSERT INTO AstroSchema.Planets VALUES ('ofu-5274', 'Ice Giant', 'Desert', (SELECT StarID FROM AstroSchema.Stars WHERE StarID = 'tcv-8763'), (SELECT GalaxyName FROM AstroSchema.Systems, AstroSchema.Stars WHERE StarID = 'tcv-8763' AND SystemName = InSystem));
INSERT INTO AstroSchema.Systems VALUES ('Damia', 'Binary', (SELECT GalaxyName FROM AstroSchema.Galaxies WHERE GalaxyName = 'Leo I'), (SELECT ConstellationName FROM AstroSchema.Galaxies WHERE GalaxyName = 'Leo I'));
INSERT INTO AstroSchema.AstroObjects VALUES ('zrr-6497', 'Damia-A', 43616280211.8, 67119511.5);
INSERT INTO AstroSchema.Stars VALUES ('zrr-6497', 'Ia', 'Damia');
INSERT INTO AstroSchema.AstroObjects VALUES ('pfx-9430', 'Damia-A-0', 18290791860.3, 86.9);
INSERT INTO AstroSchema.Planets VALUES ('pfx-9430', 'Super-Earth', 'Chtonian', (SELECT StarID FROM AstroSchema.Stars WHERE StarID = 'zrr-6497'), (SELECT GalaxyName FROM AstroSchema.Systems, AstroSchema.Stars WHERE StarID = 'zrr-6497' AND SystemName = InSystem));
INSERT INTO AstroSchema.AstroObjects VALUES ('csh-9251', 'Damia-A-1', 10351993912.8, 567.2);
INSERT INTO AstroSchema.Planets VALUES ('csh-9251', 'Mini-Neptune', 'Terrestrial', (SELECT StarID FROM AstroSchema.Stars WHERE StarID = 'zrr-6497'), (SELECT GalaxyName FROM AstroSchema.Systems, AstroSchema.Stars WHERE StarID = 'zrr-6497' AND SystemName = InSystem));
INSERT INTO AstroSchema.AstroObjects VALUES ('diw-6382', 'Damia-A-2', 3416036850.0, 711.4);
INSERT INTO AstroSchema.Planets VALUES ('diw-6382', 'Sub-Earth', 'Protoplanet', (SELECT StarID FROM AstroSchema.Stars WHERE StarID = 'zrr-6497'), (SELECT GalaxyName FROM AstroSchema.Systems, AstroSchema.Stars WHERE StarID = 'zrr-6497' AND SystemName = InSystem));
INSERT INTO AstroSchema.AstroObjects VALUES ('dyt-3144', 'Damia-A-3', 28371589262.1, 1165.9);
INSERT INTO AstroSchema.Planets VALUES ('dyt-3144', 'Gas Giant', 'Ice', (SELECT StarID FROM AstroSchema.Stars WHERE StarID = 'zrr-6497'), (SELECT GalaxyName FROM AstroSchema.Systems, AstroSchema.Stars WHERE StarID = 'zrr-6497' AND SystemName = InSystem));
INSERT INTO AstroSchema.AstroObjects VALUES ('ltt-4962', 'Damia-A-4', 1122607240.9, 277.9);
INSERT INTO AstroSchema.Planets VALUES ('ltt-4962', 'Sub-Earth', 'Helium', (SELECT StarID FROM AstroSchema.Stars WHERE StarID = 'zrr-6497'), (SELECT GalaxyName FROM AstroSchema.Systems, AstroSchema.Stars WHERE StarID = 'zrr-6497' AND SystemName = InSystem));
INSERT INTO AstroSchema.AstroObjects VALUES ('fdu-1703', 'Damia-A-5', 8789845767.1, 1413.3);
INSERT INTO AstroSchema.Planets VALUES ('fdu-1703', 'Mini-Neptune', 'Puffy', (SELECT StarID FROM AstroSchema.Stars WHERE StarID = 'zrr-6497'), (SELECT GalaxyName FROM AstroSchema.Systems, AstroSchema.Stars WHERE StarID = 'zrr-6497' AND SystemName = InSystem));
INSERT INTO AstroSchema.AstroObjects VALUES ('xke-1481', 'Damia-B', 29945667868.6, 14296057.1);
INSERT INTO AstroSchema.Stars VALUES ('xke-1481', 'VI', 'Damia');
INSERT INTO AstroSchema.AstroObjects VALUES ('zys-2952', 'Damia-B-0', 14384783836.3, 829.7);
INSERT INTO AstroSchema.Planets VALUES ('zys-2952', 'Super-Earth', 'Terrestrial', (SELECT StarID FROM AstroSchema.Stars WHERE StarID = 'xke-1481'), (SELECT GalaxyName FROM AstroSchema.Systems, AstroSchema.Stars WHERE StarID = 'xke-1481' AND SystemName = InSystem));
INSERT INTO AstroSchema.Systems VALUES ('Ennust', 'Mono', (SELECT GalaxyName FROM AstroSchema.Galaxies WHERE GalaxyName = 'Milky Way'), (SELECT ConstellationName FROM AstroSchema.Galaxies WHERE GalaxyName = 'Milky Way'));
INSERT INTO AstroSchema.AstroObjects VALUES ('tnw-8032', 'Ennust', 30235171102.5, 91046968.2);
INSERT INTO AstroSchema.Stars VALUES ('tnw-8032', 'III', 'Ennust');
INSERT INTO AstroSchema.AstroObjects VALUES ('ojp-8661', 'Ennust-0', 29492854408.7, 1232.7);
INSERT INTO AstroSchema.Planets VALUES ('ojp-8661', 'Super-Earth', 'Gas dwarf', (SELECT StarID FROM AstroSchema.Stars WHERE StarID = 'tnw-8032'), (SELECT GalaxyName FROM AstroSchema.Systems, AstroSchema.Stars WHERE StarID = 'tnw-8032' AND SystemName = InSystem));
INSERT INTO AstroSchema.AstroObjects VALUES ('zxs-5966', 'Ennust-1', 4284574743.4, 606.1);
INSERT INTO AstroSchema.Planets VALUES ('zxs-5966', 'Super-Earth', 'Ocean', (SELECT StarID FROM AstroSchema.Stars WHERE StarID = 'tnw-8032'), (SELECT GalaxyName FROM AstroSchema.Systems, AstroSchema.Stars WHERE StarID = 'tnw-8032' AND SystemName = InSystem));
INSERT INTO AstroSchema.AstroObjects VALUES ('clx-8231', 'Ennust-2', 24200947852.5, 145.7);
INSERT INTO AstroSchema.Planets VALUES ('clx-8231', 'Ice Giant', 'Carbon', (SELECT StarID FROM AstroSchema.Stars WHERE StarID = 'tnw-8032'), (SELECT GalaxyName FROM AstroSchema.Systems, AstroSchema.Stars WHERE StarID = 'tnw-8032' AND SystemName = InSystem));
INSERT INTO AstroSchema.Systems VALUES ('Benetnasch', 'Mono', (SELECT GalaxyName FROM AstroSchema.Galaxies WHERE GalaxyName = 'NGC 147'), (SELECT ConstellationName FROM AstroSchema.Galaxies WHERE GalaxyName = 'NGC 147'));
INSERT INTO AstroSchema.AstroObjects VALUES ('csg-3255', 'Benetnasch', 40239411191.8, 79536530.9);
INSERT INTO AstroSchema.Stars VALUES ('csg-3255', 'Ib', 'Benetnasch');
INSERT INTO AstroSchema.AstroObjects VALUES ('eid-4515', 'Benetnasch-0', 39075974543.2, 181.0);
INSERT INTO AstroSchema.Planets VALUES ('eid-4515', 'Super-Jupiter', 'Ocean', (SELECT StarID FROM AstroSchema.Stars WHERE StarID = 'csg-3255'), (SELECT GalaxyName FROM AstroSchema.Systems, AstroSchema.Stars WHERE StarID = 'csg-3255' AND SystemName = InSystem));
INSERT INTO AstroSchema.AstroObjects VALUES ('okk-9551', 'Benetnasch-1', 29244432680.5, 1293.3);
INSERT INTO AstroSchema.Planets VALUES ('okk-9551', 'Super-Jupiter', 'Silicate', (SELECT StarID FROM AstroSchema.Stars WHERE StarID = 'csg-3255'), (SELECT GalaxyName FROM AstroSchema.Systems, AstroSchema.Stars WHERE StarID = 'csg-3255' AND SystemName = InSystem));
INSERT INTO AstroSchema.AstroObjects VALUES ('hbv-3839', 'Benetnasch-2', 1569533348.3, 5.9);
INSERT INTO AstroSchema.Planets VALUES ('hbv-3839', 'Sub-Earth', 'Ice', (SELECT StarID FROM AstroSchema.Stars WHERE StarID = 'csg-3255'), (SELECT GalaxyName FROM AstroSchema.Systems, AstroSchema.Stars WHERE StarID = 'csg-3255' AND SystemName = InSystem));
INSERT INTO AstroSchema.AstroObjects VALUES ('sqi-7720', 'Benetnasch-3', 21376186193.2, 575.4);
INSERT INTO AstroSchema.Planets VALUES ('sqi-7720', 'Sub-Earth', 'Ice', (SELECT StarID FROM AstroSchema.Stars WHERE StarID = 'csg-3255'), (SELECT GalaxyName FROM AstroSchema.Systems, AstroSchema.Stars WHERE StarID = 'csg-3255' AND SystemName = InSystem));
INSERT INTO AstroSchema.Systems VALUES ('Caspadene', 'Binary', (SELECT GalaxyName FROM AstroSchema.Galaxies WHERE GalaxyName = 'Large Magellanic Cloud'), (SELECT ConstellationName FROM AstroSchema.Galaxies WHERE GalaxyName = 'Large Magellanic Cloud'));
INSERT INTO AstroSchema.AstroObjects VALUES ('yky-4208', 'Caspadene-A', 5496204202.7, 11377053.6);
INSERT INTO AstroSchema.Stars VALUES ('yky-4208', 'III', 'Caspadene');
INSERT INTO AstroSchema.AstroObjects VALUES ('buf-7166', 'Caspadene-A-0', 9805087811.6, 120.9);
INSERT INTO AstroSchema.Planets VALUES ('buf-7166', 'Ice Giant', 'Carbon', (SELECT StarID FROM AstroSchema.Stars WHERE StarID = 'yky-4208'), (SELECT GalaxyName FROM AstroSchema.Systems, AstroSchema.Stars WHERE StarID = 'yky-4208' AND SystemName = InSystem));
INSERT INTO AstroSchema.AstroObjects VALUES ('awx-6680', 'Caspadene-B', 10074651724.7, 42423343.0);
INSERT INTO AstroSchema.Stars VALUES ('awx-6680', 'IV', 'Caspadene');
INSERT INTO AstroSchema.AstroObjects VALUES ('ote-7713', 'Caspadene-B-0', 3160098515.3, 441.0);
INSERT INTO AstroSchema.Planets VALUES ('ote-7713', 'Gas Giant', 'Chtonian', (SELECT StarID FROM AstroSchema.Stars WHERE StarID = 'awx-6680'), (SELECT GalaxyName FROM AstroSchema.Systems, AstroSchema.Stars WHERE StarID = 'awx-6680' AND SystemName = InSystem));
INSERT INTO AstroSchema.AstroObjects VALUES ('cra-3598', 'Caspadene-B-1', 44856561515.6, 1133.5);
INSERT INTO AstroSchema.Planets VALUES ('cra-3598', 'Super-Jupiter', 'Ice', (SELECT StarID FROM AstroSchema.Stars WHERE StarID = 'awx-6680'), (SELECT GalaxyName FROM AstroSchema.Systems, AstroSchema.Stars WHERE StarID = 'awx-6680' AND SystemName = InSystem));
INSERT INTO AstroSchema.AstroObjects VALUES ('qcn-2355', 'Caspadene-B-2', 24385964779.4, 718.2);
INSERT INTO AstroSchema.Planets VALUES ('qcn-2355', 'Super-Earth', 'Chtonian', (SELECT StarID FROM AstroSchema.Stars WHERE StarID = 'awx-6680'), (SELECT GalaxyName FROM AstroSchema.Systems, AstroSchema.Stars WHERE StarID = 'awx-6680' AND SystemName = InSystem));
INSERT INTO AstroSchema.AstroObjects VALUES ('zbt-4321', 'Caspadene-B-3', 2571936729.1, 11.0);
INSERT INTO AstroSchema.Planets VALUES ('zbt-4321', 'Gas Giant', 'Helium', (SELECT StarID FROM AstroSchema.Stars WHERE StarID = 'awx-6680'), (SELECT GalaxyName FROM AstroSchema.Systems, AstroSchema.Stars WHERE StarID = 'awx-6680' AND SystemName = InSystem));
INSERT INTO AstroSchema.Systems VALUES ('Kahkonen', 'Trinary', (SELECT GalaxyName FROM AstroSchema.Galaxies WHERE GalaxyName = 'Leo II'), NULL);
INSERT INTO AstroSchema.AstroObjects VALUES ('bsk-2436', 'Kahkonen-A', 5254907738.1, 63733647.8);
INSERT INTO AstroSchema.Stars VALUES ('bsk-2436', 'Ib', 'Kahkonen');
INSERT INTO AstroSchema.AstroObjects VALUES ('pcr-6466', 'Kahkonen-A-0', 36353361839.7, 291.4);
INSERT INTO AstroSchema.Planets VALUES ('pcr-6466', 'Sub-Earth', 'Hycean', (SELECT StarID FROM AstroSchema.Stars WHERE StarID = 'bsk-2436'), (SELECT GalaxyName FROM AstroSchema.Systems, AstroSchema.Stars WHERE StarID = 'bsk-2436' AND SystemName = InSystem));
INSERT INTO AstroSchema.AstroObjects VALUES ('vuu-8874', 'Kahkonen-A-1', 44961458410.7, 1139.6);
INSERT INTO AstroSchema.Planets VALUES ('vuu-8874', 'Sub-Earth', 'Silicate', (SELECT StarID FROM AstroSchema.Stars WHERE StarID = 'bsk-2436'), (SELECT GalaxyName FROM AstroSchema.Systems, AstroSchema.Stars WHERE StarID = 'bsk-2436' AND SystemName = InSystem));
INSERT INTO AstroSchema.AstroObjects VALUES ('pvz-7913', 'Kahkonen-A-2', 16831315103.8, 801.0);
INSERT INTO AstroSchema.Planets VALUES ('pvz-7913', 'Mini-Neptune', 'Puffy', (SELECT StarID FROM AstroSchema.Stars WHERE StarID = 'bsk-2436'), (SELECT GalaxyName FROM AstroSchema.Systems, AstroSchema.Stars WHERE StarID = 'bsk-2436' AND SystemName = InSystem));
INSERT INTO AstroSchema.AstroObjects VALUES ('qew-6627', 'Kahkonen-B', 44554117389.0, 50962735.3);
INSERT INTO AstroSchema.Stars VALUES ('qew-6627', 'III', 'Kahkonen');
INSERT INTO AstroSchema.AstroObjects VALUES ('nxw-6857', 'Kahkonen-B-0', 3073251423.4, 210.9);
INSERT INTO AstroSchema.Planets VALUES ('nxw-6857', 'Ice Giant', 'Protoplanet', (SELECT StarID FROM AstroSchema.Stars WHERE StarID = 'qew-6627'), (SELECT GalaxyName FROM AstroSchema.Systems, AstroSchema.Stars WHERE StarID = 'qew-6627' AND SystemName = InSystem));
INSERT INTO AstroSchema.AstroObjects VALUES ('cam-7686', 'Kahkonen-B-1', 25138501917.4, 1428.6);
INSERT INTO AstroSchema.Planets VALUES ('cam-7686', 'Ice Giant', 'Desert', (SELECT StarID FROM AstroSchema.Stars WHERE StarID = 'qew-6627'), (SELECT GalaxyName FROM AstroSchema.Systems, AstroSchema.Stars WHERE StarID = 'qew-6627' AND SystemName = InSystem));
INSERT INTO AstroSchema.AstroObjects VALUES ('bvg-2524', 'Kahkonen-B-2', 9758826627.7, 473.8);
INSERT INTO AstroSchema.Planets VALUES ('bvg-2524', 'Mini-Neptune', 'Gas dwarf', (SELECT StarID FROM AstroSchema.Stars WHERE StarID = 'qew-6627'), (SELECT GalaxyName FROM AstroSchema.Systems, AstroSchema.Stars WHERE StarID = 'qew-6627' AND SystemName = InSystem));
INSERT INTO AstroSchema.AstroObjects VALUES ('kos-5352', 'Kahkonen-C', 35423562629.8, 26744420.1);
INSERT INTO AstroSchema.Stars VALUES ('kos-5352', 'VI', 'Kahkonen');
INSERT INTO AstroSchema.AstroObjects VALUES ('owz-1296', 'Kahkonen-C-0', 25020251611.7, 46.8);
INSERT INTO AstroSchema.Planets VALUES ('owz-1296', 'Gas Giant', 'Chtonian', (SELECT StarID FROM AstroSchema.Stars WHERE StarID = 'kos-5352'), (SELECT GalaxyName FROM AstroSchema.Systems, AstroSchema.Stars WHERE StarID = 'kos-5352' AND SystemName = InSystem));
INSERT INTO AstroSchema.Systems VALUES ('Arbatraeus', 'Mono', (SELECT GalaxyName FROM AstroSchema.Galaxies WHERE GalaxyName = 'Small Magellanic Cloud'), NULL);
INSERT INTO AstroSchema.AstroObjects VALUES ('qia-9946', 'Arbatraeus', 44688156231.8, 42678837.0);
INSERT INTO AstroSchema.Stars VALUES ('qia-9946', 'Ia-O', 'Arbatraeus');
INSERT INTO AstroSchema.AstroObjects VALUES ('hmg-3523', 'Arbatraeus-0', 17977913578.4, 79.8);
INSERT INTO AstroSchema.Planets VALUES ('hmg-3523', 'Mini-Neptune', 'Terrestrial', (SELECT StarID FROM AstroSchema.Stars WHERE StarID = 'qia-9946'), (SELECT GalaxyName FROM AstroSchema.Systems, AstroSchema.Stars WHERE StarID = 'qia-9946' AND SystemName = InSystem));
INSERT INTO AstroSchema.AstroObjects VALUES ('xig-1351', 'Arbatraeus-1', 21782338180.7, 240.0);
INSERT INTO AstroSchema.Planets VALUES ('xig-1351', 'Super-Earth', 'Chtonian', (SELECT StarID FROM AstroSchema.Stars WHERE StarID = 'qia-9946'), (SELECT GalaxyName FROM AstroSchema.Systems, AstroSchema.Stars WHERE StarID = 'qia-9946' AND SystemName = InSystem));
INSERT INTO AstroSchema.AstroObjects VALUES ('ieq-7179', 'Arbatraeus-2', 13034723611.3, 904.2);
INSERT INTO AstroSchema.Planets VALUES ('ieq-7179', 'Mini-Neptune', 'Silicate', (SELECT StarID FROM AstroSchema.Stars WHERE StarID = 'qia-9946'), (SELECT GalaxyName FROM AstroSchema.Systems, AstroSchema.Stars WHERE StarID = 'qia-9946' AND SystemName = InSystem));
INSERT INTO AstroSchema.AstroObjects VALUES ('loz-5818', 'Arbatraeus-3', 42197335627.8, 658.5);
INSERT INTO AstroSchema.Planets VALUES ('loz-5818', 'Gas Giant', 'Gas giant', (SELECT StarID FROM AstroSchema.Stars WHERE StarID = 'qia-9946'), (SELECT GalaxyName FROM AstroSchema.Systems, AstroSchema.Stars WHERE StarID = 'qia-9946' AND SystemName = InSystem));
INSERT INTO AstroSchema.AstroObjects VALUES ('xpf-7890', 'Arbatraeus-4', 25486833043.1, 666.8);
INSERT INTO AstroSchema.Planets VALUES ('xpf-7890', 'Mini-Neptune', 'Puffy', (SELECT StarID FROM AstroSchema.Stars WHERE StarID = 'qia-9946'), (SELECT GalaxyName FROM AstroSchema.Systems, AstroSchema.Stars WHERE StarID = 'qia-9946' AND SystemName = InSystem));
INSERT INTO AstroSchema.AstroObjects VALUES ('vol-8586', 'Arbatraeus-5', 2694000823.9, 321.3);
INSERT INTO AstroSchema.Planets VALUES ('vol-8586', 'Super-Jupiter', 'Gas dwarf', (SELECT StarID FROM AstroSchema.Stars WHERE StarID = 'qia-9946'), (SELECT GalaxyName FROM AstroSchema.Systems, AstroSchema.Stars WHERE StarID = 'qia-9946' AND SystemName = InSystem));
INSERT INTO AstroSchema.AstroObjects VALUES ('eqb-8680', 'Arbatraeus-6', 31973656074.0, 384.9);
INSERT INTO AstroSchema.Planets VALUES ('eqb-8680', 'Gas Giant', 'Silicate', (SELECT StarID FROM AstroSchema.Stars WHERE StarID = 'qia-9946'), (SELECT GalaxyName FROM AstroSchema.Systems, AstroSchema.Stars WHERE StarID = 'qia-9946' AND SystemName = InSystem));
INSERT INTO AstroSchema.Systems VALUES ('Sugeylia', 'Binary', (SELECT GalaxyName FROM AstroSchema.Galaxies WHERE GalaxyName = 'Messier 110'), (SELECT ConstellationName FROM AstroSchema.Galaxies WHERE GalaxyName = 'Messier 110'));
INSERT INTO AstroSchema.AstroObjects VALUES ('scw-2768', 'Sugeylia-A', 42671541324.8, 17721758.5);
INSERT INTO AstroSchema.Stars VALUES ('scw-2768', 'VI', 'Sugeylia');
INSERT INTO AstroSchema.AstroObjects VALUES ('myy-6110', 'Sugeylia-A-0', 24300258381.6, 797.7);
INSERT INTO AstroSchema.Planets VALUES ('myy-6110', 'Ice Giant', 'Silicate', (SELECT StarID FROM AstroSchema.Stars WHERE StarID = 'scw-2768'), (SELECT GalaxyName FROM AstroSchema.Systems, AstroSchema.Stars WHERE StarID = 'scw-2768' AND SystemName = InSystem));
INSERT INTO AstroSchema.AstroObjects VALUES ('ojw-8834', 'Sugeylia-A-1', 19708558946.0, 728.8);
INSERT INTO AstroSchema.Planets VALUES ('ojw-8834', 'Mini-Neptune', 'Ice', (SELECT StarID FROM AstroSchema.Stars WHERE StarID = 'scw-2768'), (SELECT GalaxyName FROM AstroSchema.Systems, AstroSchema.Stars WHERE StarID = 'scw-2768' AND SystemName = InSystem));
INSERT INTO AstroSchema.AstroObjects VALUES ('csj-8695', 'Sugeylia-A-2', 6187299516.7, 37.3);
INSERT INTO AstroSchema.Planets VALUES ('csj-8695', 'Mini-Neptune', 'Desert', (SELECT StarID FROM AstroSchema.Stars WHERE StarID = 'scw-2768'), (SELECT GalaxyName FROM AstroSchema.Systems, AstroSchema.Stars WHERE StarID = 'scw-2768' AND SystemName = InSystem));
INSERT INTO AstroSchema.AstroObjects VALUES ('oyx-5782', 'Sugeylia-B', 36114673799.8, 35075090.9);
INSERT INTO AstroSchema.Stars VALUES ('oyx-5782', 'II', 'Sugeylia');
INSERT INTO AstroSchema.AstroObjects VALUES ('nsc-1338', 'Sugeylia-B-0', 40847236674.0, 228.6);
INSERT INTO AstroSchema.Planets VALUES ('nsc-1338', 'Sub-Earth', 'Carbon', (SELECT StarID FROM AstroSchema.Stars WHERE StarID = 'oyx-5782'), (SELECT GalaxyName FROM AstroSchema.Systems, AstroSchema.Stars WHERE StarID = 'oyx-5782' AND SystemName = InSystem));
INSERT INTO AstroSchema.AstroObjects VALUES ('iur-4218', 'Sugeylia-B-1', 24979492360.3, 242.9);
INSERT INTO AstroSchema.Planets VALUES ('iur-4218', 'Super-Earth', 'Chtonian', (SELECT StarID FROM AstroSchema.Stars WHERE StarID = 'oyx-5782'), (SELECT GalaxyName FROM AstroSchema.Systems, AstroSchema.Stars WHERE StarID = 'oyx-5782' AND SystemName = InSystem));
INSERT INTO AstroSchema.AstroObjects VALUES ('zla-4335', 'Sugeylia-B-2', 44957169172.4, 157.1);
INSERT INTO AstroSchema.Planets VALUES ('zla-4335', 'Sub-Earth', 'Chtonian', (SELECT StarID FROM AstroSchema.Stars WHERE StarID = 'oyx-5782'), (SELECT GalaxyName FROM AstroSchema.Systems, AstroSchema.Stars WHERE StarID = 'oyx-5782' AND SystemName = InSystem));
INSERT INTO AstroSchema.Systems VALUES ('Ayfriri', 'Quaternary', NULL, (SELECT ConstellationName FROM AstroSchema.Constellations WHERE ConstellationName = 'Corvus'));
INSERT INTO AstroSchema.AstroObjects VALUES ('key-2321', 'Ayfriri-A', 16631603616.8, 93274465.3);
INSERT INTO AstroSchema.Stars VALUES ('key-2321', 'III', 'Ayfriri');
INSERT INTO AstroSchema.AstroObjects VALUES ('lie-6334', 'Ayfriri-A-0', 22710550372.2, 688.4);
INSERT INTO AstroSchema.Planets VALUES ('lie-6334', 'Ice Giant', 'Ice', (SELECT StarID FROM AstroSchema.Stars WHERE StarID = 'key-2321'), (SELECT GalaxyName FROM AstroSchema.Systems, AstroSchema.Stars WHERE StarID = 'key-2321' AND SystemName = InSystem));
INSERT INTO AstroSchema.AstroObjects VALUES ('mct-5804', 'Ayfriri-A-1', 40920464903.8, 724.2);
INSERT INTO AstroSchema.Planets VALUES ('mct-5804', 'Ice Giant', 'Ice', (SELECT StarID FROM AstroSchema.Stars WHERE StarID = 'key-2321'), (SELECT GalaxyName FROM AstroSchema.Systems, AstroSchema.Stars WHERE StarID = 'key-2321' AND SystemName = InSystem));
INSERT INTO AstroSchema.AstroObjects VALUES ('dmk-9866', 'Ayfriri-A-2', 14672995904.2, 650.9);
INSERT INTO AstroSchema.Planets VALUES ('dmk-9866', 'Mini-Neptune', 'Ice', (SELECT StarID FROM AstroSchema.Stars WHERE StarID = 'key-2321'), (SELECT GalaxyName FROM AstroSchema.Systems, AstroSchema.Stars WHERE StarID = 'key-2321' AND SystemName = InSystem));
INSERT INTO AstroSchema.AstroObjects VALUES ('ohu-6957', 'Ayfriri-B', 31871828813.1, 9848800.1);
INSERT INTO AstroSchema.Stars VALUES ('ohu-6957', 'Ib', 'Ayfriri');
INSERT INTO AstroSchema.AstroObjects VALUES ('eko-7753', 'Ayfriri-B-0', 9515524353.0, 441.1);
INSERT INTO AstroSchema.Planets VALUES ('eko-7753', 'Super-Jupiter', 'Terrestrial', (SELECT StarID FROM AstroSchema.Stars WHERE StarID = 'ohu-6957'), (SELECT GalaxyName FROM AstroSchema.Systems, AstroSchema.Stars WHERE StarID = 'ohu-6957' AND SystemName = InSystem));
INSERT INTO AstroSchema.AstroObjects VALUES ('jqf-2855', 'Ayfriri-B-1', 17083931625.0, 1243.0);
INSERT INTO AstroSchema.Planets VALUES ('jqf-2855', 'Ice Giant', 'Carbon', (SELECT StarID FROM AstroSchema.Stars WHERE StarID = 'ohu-6957'), (SELECT GalaxyName FROM AstroSchema.Systems, AstroSchema.Stars WHERE StarID = 'ohu-6957' AND SystemName = InSystem));
INSERT INTO AstroSchema.AstroObjects VALUES ('cpe-8814', 'Ayfriri-B-2', 13889807.9, 976.4);
INSERT INTO AstroSchema.Planets VALUES ('cpe-8814', 'Mini-Neptune', 'Carbon', (SELECT StarID FROM AstroSchema.Stars WHERE StarID = 'ohu-6957'), (SELECT GalaxyName FROM AstroSchema.Systems, AstroSchema.Stars WHERE StarID = 'ohu-6957' AND SystemName = InSystem));
INSERT INTO AstroSchema.AstroObjects VALUES ('gkc-2491', 'Ayfriri-C', 16403370002.3, 98477379.6);
INSERT INTO AstroSchema.Stars VALUES ('gkc-2491', 'V', 'Ayfriri');
INSERT INTO AstroSchema.AstroObjects VALUES ('olk-6351', 'Ayfriri-D', 21272011548.5, 81371941.6);
INSERT INTO AstroSchema.Stars VALUES ('olk-6351', 'D', 'Ayfriri');
INSERT INTO AstroSchema.AstroObjects VALUES ('ejq-4930', 'Ayfriri-D-0', 9444716986.0, 330.5);
INSERT INTO AstroSchema.Planets VALUES ('ejq-4930', 'Mini-Neptune', 'Terrestrial', (SELECT StarID FROM AstroSchema.Stars WHERE StarID = 'olk-6351'), (SELECT GalaxyName FROM AstroSchema.Systems, AstroSchema.Stars WHERE StarID = 'olk-6351' AND SystemName = InSystem));
INSERT INTO AstroSchema.AstroObjects VALUES ('hym-9380', 'Ayfriri-D-1', 28041792259.0, 635.2);
INSERT INTO AstroSchema.Planets VALUES ('hym-9380', 'Super-Jupiter', 'Puffy', (SELECT StarID FROM AstroSchema.Stars WHERE StarID = 'olk-6351'), (SELECT GalaxyName FROM AstroSchema.Systems, AstroSchema.Stars WHERE StarID = 'olk-6351' AND SystemName = InSystem));
INSERT INTO AstroSchema.AstroObjects VALUES ('yiq-3169', 'Ayfriri-D-2', 41989576746.6, 939.1);
INSERT INTO AstroSchema.Planets VALUES ('yiq-3169', 'Mini-Neptune', 'Terrestrial', (SELECT StarID FROM AstroSchema.Stars WHERE StarID = 'olk-6351'), (SELECT GalaxyName FROM AstroSchema.Systems, AstroSchema.Stars WHERE StarID = 'olk-6351' AND SystemName = InSystem));
INSERT INTO AstroSchema.Systems VALUES ('Hlilje', 'Binary', (SELECT GalaxyName FROM AstroSchema.Galaxies WHERE GalaxyName = 'Sextans A'), (SELECT ConstellationName FROM AstroSchema.Galaxies WHERE GalaxyName = 'Sextans A'));
INSERT INTO AstroSchema.AstroObjects VALUES ('sac-2269', 'Hlilje-A', 35542255756.9, 94087336.5);
INSERT INTO AstroSchema.Stars VALUES ('sac-2269', 'VI', 'Hlilje');
INSERT INTO AstroSchema.AstroObjects VALUES ('lod-4646', 'Hlilje-A-0', 22681275593.6, 924.7);
INSERT INTO AstroSchema.Planets VALUES ('lod-4646', 'Super-Jupiter', 'Terrestrial', (SELECT StarID FROM AstroSchema.Stars WHERE StarID = 'sac-2269'), (SELECT GalaxyName FROM AstroSchema.Systems, AstroSchema.Stars WHERE StarID = 'sac-2269' AND SystemName = InSystem));
INSERT INTO AstroSchema.AstroObjects VALUES ('npf-9294', 'Hlilje-A-1', 33395692113.4, 811.9);
INSERT INTO AstroSchema.Planets VALUES ('npf-9294', 'Gas Giant', 'Puffy', (SELECT StarID FROM AstroSchema.Stars WHERE StarID = 'sac-2269'), (SELECT GalaxyName FROM AstroSchema.Systems, AstroSchema.Stars WHERE StarID = 'sac-2269' AND SystemName = InSystem));
INSERT INTO AstroSchema.AstroObjects VALUES ('cvt-9473', 'Hlilje-A-2', 31648238464.5, 811.5);
INSERT INTO AstroSchema.Planets VALUES ('cvt-9473', 'Ice Giant', 'Helium', (SELECT StarID FROM AstroSchema.Stars WHERE StarID = 'sac-2269'), (SELECT GalaxyName FROM AstroSchema.Systems, AstroSchema.Stars WHERE StarID = 'sac-2269' AND SystemName = InSystem));
INSERT INTO AstroSchema.AstroObjects VALUES ('mlg-9986', 'Hlilje-A-3', 10611992985.4, 306.5);
INSERT INTO AstroSchema.Planets VALUES ('mlg-9986', 'Super-Earth', 'Silicate', (SELECT StarID FROM AstroSchema.Stars WHERE StarID = 'sac-2269'), (SELECT GalaxyName FROM AstroSchema.Systems, AstroSchema.Stars WHERE StarID = 'sac-2269' AND SystemName = InSystem));
INSERT INTO AstroSchema.AstroObjects VALUES ('xja-9959', 'Hlilje-A-4', 19845074332.8, 973.5);
INSERT INTO AstroSchema.Planets VALUES ('xja-9959', 'Mini-Neptune', 'Ice', (SELECT StarID FROM AstroSchema.Stars WHERE StarID = 'sac-2269'), (SELECT GalaxyName FROM AstroSchema.Systems, AstroSchema.Stars WHERE StarID = 'sac-2269' AND SystemName = InSystem));
INSERT INTO AstroSchema.AstroObjects VALUES ('ayt-2179', 'Hlilje-A-5', 28836885755.7, 207.8);
INSERT INTO AstroSchema.Planets VALUES ('ayt-2179', 'Ice Giant', 'Coreless', (SELECT StarID FROM AstroSchema.Stars WHERE StarID = 'sac-2269'), (SELECT GalaxyName FROM AstroSchema.Systems, AstroSchema.Stars WHERE StarID = 'sac-2269' AND SystemName = InSystem));
INSERT INTO AstroSchema.AstroObjects VALUES ('wpk-7938', 'Hlilje-A-6', 5393997655.0, 125.2);
INSERT INTO AstroSchema.Planets VALUES ('wpk-7938', 'Ice Giant', 'Ice', (SELECT StarID FROM AstroSchema.Stars WHERE StarID = 'sac-2269'), (SELECT GalaxyName FROM AstroSchema.Systems, AstroSchema.Stars WHERE StarID = 'sac-2269' AND SystemName = InSystem));
INSERT INTO AstroSchema.AstroObjects VALUES ('rdo-4711', 'Hlilje-B', 36154779324.7, 56569090.3);
INSERT INTO AstroSchema.Stars VALUES ('rdo-4711', 'Ib', 'Hlilje');
INSERT INTO AstroSchema.AstroObjects VALUES ('anx-5627', 'Hlilje-B-0', 5085601634.9, 1051.1);
INSERT INTO AstroSchema.Planets VALUES ('anx-5627', 'Gas Giant', 'Chtonian', (SELECT StarID FROM AstroSchema.Stars WHERE StarID = 'rdo-4711'), (SELECT GalaxyName FROM AstroSchema.Systems, AstroSchema.Stars WHERE StarID = 'rdo-4711' AND SystemName = InSystem));
INSERT INTO AstroSchema.AstroObjects VALUES ('jxt-5453', 'Hlilje-B-1', 2336489355.0, 1183.8);
INSERT INTO AstroSchema.Planets VALUES ('jxt-5453', 'Super-Jupiter', 'Carbon', (SELECT StarID FROM AstroSchema.Stars WHERE StarID = 'rdo-4711'), (SELECT GalaxyName FROM AstroSchema.Systems, AstroSchema.Stars WHERE StarID = 'rdo-4711' AND SystemName = InSystem));
INSERT INTO AstroSchema.AstroObjects VALUES ('zhb-4894', 'Hlilje-B-2', 16280248383.4, 1186.8);
INSERT INTO AstroSchema.Planets VALUES ('zhb-4894', 'Ice Giant', 'Helium', (SELECT StarID FROM AstroSchema.Stars WHERE StarID = 'rdo-4711'), (SELECT GalaxyName FROM AstroSchema.Systems, AstroSchema.Stars WHERE StarID = 'rdo-4711' AND SystemName = InSystem));
INSERT INTO AstroSchema.Systems VALUES ('Okul', 'Binary', (SELECT GalaxyName FROM AstroSchema.Galaxies WHERE GalaxyName = 'Sextans B'), (SELECT ConstellationName FROM AstroSchema.Galaxies WHERE GalaxyName = 'Sextans B'));
INSERT INTO AstroSchema.AstroObjects VALUES ('jqh-4512', 'Okul-A', 39785236054.1, 8319949.6);
INSERT INTO AstroSchema.Stars VALUES ('jqh-4512', 'Ib', 'Okul');
INSERT INTO AstroSchema.AstroObjects VALUES ('tyd-1134', 'Okul-A-0', 16065410068.2, 969.7);
INSERT INTO AstroSchema.Planets VALUES ('tyd-1134', 'Ice Giant', 'Silicate', (SELECT StarID FROM AstroSchema.Stars WHERE StarID = 'jqh-4512'), (SELECT GalaxyName FROM AstroSchema.Systems, AstroSchema.Stars WHERE StarID = 'jqh-4512' AND SystemName = InSystem));
INSERT INTO AstroSchema.AstroObjects VALUES ('aug-7755', 'Okul-A-1', 17665598263.4, 925.9);
INSERT INTO AstroSchema.Planets VALUES ('aug-7755', 'Mini-Neptune', 'Carbon', (SELECT StarID FROM AstroSchema.Stars WHERE StarID = 'jqh-4512'), (SELECT GalaxyName FROM AstroSchema.Systems, AstroSchema.Stars WHERE StarID = 'jqh-4512' AND SystemName = InSystem));
INSERT INTO AstroSchema.AstroObjects VALUES ('joe-4062', 'Okul-B', 34036896556.9, 55523422.0);
INSERT INTO AstroSchema.Stars VALUES ('joe-4062', 'D', 'Okul');
INSERT INTO AstroSchema.Systems VALUES ('Vollonis', 'Binary', (SELECT GalaxyName FROM AstroSchema.Galaxies WHERE GalaxyName = 'Large Magellanic Cloud'), NULL);
INSERT INTO AstroSchema.AstroObjects VALUES ('fbl-6297', 'Vollonis-A', 23493164388.1, 87726165.8);
INSERT INTO AstroSchema.Stars VALUES ('fbl-6297', 'III', 'Vollonis');
INSERT INTO AstroSchema.AstroObjects VALUES ('cyf-3256', 'Vollonis-B', 7734282254.9, 57817573.8);
INSERT INTO AstroSchema.Stars VALUES ('cyf-3256', 'III', 'Vollonis');
INSERT INTO AstroSchema.AstroObjects VALUES ('pfq-6209', 'Vollonis-B-0', 45808677126.7, 555.4);
INSERT INTO AstroSchema.Planets VALUES ('pfq-6209', 'Gas Giant', 'Terrestrial', (SELECT StarID FROM AstroSchema.Stars WHERE StarID = 'cyf-3256'), (SELECT GalaxyName FROM AstroSchema.Systems, AstroSchema.Stars WHERE StarID = 'cyf-3256' AND SystemName = InSystem));
INSERT INTO AstroSchema.AstroObjects VALUES ('wrs-4253', 'Vollonis-B-1', 29085871915.1, 351.3);
INSERT INTO AstroSchema.Planets VALUES ('wrs-4253', 'Mini-Neptune', 'Hycean', (SELECT StarID FROM AstroSchema.Stars WHERE StarID = 'cyf-3256'), (SELECT GalaxyName FROM AstroSchema.Systems, AstroSchema.Stars WHERE StarID = 'cyf-3256' AND SystemName = InSystem));
INSERT INTO AstroSchema.AstroObjects VALUES ('uiy-5732', 'Vollonis-B-2', 8045016618.1, 489.4);
INSERT INTO AstroSchema.Planets VALUES ('uiy-5732', 'Gas Giant', 'Helium', (SELECT StarID FROM AstroSchema.Stars WHERE StarID = 'cyf-3256'), (SELECT GalaxyName FROM AstroSchema.Systems, AstroSchema.Stars WHERE StarID = 'cyf-3256' AND SystemName = InSystem));
INSERT INTO AstroSchema.AstroObjects VALUES ('aob-1240', 'Vollonis-B-3', 32028332379.2, 624.1);
INSERT INTO AstroSchema.Planets VALUES ('aob-1240', 'Super-Jupiter', 'Gas dwarf', (SELECT StarID FROM AstroSchema.Stars WHERE StarID = 'cyf-3256'), (SELECT GalaxyName FROM AstroSchema.Systems, AstroSchema.Stars WHERE StarID = 'cyf-3256' AND SystemName = InSystem));
INSERT INTO AstroSchema.AstroObjects VALUES ('uyd-3167', 'Vollonis-B-4', 25551905047.0, 409.5);
INSERT INTO AstroSchema.Planets VALUES ('uyd-3167', 'Sub-Earth', 'Gas giant', (SELECT StarID FROM AstroSchema.Stars WHERE StarID = 'cyf-3256'), (SELECT GalaxyName FROM AstroSchema.Systems, AstroSchema.Stars WHERE StarID = 'cyf-3256' AND SystemName = InSystem));
INSERT INTO AstroSchema.AstroObjects VALUES ('ttk-5137', 'Vollonis-B-5', 16072303254.9, 101.1);
INSERT INTO AstroSchema.Planets VALUES ('ttk-5137', 'Super-Jupiter', 'Protoplanet', (SELECT StarID FROM AstroSchema.Stars WHERE StarID = 'cyf-3256'), (SELECT GalaxyName FROM AstroSchema.Systems, AstroSchema.Stars WHERE StarID = 'cyf-3256' AND SystemName = InSystem));
INSERT INTO AstroSchema.AstroObjects VALUES ('kjg-6444', 'Vollonis-B-6', 43543237280.1, 1396.5);
INSERT INTO AstroSchema.Planets VALUES ('kjg-6444', 'Gas Giant', 'Gas dwarf', (SELECT StarID FROM AstroSchema.Stars WHERE StarID = 'cyf-3256'), (SELECT GalaxyName FROM AstroSchema.Systems, AstroSchema.Stars WHERE StarID = 'cyf-3256' AND SystemName = InSystem));
INSERT INTO AstroSchema.AstroObjects VALUES ('kdv-5925', 'Vollonis-B-7', 45757684788.0, 1123.0);
INSERT INTO AstroSchema.Planets VALUES ('kdv-5925', 'Gas Giant', 'Carbon', (SELECT StarID FROM AstroSchema.Stars WHERE StarID = 'cyf-3256'), (SELECT GalaxyName FROM AstroSchema.Systems, AstroSchema.Stars WHERE StarID = 'cyf-3256' AND SystemName = InSystem));
INSERT INTO AstroSchema.AstroObjects VALUES ('cwy-6251', 'Vollonis-B-8', 15878375236.5, 1356.5);
INSERT INTO AstroSchema.Planets VALUES ('cwy-6251', 'Ice Giant', 'Desert', (SELECT StarID FROM AstroSchema.Stars WHERE StarID = 'cyf-3256'), (SELECT GalaxyName FROM AstroSchema.Systems, AstroSchema.Stars WHERE StarID = 'cyf-3256' AND SystemName = InSystem));
INSERT INTO AstroSchema.Systems VALUES ('MolsirZhir', 'Mono', (SELECT GalaxyName FROM AstroSchema.Galaxies WHERE GalaxyName = 'Barnards Galaxy'), (SELECT ConstellationName FROM AstroSchema.Galaxies WHERE GalaxyName = 'Barnards Galaxy'));
INSERT INTO AstroSchema.AstroObjects VALUES ('nxs-2728', 'MolsirZhir', 7861523527.7, 53601787.0);
INSERT INTO AstroSchema.Stars VALUES ('nxs-2728', 'Ib', 'MolsirZhir');
INSERT INTO AstroSchema.AstroObjects VALUES ('apb-6896', 'MolsirZhir-0', 6314579145.7, 323.3);
INSERT INTO AstroSchema.Planets VALUES ('apb-6896', 'Ice Giant', 'Chtonian', (SELECT StarID FROM AstroSchema.Stars WHERE StarID = 'nxs-2728'), (SELECT GalaxyName FROM AstroSchema.Systems, AstroSchema.Stars WHERE StarID = 'nxs-2728' AND SystemName = InSystem));
INSERT INTO AstroSchema.AstroObjects VALUES ('sne-3038', 'MolsirZhir-1', 39152408286.8, 356.3);
INSERT INTO AstroSchema.Planets VALUES ('sne-3038', 'Sub-Earth', 'Puffy', (SELECT StarID FROM AstroSchema.Stars WHERE StarID = 'nxs-2728'), (SELECT GalaxyName FROM AstroSchema.Systems, AstroSchema.Stars WHERE StarID = 'nxs-2728' AND SystemName = InSystem));
INSERT INTO AstroSchema.AstroObjects VALUES ('lrq-7530', 'MolsirZhir-2', 8922155398.8, 597.8);
INSERT INTO AstroSchema.Planets VALUES ('lrq-7530', 'Super-Jupiter', 'Silicate', (SELECT StarID FROM AstroSchema.Stars WHERE StarID = 'nxs-2728'), (SELECT GalaxyName FROM AstroSchema.Systems, AstroSchema.Stars WHERE StarID = 'nxs-2728' AND SystemName = InSystem));
INSERT INTO AstroSchema.AstroObjects VALUES ('thy-7990', 'MolsirZhir-3', 23007179422.6, 1057.6);
INSERT INTO AstroSchema.Planets VALUES ('thy-7990', 'Super-Jupiter', 'Terrestrial', (SELECT StarID FROM AstroSchema.Stars WHERE StarID = 'nxs-2728'), (SELECT GalaxyName FROM AstroSchema.Systems, AstroSchema.Stars WHERE StarID = 'nxs-2728' AND SystemName = InSystem));
INSERT INTO AstroSchema.Systems VALUES ('Kentharom', 'Binary', NULL, (SELECT ConstellationName FROM AstroSchema.Constellations WHERE ConstellationName = 'Vulpecula'));
INSERT INTO AstroSchema.AstroObjects VALUES ('nyg-2433', 'Kentharom-A', 39756714810.6, 92203841.5);
INSERT INTO AstroSchema.Stars VALUES ('nyg-2433', 'III', 'Kentharom');
INSERT INTO AstroSchema.AstroObjects VALUES ('drz-5747', 'Kentharom-A-0', 36821799268.2, 968.7);
INSERT INTO AstroSchema.Planets VALUES ('drz-5747', 'Gas Giant', 'Carbon', (SELECT StarID FROM AstroSchema.Stars WHERE StarID = 'nyg-2433'), (SELECT GalaxyName FROM AstroSchema.Systems, AstroSchema.Stars WHERE StarID = 'nyg-2433' AND SystemName = InSystem));
INSERT INTO AstroSchema.AstroObjects VALUES ('jqm-6647', 'Kentharom-B', 13607828128.6, 36012282.6);
INSERT INTO AstroSchema.Stars VALUES ('jqm-6647', 'Ib', 'Kentharom');
INSERT INTO AstroSchema.AstroObjects VALUES ('svv-3354', 'Kentharom-B-0', 5425592531.4, 997.3);
INSERT INTO AstroSchema.Planets VALUES ('svv-3354', 'Mini-Neptune', 'Helium', (SELECT StarID FROM AstroSchema.Stars WHERE StarID = 'jqm-6647'), (SELECT GalaxyName FROM AstroSchema.Systems, AstroSchema.Stars WHERE StarID = 'jqm-6647' AND SystemName = InSystem));
INSERT INTO AstroSchema.AstroObjects VALUES ('tjm-4181', 'Kentharom-B-1', 11113972534.9, 815.6);
INSERT INTO AstroSchema.Planets VALUES ('tjm-4181', 'Ice Giant', 'Ocean', (SELECT StarID FROM AstroSchema.Stars WHERE StarID = 'jqm-6647'), (SELECT GalaxyName FROM AstroSchema.Systems, AstroSchema.Stars WHERE StarID = 'jqm-6647' AND SystemName = InSystem));
INSERT INTO AstroSchema.Systems VALUES ('Cajamere', 'Trinary', (SELECT GalaxyName FROM AstroSchema.Galaxies WHERE GalaxyName = 'IC 1613'), NULL);
INSERT INTO AstroSchema.AstroObjects VALUES ('plo-6527', 'Cajamere-A', 30776008937.8, 63291578.5);
INSERT INTO AstroSchema.Stars VALUES ('plo-6527', 'Ia', 'Cajamere');
INSERT INTO AstroSchema.AstroObjects VALUES ('bnm-7949', 'Cajamere-A-0', 22131686031.8, 864.8);
INSERT INTO AstroSchema.Planets VALUES ('bnm-7949', 'Super-Jupiter', 'Ice', (SELECT StarID FROM AstroSchema.Stars WHERE StarID = 'plo-6527'), (SELECT GalaxyName FROM AstroSchema.Systems, AstroSchema.Stars WHERE StarID = 'plo-6527' AND SystemName = InSystem));
INSERT INTO AstroSchema.AstroObjects VALUES ('csz-5054', 'Cajamere-A-1', 38883378070.7, 221.9);
INSERT INTO AstroSchema.Planets VALUES ('csz-5054', 'Gas Giant', 'Chtonian', (SELECT StarID FROM AstroSchema.Stars WHERE StarID = 'plo-6527'), (SELECT GalaxyName FROM AstroSchema.Systems, AstroSchema.Stars WHERE StarID = 'plo-6527' AND SystemName = InSystem));
INSERT INTO AstroSchema.AstroObjects VALUES ('pjz-3340', 'Cajamere-A-2', 2998076676.5, 1463.0);
INSERT INTO AstroSchema.Planets VALUES ('pjz-3340', 'Sub-Earth', 'Carbon', (SELECT StarID FROM AstroSchema.Stars WHERE StarID = 'plo-6527'), (SELECT GalaxyName FROM AstroSchema.Systems, AstroSchema.Stars WHERE StarID = 'plo-6527' AND SystemName = InSystem));
INSERT INTO AstroSchema.AstroObjects VALUES ('hlr-2826', 'Cajamere-A-3', 36396632210.5, 1477.5);
INSERT INTO AstroSchema.Planets VALUES ('hlr-2826', 'Ice Giant', 'Coreless', (SELECT StarID FROM AstroSchema.Stars WHERE StarID = 'plo-6527'), (SELECT GalaxyName FROM AstroSchema.Systems, AstroSchema.Stars WHERE StarID = 'plo-6527' AND SystemName = InSystem));
INSERT INTO AstroSchema.AstroObjects VALUES ('aku-8488', 'Cajamere-A-4', 29763232266.8, 461.5);
INSERT INTO AstroSchema.Planets VALUES ('aku-8488', 'Super-Earth', 'Desert', (SELECT StarID FROM AstroSchema.Stars WHERE StarID = 'plo-6527'), (SELECT GalaxyName FROM AstroSchema.Systems, AstroSchema.Stars WHERE StarID = 'plo-6527' AND SystemName = InSystem));
INSERT INTO AstroSchema.AstroObjects VALUES ('pfa-9408', 'Cajamere-A-5', 25305754458.6, 351.4);
INSERT INTO AstroSchema.Planets VALUES ('pfa-9408', 'Ice Giant', 'Chtonian', (SELECT StarID FROM AstroSchema.Stars WHERE StarID = 'plo-6527'), (SELECT GalaxyName FROM AstroSchema.Systems, AstroSchema.Stars WHERE StarID = 'plo-6527' AND SystemName = InSystem));
INSERT INTO AstroSchema.AstroObjects VALUES ('yau-5386', 'Cajamere-A-6', 42715594012.0, 1330.6);
INSERT INTO AstroSchema.Planets VALUES ('yau-5386', 'Super-Jupiter', 'Ice', (SELECT StarID FROM AstroSchema.Stars WHERE StarID = 'plo-6527'), (SELECT GalaxyName FROM AstroSchema.Systems, AstroSchema.Stars WHERE StarID = 'plo-6527' AND SystemName = InSystem));
INSERT INTO AstroSchema.AstroObjects VALUES ('kvo-7701', 'Cajamere-A-7', 35038310047.6, 11.0);
INSERT INTO AstroSchema.Planets VALUES ('kvo-7701', 'Ice Giant', 'Puffy', (SELECT StarID FROM AstroSchema.Stars WHERE StarID = 'plo-6527'), (SELECT GalaxyName FROM AstroSchema.Systems, AstroSchema.Stars WHERE StarID = 'plo-6527' AND SystemName = InSystem));
INSERT INTO AstroSchema.AstroObjects VALUES ('rhr-7782', 'Cajamere-B', 40626904383.2, 77267649.3);
INSERT INTO AstroSchema.Stars VALUES ('rhr-7782', 'D', 'Cajamere');
INSERT INTO AstroSchema.AstroObjects VALUES ('pvh-6089', 'Cajamere-C', 4133372123.0, 22708206.3);
INSERT INTO AstroSchema.Stars VALUES ('pvh-6089', 'IV', 'Cajamere');
INSERT INTO AstroSchema.AstroObjects VALUES ('iab-4401', 'Cajamere-C-0', 7099856899.0, 1307.5);
INSERT INTO AstroSchema.Planets VALUES ('iab-4401', 'Super-Earth', 'Coreless', (SELECT StarID FROM AstroSchema.Stars WHERE StarID = 'pvh-6089'), (SELECT GalaxyName FROM AstroSchema.Systems, AstroSchema.Stars WHERE StarID = 'pvh-6089' AND SystemName = InSystem));
INSERT INTO AstroSchema.AstroObjects VALUES ('dml-5492', 'Cajamere-C-1', 41289189905.6, 103.9);
INSERT INTO AstroSchema.Planets VALUES ('dml-5492', 'Mini-Neptune', 'Protoplanet', (SELECT StarID FROM AstroSchema.Stars WHERE StarID = 'pvh-6089'), (SELECT GalaxyName FROM AstroSchema.Systems, AstroSchema.Stars WHERE StarID = 'pvh-6089' AND SystemName = InSystem));
INSERT INTO AstroSchema.Systems VALUES ('Ablapus', 'Multiple', NULL, (SELECT ConstellationName FROM AstroSchema.Constellations WHERE ConstellationName = 'Cygnus'));
INSERT INTO AstroSchema.AstroObjects VALUES ('bzh-5710', 'Ablapus-A', 5308596985.3, 58434629.7);
INSERT INTO AstroSchema.Stars VALUES ('bzh-5710', 'III', 'Ablapus');
INSERT INTO AstroSchema.AstroObjects VALUES ('xvt-7666', 'Ablapus-A-0', 30115378196.7, 695.3);
INSERT INTO AstroSchema.Planets VALUES ('xvt-7666', 'Mini-Neptune', 'Chtonian', (SELECT StarID FROM AstroSchema.Stars WHERE StarID = 'bzh-5710'), (SELECT GalaxyName FROM AstroSchema.Systems, AstroSchema.Stars WHERE StarID = 'bzh-5710' AND SystemName = InSystem));
INSERT INTO AstroSchema.AstroObjects VALUES ('lcd-8799', 'Ablapus-A-1', 45247148392.0, 1337.3);
INSERT INTO AstroSchema.Planets VALUES ('lcd-8799', 'Mini-Neptune', 'Desert', (SELECT StarID FROM AstroSchema.Stars WHERE StarID = 'bzh-5710'), (SELECT GalaxyName FROM AstroSchema.Systems, AstroSchema.Stars WHERE StarID = 'bzh-5710' AND SystemName = InSystem));
INSERT INTO AstroSchema.AstroObjects VALUES ('jok-1587', 'Ablapus-A-2', 41901578972.8, 1377.7);
INSERT INTO AstroSchema.Planets VALUES ('jok-1587', 'Mini-Neptune', 'Helium', (SELECT StarID FROM AstroSchema.Stars WHERE StarID = 'bzh-5710'), (SELECT GalaxyName FROM AstroSchema.Systems, AstroSchema.Stars WHERE StarID = 'bzh-5710' AND SystemName = InSystem));
INSERT INTO AstroSchema.AstroObjects VALUES ('tfs-1407', 'Ablapus-A-3', 45910175127.3, 596.3);
INSERT INTO AstroSchema.Planets VALUES ('tfs-1407', 'Ice Giant', 'Carbon', (SELECT StarID FROM AstroSchema.Stars WHERE StarID = 'bzh-5710'), (SELECT GalaxyName FROM AstroSchema.Systems, AstroSchema.Stars WHERE StarID = 'bzh-5710' AND SystemName = InSystem));
INSERT INTO AstroSchema.AstroObjects VALUES ('out-7352', 'Ablapus-A-4', 43017804059.3, 1307.7);
INSERT INTO AstroSchema.Planets VALUES ('out-7352', 'Sub-Earth', 'Carbon', (SELECT StarID FROM AstroSchema.Stars WHERE StarID = 'bzh-5710'), (SELECT GalaxyName FROM AstroSchema.Systems, AstroSchema.Stars WHERE StarID = 'bzh-5710' AND SystemName = InSystem));
INSERT INTO AstroSchema.AstroObjects VALUES ('ths-4307', 'Ablapus-A-5', 20865264636.5, 26.5);
INSERT INTO AstroSchema.Planets VALUES ('ths-4307', 'Sub-Earth', 'Carbon', (SELECT StarID FROM AstroSchema.Stars WHERE StarID = 'bzh-5710'), (SELECT GalaxyName FROM AstroSchema.Systems, AstroSchema.Stars WHERE StarID = 'bzh-5710' AND SystemName = InSystem));
INSERT INTO AstroSchema.AstroObjects VALUES ('ytx-1290', 'Ablapus-B', 23455181998.9, 21828661.8);
INSERT INTO AstroSchema.Stars VALUES ('ytx-1290', 'IV', 'Ablapus');
INSERT INTO AstroSchema.AstroObjects VALUES ('tgw-9731', 'Ablapus-B-0', 21133462851.5, 249.7);
INSERT INTO AstroSchema.Planets VALUES ('tgw-9731', 'Super-Jupiter', 'Carbon', (SELECT StarID FROM AstroSchema.Stars WHERE StarID = 'ytx-1290'), (SELECT GalaxyName FROM AstroSchema.Systems, AstroSchema.Stars WHERE StarID = 'ytx-1290' AND SystemName = InSystem));
INSERT INTO AstroSchema.AstroObjects VALUES ('pjj-1909', 'Ablapus-C', 1392993356.4, 8232538.1);
INSERT INTO AstroSchema.Stars VALUES ('pjj-1909', 'D', 'Ablapus');
INSERT INTO AstroSchema.AstroObjects VALUES ('sgs-7063', 'Ablapus-D', 21238833650.0, 53455564.1);
INSERT INTO AstroSchema.Stars VALUES ('sgs-7063', 'D', 'Ablapus');
INSERT INTO AstroSchema.AstroObjects VALUES ('jza-1215', 'Ablapus-D-0', 19156878665.2, 247.5);
INSERT INTO AstroSchema.Planets VALUES ('jza-1215', 'Ice Giant', 'Gas dwarf', (SELECT StarID FROM AstroSchema.Stars WHERE StarID = 'sgs-7063'), (SELECT GalaxyName FROM AstroSchema.Systems, AstroSchema.Stars WHERE StarID = 'sgs-7063' AND SystemName = InSystem));
INSERT INTO AstroSchema.AstroObjects VALUES ('sjo-8495', 'Ablapus-D-1', 18700648699.1, 1482.6);
INSERT INTO AstroSchema.Planets VALUES ('sjo-8495', 'Ice Giant', 'Ocean', (SELECT StarID FROM AstroSchema.Stars WHERE StarID = 'sgs-7063'), (SELECT GalaxyName FROM AstroSchema.Systems, AstroSchema.Stars WHERE StarID = 'sgs-7063' AND SystemName = InSystem));
INSERT INTO AstroSchema.AstroObjects VALUES ('vqy-1567', 'Ablapus-E', 39926678148.2, 41012942.6);
INSERT INTO AstroSchema.Stars VALUES ('vqy-1567', 'II', 'Ablapus');
INSERT INTO AstroSchema.AstroObjects VALUES ('zxp-7306', 'Ablapus-E-0', 34960695147.9, 371.5);
INSERT INTO AstroSchema.Planets VALUES ('zxp-7306', 'Super-Earth', 'Helium', (SELECT StarID FROM AstroSchema.Stars WHERE StarID = 'vqy-1567'), (SELECT GalaxyName FROM AstroSchema.Systems, AstroSchema.Stars WHERE StarID = 'vqy-1567' AND SystemName = InSystem));
INSERT INTO AstroSchema.AstroObjects VALUES ('wum-2505', 'Ablapus-E-1', 36137366597.0, 1247.2);
INSERT INTO AstroSchema.Planets VALUES ('wum-2505', 'Gas Giant', 'Gas dwarf', (SELECT StarID FROM AstroSchema.Stars WHERE StarID = 'vqy-1567'), (SELECT GalaxyName FROM AstroSchema.Systems, AstroSchema.Stars WHERE StarID = 'vqy-1567' AND SystemName = InSystem));
INSERT INTO AstroSchema.AstroObjects VALUES ('klo-4543', 'Ablapus-E-2', 9247319552.3, 435.4);
INSERT INTO AstroSchema.Planets VALUES ('klo-4543', 'Super-Jupiter', 'Puffy', (SELECT StarID FROM AstroSchema.Stars WHERE StarID = 'vqy-1567'), (SELECT GalaxyName FROM AstroSchema.Systems, AstroSchema.Stars WHERE StarID = 'vqy-1567' AND SystemName = InSystem));
INSERT INTO AstroSchema.AstroObjects VALUES ('rdh-6918', 'Ablapus-E-3', 10133567133.5, 520.9);
INSERT INTO AstroSchema.Planets VALUES ('rdh-6918', 'Gas Giant', 'Puffy', (SELECT StarID FROM AstroSchema.Stars WHERE StarID = 'vqy-1567'), (SELECT GalaxyName FROM AstroSchema.Systems, AstroSchema.Stars WHERE StarID = 'vqy-1567' AND SystemName = InSystem));
INSERT INTO AstroSchema.AstroObjects VALUES ('vis-7124', 'Ablapus-E-4', 20616285694.6, 1445.2);
INSERT INTO AstroSchema.Planets VALUES ('vis-7124', 'Super-Earth', 'Puffy', (SELECT StarID FROM AstroSchema.Stars WHERE StarID = 'vqy-1567'), (SELECT GalaxyName FROM AstroSchema.Systems, AstroSchema.Stars WHERE StarID = 'vqy-1567' AND SystemName = InSystem));
INSERT INTO AstroSchema.AstroObjects VALUES ('wyk-7816', 'Ablapus-E-5', 41743714933.6, 92.5);
INSERT INTO AstroSchema.Planets VALUES ('wyk-7816', 'Super-Jupiter', 'Helium', (SELECT StarID FROM AstroSchema.Stars WHERE StarID = 'vqy-1567'), (SELECT GalaxyName FROM AstroSchema.Systems, AstroSchema.Stars WHERE StarID = 'vqy-1567' AND SystemName = InSystem));
INSERT INTO AstroSchema.Systems VALUES ('Vohaul', 'Mono', (SELECT GalaxyName FROM AstroSchema.Galaxies WHERE GalaxyName = 'Wolf-Lundmark-Melotte'), (SELECT ConstellationName FROM AstroSchema.Galaxies WHERE GalaxyName = 'Wolf-Lundmark-Melotte'));
INSERT INTO AstroSchema.AstroObjects VALUES ('kum-1693', 'Vohaul', 14173074396.7, 38739232.3);
INSERT INTO AstroSchema.Stars VALUES ('kum-1693', 'II', 'Vohaul');
INSERT INTO AstroSchema.Systems VALUES ('Kelsim', 'Mono', (SELECT GalaxyName FROM AstroSchema.Galaxies WHERE GalaxyName = 'Triangulum'), NULL);
INSERT INTO AstroSchema.AstroObjects VALUES ('ybu-6633', 'Kelsim', 23451363478.1, 43642905.2);
INSERT INTO AstroSchema.Stars VALUES ('ybu-6633', 'Ia-O', 'Kelsim');
INSERT INTO AstroSchema.AstroObjects VALUES ('wzj-6422', 'Kelsim-0', 29086795208.4, 1432.3);
INSERT INTO AstroSchema.Planets VALUES ('wzj-6422', 'Ice Giant', 'Silicate', (SELECT StarID FROM AstroSchema.Stars WHERE StarID = 'ybu-6633'), (SELECT GalaxyName FROM AstroSchema.Systems, AstroSchema.Stars WHERE StarID = 'ybu-6633' AND SystemName = InSystem));
INSERT INTO AstroSchema.Systems VALUES ('Saldar', 'Trinary', (SELECT GalaxyName FROM AstroSchema.Galaxies WHERE GalaxyName = 'Sextans B'), (SELECT ConstellationName FROM AstroSchema.Galaxies WHERE GalaxyName = 'Sextans B'));
INSERT INTO AstroSchema.AstroObjects VALUES ('ecs-3899', 'Saldar-A', 5848818145.9, 16483353.8);
INSERT INTO AstroSchema.Stars VALUES ('ecs-3899', 'VI', 'Saldar');
INSERT INTO AstroSchema.AstroObjects VALUES ('zpw-1276', 'Saldar-A-0', 35012821458.7, 1274.8);
INSERT INTO AstroSchema.Planets VALUES ('zpw-1276', 'Super-Earth', 'Gas dwarf', (SELECT StarID FROM AstroSchema.Stars WHERE StarID = 'ecs-3899'), (SELECT GalaxyName FROM AstroSchema.Systems, AstroSchema.Stars WHERE StarID = 'ecs-3899' AND SystemName = InSystem));
INSERT INTO AstroSchema.AstroObjects VALUES ('qpf-8986', 'Saldar-A-1', 11088334784.9, 12.0);
INSERT INTO AstroSchema.Planets VALUES ('qpf-8986', 'Ice Giant', 'Ice', (SELECT StarID FROM AstroSchema.Stars WHERE StarID = 'ecs-3899'), (SELECT GalaxyName FROM AstroSchema.Systems, AstroSchema.Stars WHERE StarID = 'ecs-3899' AND SystemName = InSystem));
INSERT INTO AstroSchema.AstroObjects VALUES ('mte-4287', 'Saldar-A-2', 30720977087.7, 114.4);
INSERT INTO AstroSchema.Planets VALUES ('mte-4287', 'Gas Giant', 'Coreless', (SELECT StarID FROM AstroSchema.Stars WHERE StarID = 'ecs-3899'), (SELECT GalaxyName FROM AstroSchema.Systems, AstroSchema.Stars WHERE StarID = 'ecs-3899' AND SystemName = InSystem));
INSERT INTO AstroSchema.AstroObjects VALUES ('cfg-9956', 'Saldar-B', 27677336336.9, 88615891.5);
INSERT INTO AstroSchema.Stars VALUES ('cfg-9956', 'II', 'Saldar');
INSERT INTO AstroSchema.AstroObjects VALUES ('ylc-5945', 'Saldar-B-0', 5032378821.6, 934.1);
INSERT INTO AstroSchema.Planets VALUES ('ylc-5945', 'Super-Earth', 'Coreless', (SELECT StarID FROM AstroSchema.Stars WHERE StarID = 'cfg-9956'), (SELECT GalaxyName FROM AstroSchema.Systems, AstroSchema.Stars WHERE StarID = 'cfg-9956' AND SystemName = InSystem));
INSERT INTO AstroSchema.AstroObjects VALUES ('psw-9518', 'Saldar-B-1', 45144573550.0, 1184.8);
INSERT INTO AstroSchema.Planets VALUES ('psw-9518', 'Sub-Earth', 'Protoplanet', (SELECT StarID FROM AstroSchema.Stars WHERE StarID = 'cfg-9956'), (SELECT GalaxyName FROM AstroSchema.Systems, AstroSchema.Stars WHERE StarID = 'cfg-9956' AND SystemName = InSystem));
INSERT INTO AstroSchema.AstroObjects VALUES ('wrn-1368', 'Saldar-C', 30060760701.0, 56681070.3);
INSERT INTO AstroSchema.Stars VALUES ('wrn-1368', 'II', 'Saldar');
INSERT INTO AstroSchema.Systems VALUES ('Jamor', 'Binary', (SELECT GalaxyName FROM AstroSchema.Galaxies WHERE GalaxyName = 'Draco Dwarf'), (SELECT ConstellationName FROM AstroSchema.Galaxies WHERE GalaxyName = 'Draco Dwarf'));
INSERT INTO AstroSchema.AstroObjects VALUES ('esy-4249', 'Jamor-A', 19239587633.9, 88285604.9);
INSERT INTO AstroSchema.Stars VALUES ('esy-4249', 'Ia', 'Jamor');
INSERT INTO AstroSchema.AstroObjects VALUES ('toh-3533', 'Jamor-A-0', 11280591740.2, 388.9);
INSERT INTO AstroSchema.Planets VALUES ('toh-3533', 'Super-Jupiter', 'Gas dwarf', (SELECT StarID FROM AstroSchema.Stars WHERE StarID = 'esy-4249'), (SELECT GalaxyName FROM AstroSchema.Systems, AstroSchema.Stars WHERE StarID = 'esy-4249' AND SystemName = InSystem));
INSERT INTO AstroSchema.AstroObjects VALUES ('rxd-4515', 'Jamor-B', 27730878467.4, 22426726.4);
INSERT INTO AstroSchema.Stars VALUES ('rxd-4515', 'VI', 'Jamor');
INSERT INTO AstroSchema.AstroObjects VALUES ('lze-7666', 'Jamor-B-0', 29374486422.9, 215.2);
INSERT INTO AstroSchema.Planets VALUES ('lze-7666', 'Ice Giant', 'Hycean', (SELECT StarID FROM AstroSchema.Stars WHERE StarID = 'rxd-4515'), (SELECT GalaxyName FROM AstroSchema.Systems, AstroSchema.Stars WHERE StarID = 'rxd-4515' AND SystemName = InSystem));
INSERT INTO AstroSchema.AstroObjects VALUES ('ojm-7119', 'Jamor-B-1', 32851837743.5, 972.3);
INSERT INTO AstroSchema.Planets VALUES ('ojm-7119', 'Super-Jupiter', 'Gas giant', (SELECT StarID FROM AstroSchema.Stars WHERE StarID = 'rxd-4515'), (SELECT GalaxyName FROM AstroSchema.Systems, AstroSchema.Stars WHERE StarID = 'rxd-4515' AND SystemName = InSystem));
INSERT INTO AstroSchema.AstroObjects VALUES ('qpd-9608', 'Jamor-B-2', 12680077685.8, 1197.6);
INSERT INTO AstroSchema.Planets VALUES ('qpd-9608', 'Gas Giant', 'Ocean', (SELECT StarID FROM AstroSchema.Stars WHERE StarID = 'rxd-4515'), (SELECT GalaxyName FROM AstroSchema.Systems, AstroSchema.Stars WHERE StarID = 'rxd-4515' AND SystemName = InSystem));
INSERT INTO AstroSchema.AstroObjects VALUES ('vtp-7014', 'Jamor-B-3', 24232241626.3, 630.0);
INSERT INTO AstroSchema.Planets VALUES ('vtp-7014', 'Mini-Neptune', 'Hycean', (SELECT StarID FROM AstroSchema.Stars WHERE StarID = 'rxd-4515'), (SELECT GalaxyName FROM AstroSchema.Systems, AstroSchema.Stars WHERE StarID = 'rxd-4515' AND SystemName = InSystem));
INSERT INTO AstroSchema.AstroObjects VALUES ('xdj-5436', 'Jamor-B-4', 27844608156.3, 1413.2);
INSERT INTO AstroSchema.Planets VALUES ('xdj-5436', 'Sub-Earth', 'Silicate', (SELECT StarID FROM AstroSchema.Stars WHERE StarID = 'rxd-4515'), (SELECT GalaxyName FROM AstroSchema.Systems, AstroSchema.Stars WHERE StarID = 'rxd-4515' AND SystemName = InSystem));
INSERT INTO AstroSchema.AstroObjects VALUES ('sqj-5893', 'Jamor-B-5', 28717879227.7, 643.2);
INSERT INTO AstroSchema.Planets VALUES ('sqj-5893', 'Mini-Neptune', 'Hycean', (SELECT StarID FROM AstroSchema.Stars WHERE StarID = 'rxd-4515'), (SELECT GalaxyName FROM AstroSchema.Systems, AstroSchema.Stars WHERE StarID = 'rxd-4515' AND SystemName = InSystem));
INSERT INTO AstroSchema.AstroObjects VALUES ('evr-9380', 'Jamor-B-6', 836133204.9, 699.1);
INSERT INTO AstroSchema.Planets VALUES ('evr-9380', 'Super-Earth', 'Coreless', (SELECT StarID FROM AstroSchema.Stars WHERE StarID = 'rxd-4515'), (SELECT GalaxyName FROM AstroSchema.Systems, AstroSchema.Stars WHERE StarID = 'rxd-4515' AND SystemName = InSystem));
INSERT INTO AstroSchema.AstroObjects VALUES ('adz-7431', 'Jamor-B-7', 16600964983.2, 1317.5);
INSERT INTO AstroSchema.Planets VALUES ('adz-7431', 'Ice Giant', 'Ocean', (SELECT StarID FROM AstroSchema.Stars WHERE StarID = 'rxd-4515'), (SELECT GalaxyName FROM AstroSchema.Systems, AstroSchema.Stars WHERE StarID = 'rxd-4515' AND SystemName = InSystem));
INSERT INTO AstroSchema.Systems VALUES ('Elissa', 'Binary', (SELECT GalaxyName FROM AstroSchema.Galaxies WHERE GalaxyName = 'Maffei 2'), (SELECT ConstellationName FROM AstroSchema.Galaxies WHERE GalaxyName = 'Maffei 2'));
INSERT INTO AstroSchema.AstroObjects VALUES ('rtn-1892', 'Elissa-A', 7619172348.4, 94956257.7);
INSERT INTO AstroSchema.Stars VALUES ('rtn-1892', 'II', 'Elissa');
INSERT INTO AstroSchema.AstroObjects VALUES ('odp-1940', 'Elissa-A-0', 32706990910.4, 862.8);
INSERT INTO AstroSchema.Planets VALUES ('odp-1940', 'Super-Earth', 'Carbon', (SELECT StarID FROM AstroSchema.Stars WHERE StarID = 'rtn-1892'), (SELECT GalaxyName FROM AstroSchema.Systems, AstroSchema.Stars WHERE StarID = 'rtn-1892' AND SystemName = InSystem));
INSERT INTO AstroSchema.AstroObjects VALUES ('fpw-7381', 'Elissa-A-1', 2950199219.3, 1428.3);
INSERT INTO AstroSchema.Planets VALUES ('fpw-7381', 'Sub-Earth', 'Ice', (SELECT StarID FROM AstroSchema.Stars WHERE StarID = 'rtn-1892'), (SELECT GalaxyName FROM AstroSchema.Systems, AstroSchema.Stars WHERE StarID = 'rtn-1892' AND SystemName = InSystem));
INSERT INTO AstroSchema.AstroObjects VALUES ('fca-3970', 'Elissa-A-2', 36190125684.9, 1165.3);
INSERT INTO AstroSchema.Planets VALUES ('fca-3970', 'Super-Earth', 'Ice', (SELECT StarID FROM AstroSchema.Stars WHERE StarID = 'rtn-1892'), (SELECT GalaxyName FROM AstroSchema.Systems, AstroSchema.Stars WHERE StarID = 'rtn-1892' AND SystemName = InSystem));
INSERT INTO AstroSchema.AstroObjects VALUES ('aen-8047', 'Elissa-A-3', 35072563253.2, 442.9);
INSERT INTO AstroSchema.Planets VALUES ('aen-8047', 'Super-Jupiter', 'Carbon', (SELECT StarID FROM AstroSchema.Stars WHERE StarID = 'rtn-1892'), (SELECT GalaxyName FROM AstroSchema.Systems, AstroSchema.Stars WHERE StarID = 'rtn-1892' AND SystemName = InSystem));
INSERT INTO AstroSchema.AstroObjects VALUES ('mai-9520', 'Elissa-B', 29017627896.9, 48032144.6);
INSERT INTO AstroSchema.Stars VALUES ('mai-9520', 'V', 'Elissa');
INSERT INTO AstroSchema.Systems VALUES ('Nomotar', 'Binary', (SELECT GalaxyName FROM AstroSchema.Galaxies WHERE GalaxyName = 'Maffei 2'), (SELECT ConstellationName FROM AstroSchema.Galaxies WHERE GalaxyName = 'Maffei 2'));
INSERT INTO AstroSchema.AstroObjects VALUES ('twd-7660', 'Nomotar-A', 15894478634.3, 9676291.7);
INSERT INTO AstroSchema.Stars VALUES ('twd-7660', 'V', 'Nomotar');
INSERT INTO AstroSchema.AstroObjects VALUES ('rec-8514', 'Nomotar-A-0', 22061165250.0, 1372.5);
INSERT INTO AstroSchema.Planets VALUES ('rec-8514', 'Super-Jupiter', 'Hycean', (SELECT StarID FROM AstroSchema.Stars WHERE StarID = 'twd-7660'), (SELECT GalaxyName FROM AstroSchema.Systems, AstroSchema.Stars WHERE StarID = 'twd-7660' AND SystemName = InSystem));
INSERT INTO AstroSchema.AstroObjects VALUES ('gvj-6588', 'Nomotar-B', 24620072795.1, 96331766.4);
INSERT INTO AstroSchema.Stars VALUES ('gvj-6588', 'VI', 'Nomotar');
INSERT INTO AstroSchema.Systems VALUES ('Rebulon', 'Mono', (SELECT GalaxyName FROM AstroSchema.Galaxies WHERE GalaxyName = 'Fornax Dwarf'), (SELECT ConstellationName FROM AstroSchema.Galaxies WHERE GalaxyName = 'Fornax Dwarf'));
INSERT INTO AstroSchema.AstroObjects VALUES ('zxf-5975', 'Rebulon', 11423460776.0, 67228926.0);
INSERT INTO AstroSchema.Stars VALUES ('zxf-5975', 'Ia', 'Rebulon');
INSERT INTO AstroSchema.Systems VALUES ('Pesch', 'Binary', (SELECT GalaxyName FROM AstroSchema.Galaxies WHERE GalaxyName = 'Sextans B'), (SELECT ConstellationName FROM AstroSchema.Galaxies WHERE GalaxyName = 'Sextans B'));
INSERT INTO AstroSchema.AstroObjects VALUES ('ksy-8608', 'Pesch-A', 14584376896.7, 72592974.8);
INSERT INTO AstroSchema.Stars VALUES ('ksy-8608', 'VI', 'Pesch');
INSERT INTO AstroSchema.AstroObjects VALUES ('tqx-4840', 'Pesch-A-0', 44359138126.8, 1064.2);
INSERT INTO AstroSchema.Planets VALUES ('tqx-4840', 'Mini-Neptune', 'Gas dwarf', (SELECT StarID FROM AstroSchema.Stars WHERE StarID = 'ksy-8608'), (SELECT GalaxyName FROM AstroSchema.Systems, AstroSchema.Stars WHERE StarID = 'ksy-8608' AND SystemName = InSystem));
INSERT INTO AstroSchema.AstroObjects VALUES ('hps-3180', 'Pesch-A-1', 16605840944.1, 840.9);
INSERT INTO AstroSchema.Planets VALUES ('hps-3180', 'Sub-Earth', 'Ocean', (SELECT StarID FROM AstroSchema.Stars WHERE StarID = 'ksy-8608'), (SELECT GalaxyName FROM AstroSchema.Systems, AstroSchema.Stars WHERE StarID = 'ksy-8608' AND SystemName = InSystem));
INSERT INTO AstroSchema.AstroObjects VALUES ('qsw-2781', 'Pesch-A-2', 14249324382.7, 1448.8);
INSERT INTO AstroSchema.Planets VALUES ('qsw-2781', 'Super-Earth', 'Helium', (SELECT StarID FROM AstroSchema.Stars WHERE StarID = 'ksy-8608'), (SELECT GalaxyName FROM AstroSchema.Systems, AstroSchema.Stars WHERE StarID = 'ksy-8608' AND SystemName = InSystem));
INSERT INTO AstroSchema.AstroObjects VALUES ('zsv-8243', 'Pesch-B', 18434168888.5, 95319632.0);
INSERT INTO AstroSchema.Stars VALUES ('zsv-8243', 'D', 'Pesch');
INSERT INTO AstroSchema.Systems VALUES ('Ensmars', 'Mono', (SELECT GalaxyName FROM AstroSchema.Galaxies WHERE GalaxyName = 'Sextans B'), (SELECT ConstellationName FROM AstroSchema.Galaxies WHERE GalaxyName = 'Sextans B'));
INSERT INTO AstroSchema.AstroObjects VALUES ('dvg-4841', 'Ensmars', 29361016863.9, 15762355.1);
INSERT INTO AstroSchema.Stars VALUES ('dvg-4841', 'Ia', 'Ensmars');
INSERT INTO AstroSchema.Systems VALUES ('Nethupa', 'Trinary', (SELECT GalaxyName FROM AstroSchema.Galaxies WHERE GalaxyName = 'Triangulum'), (SELECT ConstellationName FROM AstroSchema.Galaxies WHERE GalaxyName = 'Triangulum'));
INSERT INTO AstroSchema.AstroObjects VALUES ('efh-3377', 'Nethupa-A', 24755973306.0, 10065785.7);
INSERT INTO AstroSchema.Stars VALUES ('efh-3377', 'Ia-O', 'Nethupa');
INSERT INTO AstroSchema.AstroObjects VALUES ('lbb-7029', 'Nethupa-A-0', 34198043712.4, 923.7);
INSERT INTO AstroSchema.Planets VALUES ('lbb-7029', 'Super-Jupiter', 'Puffy', (SELECT StarID FROM AstroSchema.Stars WHERE StarID = 'efh-3377'), (SELECT GalaxyName FROM AstroSchema.Systems, AstroSchema.Stars WHERE StarID = 'efh-3377' AND SystemName = InSystem));
INSERT INTO AstroSchema.AstroObjects VALUES ('uns-2566', 'Nethupa-B', 25083539101.0, 48389922.2);
INSERT INTO AstroSchema.Stars VALUES ('uns-2566', 'Ia', 'Nethupa');
INSERT INTO AstroSchema.AstroObjects VALUES ('ijo-1476', 'Nethupa-B-0', 31750242863.4, 1339.9);
INSERT INTO AstroSchema.Planets VALUES ('ijo-1476', 'Gas Giant', 'Ice', (SELECT StarID FROM AstroSchema.Stars WHERE StarID = 'uns-2566'), (SELECT GalaxyName FROM AstroSchema.Systems, AstroSchema.Stars WHERE StarID = 'uns-2566' AND SystemName = InSystem));
INSERT INTO AstroSchema.AstroObjects VALUES ('uch-9880', 'Nethupa-B-1', 44586531876.6, 880.8);
INSERT INTO AstroSchema.Planets VALUES ('uch-9880', 'Sub-Earth', 'Protoplanet', (SELECT StarID FROM AstroSchema.Stars WHERE StarID = 'uns-2566'), (SELECT GalaxyName FROM AstroSchema.Systems, AstroSchema.Stars WHERE StarID = 'uns-2566' AND SystemName = InSystem));
INSERT INTO AstroSchema.AstroObjects VALUES ('bfc-2552', 'Nethupa-B-2', 15427980798.7, 56.9);
INSERT INTO AstroSchema.Planets VALUES ('bfc-2552', 'Super-Jupiter', 'Coreless', (SELECT StarID FROM AstroSchema.Stars WHERE StarID = 'uns-2566'), (SELECT GalaxyName FROM AstroSchema.Systems, AstroSchema.Stars WHERE StarID = 'uns-2566' AND SystemName = InSystem));
INSERT INTO AstroSchema.AstroObjects VALUES ('kmn-4869', 'Nethupa-B-3', 17948627603.6, 1036.9);
INSERT INTO AstroSchema.Planets VALUES ('kmn-4869', 'Sub-Earth', 'Coreless', (SELECT StarID FROM AstroSchema.Stars WHERE StarID = 'uns-2566'), (SELECT GalaxyName FROM AstroSchema.Systems, AstroSchema.Stars WHERE StarID = 'uns-2566' AND SystemName = InSystem));
INSERT INTO AstroSchema.AstroObjects VALUES ('yct-6499', 'Nethupa-B-4', 16827274266.4, 1351.6);
INSERT INTO AstroSchema.Planets VALUES ('yct-6499', 'Mini-Neptune', 'Helium', (SELECT StarID FROM AstroSchema.Stars WHERE StarID = 'uns-2566'), (SELECT GalaxyName FROM AstroSchema.Systems, AstroSchema.Stars WHERE StarID = 'uns-2566' AND SystemName = InSystem));
INSERT INTO AstroSchema.AstroObjects VALUES ('snu-7403', 'Nethupa-B-5', 12995174866.6, 942.9);
INSERT INTO AstroSchema.Planets VALUES ('snu-7403', 'Mini-Neptune', 'Desert', (SELECT StarID FROM AstroSchema.Stars WHERE StarID = 'uns-2566'), (SELECT GalaxyName FROM AstroSchema.Systems, AstroSchema.Stars WHERE StarID = 'uns-2566' AND SystemName = InSystem));
INSERT INTO AstroSchema.AstroObjects VALUES ('eon-1586', 'Nethupa-B-6', 43140704187.6, 985.2);
INSERT INTO AstroSchema.Planets VALUES ('eon-1586', 'Sub-Earth', 'Protoplanet', (SELECT StarID FROM AstroSchema.Stars WHERE StarID = 'uns-2566'), (SELECT GalaxyName FROM AstroSchema.Systems, AstroSchema.Stars WHERE StarID = 'uns-2566' AND SystemName = InSystem));
INSERT INTO AstroSchema.AstroObjects VALUES ('npx-2865', 'Nethupa-B-7', 2596656308.7, 392.9);
INSERT INTO AstroSchema.Planets VALUES ('npx-2865', 'Sub-Earth', 'Coreless', (SELECT StarID FROM AstroSchema.Stars WHERE StarID = 'uns-2566'), (SELECT GalaxyName FROM AstroSchema.Systems, AstroSchema.Stars WHERE StarID = 'uns-2566' AND SystemName = InSystem));
INSERT INTO AstroSchema.AstroObjects VALUES ('umn-2642', 'Nethupa-B-8', 4998683889.6, 1462.1);
INSERT INTO AstroSchema.Planets VALUES ('umn-2642', 'Super-Earth', 'Carbon', (SELECT StarID FROM AstroSchema.Stars WHERE StarID = 'uns-2566'), (SELECT GalaxyName FROM AstroSchema.Systems, AstroSchema.Stars WHERE StarID = 'uns-2566' AND SystemName = InSystem));
INSERT INTO AstroSchema.AstroObjects VALUES ('wee-1913', 'Nethupa-C', 19050732493.7, 24024714.8);
INSERT INTO AstroSchema.Stars VALUES ('wee-1913', 'Ia-O', 'Nethupa');
INSERT INTO AstroSchema.Systems VALUES ('Teige', 'Mono', (SELECT GalaxyName FROM AstroSchema.Galaxies WHERE GalaxyName = 'NGC 147'), NULL);
INSERT INTO AstroSchema.AstroObjects VALUES ('dvi-5192', 'Teige', 45427837932.9, 63470105.7);
INSERT INTO AstroSchema.Stars VALUES ('dvi-5192', 'V', 'Teige');
INSERT INTO AstroSchema.AstroObjects VALUES ('dxk-6703', 'Teige-0', 8133211397.5, 379.6);
INSERT INTO AstroSchema.Planets VALUES ('dxk-6703', 'Super-Earth', 'Puffy', (SELECT StarID FROM AstroSchema.Stars WHERE StarID = 'dvi-5192'), (SELECT GalaxyName FROM AstroSchema.Systems, AstroSchema.Stars WHERE StarID = 'dvi-5192' AND SystemName = InSystem));
INSERT INTO AstroSchema.Systems VALUES ('Tyastedore', 'Binary', (SELECT GalaxyName FROM AstroSchema.Galaxies WHERE GalaxyName = 'Maffei 2'), NULL);
INSERT INTO AstroSchema.AstroObjects VALUES ('iix-5988', 'Tyastedore-A', 27432936110.8, 72792024.8);
INSERT INTO AstroSchema.Stars VALUES ('iix-5988', 'V', 'Tyastedore');
INSERT INTO AstroSchema.AstroObjects VALUES ('gce-8009', 'Tyastedore-B', 12934421570.5, 75400272.5);
INSERT INTO AstroSchema.Stars VALUES ('gce-8009', 'V', 'Tyastedore');
INSERT INTO AstroSchema.AstroObjects VALUES ('sut-9486', 'Tyastedore-B-0', 7240300084.5, 796.2);
INSERT INTO AstroSchema.Planets VALUES ('sut-9486', 'Gas Giant', 'Terrestrial', (SELECT StarID FROM AstroSchema.Stars WHERE StarID = 'gce-8009'), (SELECT GalaxyName FROM AstroSchema.Systems, AstroSchema.Stars WHERE StarID = 'gce-8009' AND SystemName = InSystem));
INSERT INTO AstroSchema.AstroObjects VALUES ('mgz-3040', 'Tyastedore-B-1', 6043883611.6, 311.2);
INSERT INTO AstroSchema.Planets VALUES ('mgz-3040', 'Mini-Neptune', 'Coreless', (SELECT StarID FROM AstroSchema.Stars WHERE StarID = 'gce-8009'), (SELECT GalaxyName FROM AstroSchema.Systems, AstroSchema.Stars WHERE StarID = 'gce-8009' AND SystemName = InSystem));
INSERT INTO AstroSchema.AstroObjects VALUES ('ceq-6035', 'Tyastedore-B-2', 39527294440.9, 943.7);
INSERT INTO AstroSchema.Planets VALUES ('ceq-6035', 'Mini-Neptune', 'Gas giant', (SELECT StarID FROM AstroSchema.Stars WHERE StarID = 'gce-8009'), (SELECT GalaxyName FROM AstroSchema.Systems, AstroSchema.Stars WHERE StarID = 'gce-8009' AND SystemName = InSystem));
INSERT INTO AstroSchema.AstroObjects VALUES ('iav-4890', 'Tyastedore-B-3', 31034806833.4, 898.7);
INSERT INTO AstroSchema.Planets VALUES ('iav-4890', 'Sub-Earth', 'Gas dwarf', (SELECT StarID FROM AstroSchema.Stars WHERE StarID = 'gce-8009'), (SELECT GalaxyName FROM AstroSchema.Systems, AstroSchema.Stars WHERE StarID = 'gce-8009' AND SystemName = InSystem));
INSERT INTO AstroSchema.AstroObjects VALUES ('ebc-2390', 'Tyastedore-B-4', 23024807119.0, 984.7);
INSERT INTO AstroSchema.Planets VALUES ('ebc-2390', 'Super-Earth', 'Protoplanet', (SELECT StarID FROM AstroSchema.Stars WHERE StarID = 'gce-8009'), (SELECT GalaxyName FROM AstroSchema.Systems, AstroSchema.Stars WHERE StarID = 'gce-8009' AND SystemName = InSystem));
INSERT INTO AstroSchema.AstroObjects VALUES ('bzm-1437', 'Tyastedore-B-5', 31929157248.9, 766.9);
INSERT INTO AstroSchema.Planets VALUES ('bzm-1437', 'Ice Giant', 'Helium', (SELECT StarID FROM AstroSchema.Stars WHERE StarID = 'gce-8009'), (SELECT GalaxyName FROM AstroSchema.Systems, AstroSchema.Stars WHERE StarID = 'gce-8009' AND SystemName = InSystem));
INSERT INTO AstroSchema.Systems VALUES ('Teydialara', 'Binary', (SELECT GalaxyName FROM AstroSchema.Galaxies WHERE GalaxyName = 'Fornax Dwarf'), NULL);
INSERT INTO AstroSchema.AstroObjects VALUES ('qxk-8232', 'Teydialara-A', 36672021727.9, 41490802.2);
INSERT INTO AstroSchema.Stars VALUES ('qxk-8232', 'V', 'Teydialara');
INSERT INTO AstroSchema.AstroObjects VALUES ('sdt-2575', 'Teydialara-B', 19605936686.1, 48749656.3);
INSERT INTO AstroSchema.Stars VALUES ('sdt-2575', 'II', 'Teydialara');
INSERT INTO AstroSchema.AstroObjects VALUES ('ksb-9057', 'Teydialara-B-0', 1198400023.7, 1192.2);
INSERT INTO AstroSchema.Planets VALUES ('ksb-9057', 'Mini-Neptune', 'Gas giant', (SELECT StarID FROM AstroSchema.Stars WHERE StarID = 'sdt-2575'), (SELECT GalaxyName FROM AstroSchema.Systems, AstroSchema.Stars WHERE StarID = 'sdt-2575' AND SystemName = InSystem));
INSERT INTO AstroSchema.AstroObjects VALUES ('kqn-2147', 'Teydialara-B-1', 2314658844.0, 944.2);
INSERT INTO AstroSchema.Planets VALUES ('kqn-2147', 'Mini-Neptune', 'Coreless', (SELECT StarID FROM AstroSchema.Stars WHERE StarID = 'sdt-2575'), (SELECT GalaxyName FROM AstroSchema.Systems, AstroSchema.Stars WHERE StarID = 'sdt-2575' AND SystemName = InSystem));
INSERT INTO AstroSchema.AstroObjects VALUES ('uek-9505', 'Teydialara-B-2', 29273443977.2, 1156.1);
INSERT INTO AstroSchema.Planets VALUES ('uek-9505', 'Sub-Earth', 'Coreless', (SELECT StarID FROM AstroSchema.Stars WHERE StarID = 'sdt-2575'), (SELECT GalaxyName FROM AstroSchema.Systems, AstroSchema.Stars WHERE StarID = 'sdt-2575' AND SystemName = InSystem));
INSERT INTO AstroSchema.AstroObjects VALUES ('utq-4881', 'Teydialara-B-3', 26656409015.6, 999.4);
INSERT INTO AstroSchema.Planets VALUES ('utq-4881', 'Gas Giant', 'Gas dwarf', (SELECT StarID FROM AstroSchema.Stars WHERE StarID = 'sdt-2575'), (SELECT GalaxyName FROM AstroSchema.Systems, AstroSchema.Stars WHERE StarID = 'sdt-2575' AND SystemName = InSystem));
INSERT INTO AstroSchema.AstroObjects VALUES ('arh-7607', 'Teydialara-B-4', 5034064063.7, 880.7);
INSERT INTO AstroSchema.Planets VALUES ('arh-7607', 'Sub-Earth', 'Terrestrial', (SELECT StarID FROM AstroSchema.Stars WHERE StarID = 'sdt-2575'), (SELECT GalaxyName FROM AstroSchema.Systems, AstroSchema.Stars WHERE StarID = 'sdt-2575' AND SystemName = InSystem));
INSERT INTO AstroSchema.Systems VALUES ('Boldoon', 'Mono', (SELECT GalaxyName FROM AstroSchema.Galaxies WHERE GalaxyName = 'Messier 110'), (SELECT ConstellationName FROM AstroSchema.Galaxies WHERE GalaxyName = 'Messier 110'));
INSERT INTO AstroSchema.AstroObjects VALUES ('cos-6623', 'Boldoon', 11543901643.0, 47008254.9);
INSERT INTO AstroSchema.Stars VALUES ('cos-6623', 'III', 'Boldoon');
INSERT INTO AstroSchema.AstroObjects VALUES ('mqq-1898', 'Boldoon-0', 36973105318.9, 1273.7);
INSERT INTO AstroSchema.Planets VALUES ('mqq-1898', 'Ice Giant', 'Ocean', (SELECT StarID FROM AstroSchema.Stars WHERE StarID = 'cos-6623'), (SELECT GalaxyName FROM AstroSchema.Systems, AstroSchema.Stars WHERE StarID = 'cos-6623' AND SystemName = InSystem));
INSERT INTO AstroSchema.AstroObjects VALUES ('rgj-3486', 'Boldoon-1', 16698824914.8, 561.9);
INSERT INTO AstroSchema.Planets VALUES ('rgj-3486', 'Sub-Earth', 'Protoplanet', (SELECT StarID FROM AstroSchema.Stars WHERE StarID = 'cos-6623'), (SELECT GalaxyName FROM AstroSchema.Systems, AstroSchema.Stars WHERE StarID = 'cos-6623' AND SystemName = InSystem));
INSERT INTO AstroSchema.AstroObjects VALUES ('ppi-5386', 'Boldoon-2', 36480284337.2, 109.6);
INSERT INTO AstroSchema.Planets VALUES ('ppi-5386', 'Mini-Neptune', 'Chtonian', (SELECT StarID FROM AstroSchema.Stars WHERE StarID = 'cos-6623'), (SELECT GalaxyName FROM AstroSchema.Systems, AstroSchema.Stars WHERE StarID = 'cos-6623' AND SystemName = InSystem));
INSERT INTO AstroSchema.AstroObjects VALUES ('ixg-4170', 'Boldoon-3', 6908172131.0, 910.4);
INSERT INTO AstroSchema.Planets VALUES ('ixg-4170', 'Super-Earth', 'Hycean', (SELECT StarID FROM AstroSchema.Stars WHERE StarID = 'cos-6623'), (SELECT GalaxyName FROM AstroSchema.Systems, AstroSchema.Stars WHERE StarID = 'cos-6623' AND SystemName = InSystem));
INSERT INTO AstroSchema.AstroObjects VALUES ('llv-3099', 'Boldoon-4', 22298513257.6, 887.0);
INSERT INTO AstroSchema.Planets VALUES ('llv-3099', 'Sub-Earth', 'Puffy', (SELECT StarID FROM AstroSchema.Stars WHERE StarID = 'cos-6623'), (SELECT GalaxyName FROM AstroSchema.Systems, AstroSchema.Stars WHERE StarID = 'cos-6623' AND SystemName = InSystem));
INSERT INTO AstroSchema.Systems VALUES ('Withyr', 'Trinary', (SELECT GalaxyName FROM AstroSchema.Galaxies WHERE GalaxyName = 'Large Magellanic Cloud'), (SELECT ConstellationName FROM AstroSchema.Galaxies WHERE GalaxyName = 'Large Magellanic Cloud'));
INSERT INTO AstroSchema.AstroObjects VALUES ('ebd-2252', 'Withyr-A', 32936937112.9, 91847157.6);
INSERT INTO AstroSchema.Stars VALUES ('ebd-2252', 'Ia', 'Withyr');
INSERT INTO AstroSchema.AstroObjects VALUES ('xlz-5679', 'Withyr-A-0', 37891065725.4, 1279.4);
INSERT INTO AstroSchema.Planets VALUES ('xlz-5679', 'Sub-Earth', 'Chtonian', (SELECT StarID FROM AstroSchema.Stars WHERE StarID = 'ebd-2252'), (SELECT GalaxyName FROM AstroSchema.Systems, AstroSchema.Stars WHERE StarID = 'ebd-2252' AND SystemName = InSystem));
INSERT INTO AstroSchema.AstroObjects VALUES ('olx-2315', 'Withyr-A-1', 15068303744.3, 835.5);
INSERT INTO AstroSchema.Planets VALUES ('olx-2315', 'Sub-Earth', 'Desert', (SELECT StarID FROM AstroSchema.Stars WHERE StarID = 'ebd-2252'), (SELECT GalaxyName FROM AstroSchema.Systems, AstroSchema.Stars WHERE StarID = 'ebd-2252' AND SystemName = InSystem));
INSERT INTO AstroSchema.AstroObjects VALUES ('nkv-3338', 'Withyr-B', 18065350155.6, 47951372.2);
INSERT INTO AstroSchema.Stars VALUES ('nkv-3338', 'VI', 'Withyr');
INSERT INTO AstroSchema.AstroObjects VALUES ('noa-1517', 'Withyr-B-0', 11225088568.0, 798.6);
INSERT INTO AstroSchema.Planets VALUES ('noa-1517', 'Ice Giant', 'Carbon', (SELECT StarID FROM AstroSchema.Stars WHERE StarID = 'nkv-3338'), (SELECT GalaxyName FROM AstroSchema.Systems, AstroSchema.Stars WHERE StarID = 'nkv-3338' AND SystemName = InSystem));
INSERT INTO AstroSchema.AstroObjects VALUES ('hlc-2876', 'Withyr-B-1', 31543301529.2, 477.0);
INSERT INTO AstroSchema.Planets VALUES ('hlc-2876', 'Ice Giant', 'Ice', (SELECT StarID FROM AstroSchema.Stars WHERE StarID = 'nkv-3338'), (SELECT GalaxyName FROM AstroSchema.Systems, AstroSchema.Stars WHERE StarID = 'nkv-3338' AND SystemName = InSystem));
INSERT INTO AstroSchema.AstroObjects VALUES ('nyx-1432', 'Withyr-B-2', 45232077801.7, 546.9);
INSERT INTO AstroSchema.Planets VALUES ('nyx-1432', 'Ice Giant', 'Gas dwarf', (SELECT StarID FROM AstroSchema.Stars WHERE StarID = 'nkv-3338'), (SELECT GalaxyName FROM AstroSchema.Systems, AstroSchema.Stars WHERE StarID = 'nkv-3338' AND SystemName = InSystem));
INSERT INTO AstroSchema.AstroObjects VALUES ('ufw-5948', 'Withyr-B-3', 23658062668.0, 448.3);
INSERT INTO AstroSchema.Planets VALUES ('ufw-5948', 'Ice Giant', 'Ice', (SELECT StarID FROM AstroSchema.Stars WHERE StarID = 'nkv-3338'), (SELECT GalaxyName FROM AstroSchema.Systems, AstroSchema.Stars WHERE StarID = 'nkv-3338' AND SystemName = InSystem));
INSERT INTO AstroSchema.AstroObjects VALUES ('tbb-8315', 'Withyr-B-4', 37961532235.8, 766.1);
INSERT INTO AstroSchema.Planets VALUES ('tbb-8315', 'Gas Giant', 'Coreless', (SELECT StarID FROM AstroSchema.Stars WHERE StarID = 'nkv-3338'), (SELECT GalaxyName FROM AstroSchema.Systems, AstroSchema.Stars WHERE StarID = 'nkv-3338' AND SystemName = InSystem));
INSERT INTO AstroSchema.AstroObjects VALUES ('qrk-7846', 'Withyr-C', 19124360472.2, 6844292.5);
INSERT INTO AstroSchema.Stars VALUES ('qrk-7846', 'D', 'Withyr');
INSERT INTO AstroSchema.AstroObjects VALUES ('ysz-4082', 'Withyr-C-0', 42971225045.3, 915.2);
INSERT INTO AstroSchema.Planets VALUES ('ysz-4082', 'Sub-Earth', 'Gas dwarf', (SELECT StarID FROM AstroSchema.Stars WHERE StarID = 'qrk-7846'), (SELECT GalaxyName FROM AstroSchema.Systems, AstroSchema.Stars WHERE StarID = 'qrk-7846' AND SystemName = InSystem));
INSERT INTO AstroSchema.AstroObjects VALUES ('bfx-9602', 'Withyr-C-1', 13823521142.5, 760.3);
INSERT INTO AstroSchema.Planets VALUES ('bfx-9602', 'Mini-Neptune', 'Terrestrial', (SELECT StarID FROM AstroSchema.Stars WHERE StarID = 'qrk-7846'), (SELECT GalaxyName FROM AstroSchema.Systems, AstroSchema.Stars WHERE StarID = 'qrk-7846' AND SystemName = InSystem));
INSERT INTO AstroSchema.AstroObjects VALUES ('hru-9296', 'Withyr-C-2', 10938069878.0, 1399.5);
INSERT INTO AstroSchema.Planets VALUES ('hru-9296', 'Mini-Neptune', 'Ice', (SELECT StarID FROM AstroSchema.Stars WHERE StarID = 'qrk-7846'), (SELECT GalaxyName FROM AstroSchema.Systems, AstroSchema.Stars WHERE StarID = 'qrk-7846' AND SystemName = InSystem));
INSERT INTO AstroSchema.AstroObjects VALUES ('qxe-1812', 'Withyr-C-3', 8560149198.8, 267.3);
INSERT INTO AstroSchema.Planets VALUES ('qxe-1812', 'Sub-Earth', 'Silicate', (SELECT StarID FROM AstroSchema.Stars WHERE StarID = 'qrk-7846'), (SELECT GalaxyName FROM AstroSchema.Systems, AstroSchema.Stars WHERE StarID = 'qrk-7846' AND SystemName = InSystem));
INSERT INTO AstroSchema.AstroObjects VALUES ('zke-2025', 'Withyr-C-4', 4988613364.1, 521.8);
INSERT INTO AstroSchema.Planets VALUES ('zke-2025', 'Super-Earth', 'Chtonian', (SELECT StarID FROM AstroSchema.Stars WHERE StarID = 'qrk-7846'), (SELECT GalaxyName FROM AstroSchema.Systems, AstroSchema.Stars WHERE StarID = 'qrk-7846' AND SystemName = InSystem));
INSERT INTO AstroSchema.AstroObjects VALUES ('hhb-8491', 'Withyr-C-5', 17675978885.8, 1438.4);
INSERT INTO AstroSchema.Planets VALUES ('hhb-8491', 'Sub-Earth', 'Gas giant', (SELECT StarID FROM AstroSchema.Stars WHERE StarID = 'qrk-7846'), (SELECT GalaxyName FROM AstroSchema.Systems, AstroSchema.Stars WHERE StarID = 'qrk-7846' AND SystemName = InSystem));
INSERT INTO AstroSchema.AstroObjects VALUES ('vvm-5022', 'Withyr-C-6', 19397328772.9, 350.5);
INSERT INTO AstroSchema.Planets VALUES ('vvm-5022', 'Gas Giant', 'Helium', (SELECT StarID FROM AstroSchema.Stars WHERE StarID = 'qrk-7846'), (SELECT GalaxyName FROM AstroSchema.Systems, AstroSchema.Stars WHERE StarID = 'qrk-7846' AND SystemName = InSystem));
INSERT INTO AstroSchema.AstroObjects VALUES ('ojs-2180', 'Withyr-C-7', 39922212248.1, 88.6);
INSERT INTO AstroSchema.Planets VALUES ('ojs-2180', 'Super-Jupiter', 'Protoplanet', (SELECT StarID FROM AstroSchema.Stars WHERE StarID = 'qrk-7846'), (SELECT GalaxyName FROM AstroSchema.Systems, AstroSchema.Stars WHERE StarID = 'qrk-7846' AND SystemName = InSystem));
INSERT INTO AstroSchema.Systems VALUES ('Adumir', 'Trinary', NULL, (SELECT ConstellationName FROM AstroSchema.Constellations WHERE ConstellationName = 'Hydrus'));
INSERT INTO AstroSchema.AstroObjects VALUES ('srf-8383', 'Adumir-A', 44939292188.4, 12147657.8);
INSERT INTO AstroSchema.Stars VALUES ('srf-8383', 'III', 'Adumir');
INSERT INTO AstroSchema.AstroObjects VALUES ('hlk-8011', 'Adumir-A-0', 5573554399.0, 654.4);
INSERT INTO AstroSchema.Planets VALUES ('hlk-8011', 'Super-Jupiter', 'Carbon', (SELECT StarID FROM AstroSchema.Stars WHERE StarID = 'srf-8383'), (SELECT GalaxyName FROM AstroSchema.Systems, AstroSchema.Stars WHERE StarID = 'srf-8383' AND SystemName = InSystem));
INSERT INTO AstroSchema.AstroObjects VALUES ('hhw-1416', 'Adumir-A-1', 19664134885.3, 300.4);
INSERT INTO AstroSchema.Planets VALUES ('hhw-1416', 'Super-Earth', 'Gas dwarf', (SELECT StarID FROM AstroSchema.Stars WHERE StarID = 'srf-8383'), (SELECT GalaxyName FROM AstroSchema.Systems, AstroSchema.Stars WHERE StarID = 'srf-8383' AND SystemName = InSystem));
INSERT INTO AstroSchema.AstroObjects VALUES ('ghn-2997', 'Adumir-A-2', 15129889459.5, 1311.7);
INSERT INTO AstroSchema.Planets VALUES ('ghn-2997', 'Super-Jupiter', 'Hycean', (SELECT StarID FROM AstroSchema.Stars WHERE StarID = 'srf-8383'), (SELECT GalaxyName FROM AstroSchema.Systems, AstroSchema.Stars WHERE StarID = 'srf-8383' AND SystemName = InSystem));
INSERT INTO AstroSchema.AstroObjects VALUES ('tut-4509', 'Adumir-A-3', 32940639642.7, 485.4);
INSERT INTO AstroSchema.Planets VALUES ('tut-4509', 'Gas Giant', 'Protoplanet', (SELECT StarID FROM AstroSchema.Stars WHERE StarID = 'srf-8383'), (SELECT GalaxyName FROM AstroSchema.Systems, AstroSchema.Stars WHERE StarID = 'srf-8383' AND SystemName = InSystem));
INSERT INTO AstroSchema.AstroObjects VALUES ('olu-8305', 'Adumir-B', 20928643458.5, 62798847.7);
INSERT INTO AstroSchema.Stars VALUES ('olu-8305', 'V', 'Adumir');
INSERT INTO AstroSchema.AstroObjects VALUES ('eyy-6026', 'Adumir-C', 11510209378.2, 9716753.1);
INSERT INTO AstroSchema.Stars VALUES ('eyy-6026', 'II', 'Adumir');
INSERT INTO AstroSchema.AstroObjects VALUES ('wqt-1277', 'Adumir-C-0', 31279814986.7, 588.2);
INSERT INTO AstroSchema.Planets VALUES ('wqt-1277', 'Gas Giant', 'Carbon', (SELECT StarID FROM AstroSchema.Stars WHERE StarID = 'eyy-6026'), (SELECT GalaxyName FROM AstroSchema.Systems, AstroSchema.Stars WHERE StarID = 'eyy-6026' AND SystemName = InSystem));
INSERT INTO AstroSchema.AstroObjects VALUES ('jyo-3771', 'Adumir-C-1', 22245850166.1, 1147.3);
INSERT INTO AstroSchema.Planets VALUES ('jyo-3771', 'Gas Giant', 'Ice', (SELECT StarID FROM AstroSchema.Stars WHERE StarID = 'eyy-6026'), (SELECT GalaxyName FROM AstroSchema.Systems, AstroSchema.Stars WHERE StarID = 'eyy-6026' AND SystemName = InSystem));
INSERT INTO AstroSchema.Systems VALUES ('Edasich', 'Trinary', NULL, (SELECT ConstellationName FROM AstroSchema.Constellations WHERE ConstellationName = 'Crux'));
INSERT INTO AstroSchema.AstroObjects VALUES ('gxz-9848', 'Edasich-A', 38049308608.3, 98087854.0);
INSERT INTO AstroSchema.Stars VALUES ('gxz-9848', 'III', 'Edasich');
INSERT INTO AstroSchema.AstroObjects VALUES ('hyl-3081', 'Edasich-A-0', 30560328292.7, 637.3);
INSERT INTO AstroSchema.Planets VALUES ('hyl-3081', 'Super-Jupiter', 'Desert', (SELECT StarID FROM AstroSchema.Stars WHERE StarID = 'gxz-9848'), (SELECT GalaxyName FROM AstroSchema.Systems, AstroSchema.Stars WHERE StarID = 'gxz-9848' AND SystemName = InSystem));
INSERT INTO AstroSchema.AstroObjects VALUES ('fhb-1236', 'Edasich-B', 13163616365.3, 50331571.4);
INSERT INTO AstroSchema.Stars VALUES ('fhb-1236', 'Ia', 'Edasich');
INSERT INTO AstroSchema.AstroObjects VALUES ('bkf-6554', 'Edasich-B-0', 4664092453.7, 56.5);
INSERT INTO AstroSchema.Planets VALUES ('bkf-6554', 'Super-Jupiter', 'Carbon', (SELECT StarID FROM AstroSchema.Stars WHERE StarID = 'fhb-1236'), (SELECT GalaxyName FROM AstroSchema.Systems, AstroSchema.Stars WHERE StarID = 'fhb-1236' AND SystemName = InSystem));
INSERT INTO AstroSchema.AstroObjects VALUES ('qfz-9305', 'Edasich-B-1', 42720187662.3, 481.5);
INSERT INTO AstroSchema.Planets VALUES ('qfz-9305', 'Mini-Neptune', 'Gas dwarf', (SELECT StarID FROM AstroSchema.Stars WHERE StarID = 'fhb-1236'), (SELECT GalaxyName FROM AstroSchema.Systems, AstroSchema.Stars WHERE StarID = 'fhb-1236' AND SystemName = InSystem));
INSERT INTO AstroSchema.AstroObjects VALUES ('tjm-6331', 'Edasich-C', 20167639566.9, 49409700.6);
INSERT INTO AstroSchema.Stars VALUES ('tjm-6331', 'VI', 'Edasich');
INSERT INTO AstroSchema.AstroObjects VALUES ('hft-3378', 'Edasich-C-0', 17793714804.0, 994.0);
INSERT INTO AstroSchema.Planets VALUES ('hft-3378', 'Gas Giant', 'Silicate', (SELECT StarID FROM AstroSchema.Stars WHERE StarID = 'tjm-6331'), (SELECT GalaxyName FROM AstroSchema.Systems, AstroSchema.Stars WHERE StarID = 'tjm-6331' AND SystemName = InSystem));
INSERT INTO AstroSchema.AstroObjects VALUES ('pza-9401', 'Edasich-C-1', 38924192410.3, 882.9);
INSERT INTO AstroSchema.Planets VALUES ('pza-9401', 'Mini-Neptune', 'Puffy', (SELECT StarID FROM AstroSchema.Stars WHERE StarID = 'tjm-6331'), (SELECT GalaxyName FROM AstroSchema.Systems, AstroSchema.Stars WHERE StarID = 'tjm-6331' AND SystemName = InSystem));
INSERT INTO AstroSchema.AstroObjects VALUES ('coa-1526', 'Edasich-C-2', 45762380904.9, 364.0);
INSERT INTO AstroSchema.Planets VALUES ('coa-1526', 'Ice Giant', 'Protoplanet', (SELECT StarID FROM AstroSchema.Stars WHERE StarID = 'tjm-6331'), (SELECT GalaxyName FROM AstroSchema.Systems, AstroSchema.Stars WHERE StarID = 'tjm-6331' AND SystemName = InSystem));
INSERT INTO AstroSchema.AstroObjects VALUES ('gjz-5995', 'Edasich-C-3', 24034212206.0, 1330.9);
INSERT INTO AstroSchema.Planets VALUES ('gjz-5995', 'Gas Giant', 'Silicate', (SELECT StarID FROM AstroSchema.Stars WHERE StarID = 'tjm-6331'), (SELECT GalaxyName FROM AstroSchema.Systems, AstroSchema.Stars WHERE StarID = 'tjm-6331' AND SystemName = InSystem));
INSERT INTO AstroSchema.AstroObjects VALUES ('nbg-8319', 'Edasich-C-4', 41986205937.0, 422.5);
INSERT INTO AstroSchema.Planets VALUES ('nbg-8319', 'Gas Giant', 'Terrestrial', (SELECT StarID FROM AstroSchema.Stars WHERE StarID = 'tjm-6331'), (SELECT GalaxyName FROM AstroSchema.Systems, AstroSchema.Stars WHERE StarID = 'tjm-6331' AND SystemName = InSystem));
INSERT INTO AstroSchema.Systems VALUES ('Bazzanac', 'Mono', (SELECT GalaxyName FROM AstroSchema.Galaxies WHERE GalaxyName = 'Milky Way'), (SELECT ConstellationName FROM AstroSchema.Galaxies WHERE GalaxyName = 'Milky Way'));
INSERT INTO AstroSchema.AstroObjects VALUES ('ljt-2485', 'Bazzanac', 15669368719.5, 87353262.3);
INSERT INTO AstroSchema.Stars VALUES ('ljt-2485', 'VI', 'Bazzanac');
INSERT INTO AstroSchema.Systems VALUES ('Isius', 'Mono', (SELECT GalaxyName FROM AstroSchema.Galaxies WHERE GalaxyName = 'Wolf-Lundmark-Melotte'), (SELECT ConstellationName FROM AstroSchema.Galaxies WHERE GalaxyName = 'Wolf-Lundmark-Melotte'));
INSERT INTO AstroSchema.AstroObjects VALUES ('ekj-9191', 'Isius', 10375452343.9, 9174546.6);
INSERT INTO AstroSchema.Stars VALUES ('ekj-9191', 'VI', 'Isius');
INSERT INTO AstroSchema.Systems VALUES ('Ublion', 'Mono', (SELECT GalaxyName FROM AstroSchema.Galaxies WHERE GalaxyName = 'NGC 147'), (SELECT ConstellationName FROM AstroSchema.Galaxies WHERE GalaxyName = 'NGC 147'));
INSERT INTO AstroSchema.AstroObjects VALUES ('ktb-8066', 'Ublion', 27873718995.9, 41997879.5);
INSERT INTO AstroSchema.Stars VALUES ('ktb-8066', 'VI', 'Ublion');
INSERT INTO AstroSchema.Systems VALUES ('Tronde', 'Binary', (SELECT GalaxyName FROM AstroSchema.Galaxies WHERE GalaxyName = 'Sextans B'), NULL);
INSERT INTO AstroSchema.AstroObjects VALUES ('stg-3904', 'Tronde-A', 40367110618.9, 95156857.7);
INSERT INTO AstroSchema.Stars VALUES ('stg-3904', 'D', 'Tronde');
INSERT INTO AstroSchema.AstroObjects VALUES ('lzb-6204', 'Tronde-B', 4999709328.4, 37629296.0);
INSERT INTO AstroSchema.Stars VALUES ('lzb-6204', 'V', 'Tronde');
INSERT INTO AstroSchema.Systems VALUES ('Alpha Canis', 'Mono', (SELECT GalaxyName FROM AstroSchema.Galaxies WHERE GalaxyName = 'Leo I'), NULL);
INSERT INTO AstroSchema.AstroObjects VALUES ('ksn-3942', 'Alpha Canis', 28304477070.2, 8900705.4);
INSERT INTO AstroSchema.Stars VALUES ('ksn-3942', 'Ia', 'Alpha Canis');
INSERT INTO AstroSchema.AstroObjects VALUES ('gzr-6599', 'Alpha Canis-0', 17406227130.6, 196.9);
INSERT INTO AstroSchema.Planets VALUES ('gzr-6599', 'Gas Giant', 'Helium', (SELECT StarID FROM AstroSchema.Stars WHERE StarID = 'ksn-3942'), (SELECT GalaxyName FROM AstroSchema.Systems, AstroSchema.Stars WHERE StarID = 'ksn-3942' AND SystemName = InSystem));
INSERT INTO AstroSchema.Systems VALUES ('Sabik', 'Binary', (SELECT GalaxyName FROM AstroSchema.Galaxies WHERE GalaxyName = 'Segue 1'), (SELECT ConstellationName FROM AstroSchema.Galaxies WHERE GalaxyName = 'Segue 1'));
INSERT INTO AstroSchema.AstroObjects VALUES ('pre-8264', 'Sabik-A', 45422436246.6, 78535079.3);
INSERT INTO AstroSchema.Stars VALUES ('pre-8264', 'III', 'Sabik');
INSERT INTO AstroSchema.AstroObjects VALUES ('ell-4338', 'Sabik-A-0', 2363262219.3, 1305.1);
INSERT INTO AstroSchema.Planets VALUES ('ell-4338', 'Super-Earth', 'Helium', (SELECT StarID FROM AstroSchema.Stars WHERE StarID = 'pre-8264'), (SELECT GalaxyName FROM AstroSchema.Systems, AstroSchema.Stars WHERE StarID = 'pre-8264' AND SystemName = InSystem));
INSERT INTO AstroSchema.AstroObjects VALUES ('aqj-1159', 'Sabik-B', 44312096627.8, 15274206.8);
INSERT INTO AstroSchema.Stars VALUES ('aqj-1159', 'IV', 'Sabik');
INSERT INTO AstroSchema.Systems VALUES ('Kornephoros', 'Trinary', (SELECT GalaxyName FROM AstroSchema.Galaxies WHERE GalaxyName = 'Messier 110'), (SELECT ConstellationName FROM AstroSchema.Galaxies WHERE GalaxyName = 'Messier 110'));
INSERT INTO AstroSchema.AstroObjects VALUES ('pnj-3379', 'Kornephoros-A', 26710054270.3, 82627193.1);
INSERT INTO AstroSchema.Stars VALUES ('pnj-3379', 'VI', 'Kornephoros');
INSERT INTO AstroSchema.AstroObjects VALUES ('plr-5475', 'Kornephoros-B', 4552499709.3, 46725805.4);
INSERT INTO AstroSchema.Stars VALUES ('plr-5475', 'II', 'Kornephoros');
INSERT INTO AstroSchema.AstroObjects VALUES ('mxq-8916', 'Kornephoros-B-0', 23911381285.1, 98.8);
INSERT INTO AstroSchema.Planets VALUES ('mxq-8916', 'Super-Earth', 'Puffy', (SELECT StarID FROM AstroSchema.Stars WHERE StarID = 'plr-5475'), (SELECT GalaxyName FROM AstroSchema.Systems, AstroSchema.Stars WHERE StarID = 'plr-5475' AND SystemName = InSystem));
INSERT INTO AstroSchema.AstroObjects VALUES ('kcd-1316', 'Kornephoros-B-1', 45083658720.1, 1193.4);
INSERT INTO AstroSchema.Planets VALUES ('kcd-1316', 'Mini-Neptune', 'Gas dwarf', (SELECT StarID FROM AstroSchema.Stars WHERE StarID = 'plr-5475'), (SELECT GalaxyName FROM AstroSchema.Systems, AstroSchema.Stars WHERE StarID = 'plr-5475' AND SystemName = InSystem));
INSERT INTO AstroSchema.AstroObjects VALUES ('bpk-8640', 'Kornephoros-B-2', 3340130834.9, 710.3);
INSERT INTO AstroSchema.Planets VALUES ('bpk-8640', 'Ice Giant', 'Carbon', (SELECT StarID FROM AstroSchema.Stars WHERE StarID = 'plr-5475'), (SELECT GalaxyName FROM AstroSchema.Systems, AstroSchema.Stars WHERE StarID = 'plr-5475' AND SystemName = InSystem));
INSERT INTO AstroSchema.AstroObjects VALUES ('wjx-8051', 'Kornephoros-B-3', 9863273689.4, 1284.0);
INSERT INTO AstroSchema.Planets VALUES ('wjx-8051', 'Ice Giant', 'Ocean', (SELECT StarID FROM AstroSchema.Stars WHERE StarID = 'plr-5475'), (SELECT GalaxyName FROM AstroSchema.Systems, AstroSchema.Stars WHERE StarID = 'plr-5475' AND SystemName = InSystem));
INSERT INTO AstroSchema.AstroObjects VALUES ('ooy-6190', 'Kornephoros-B-4', 37926591853.8, 602.2);
INSERT INTO AstroSchema.Planets VALUES ('ooy-6190', 'Sub-Earth', 'Gas dwarf', (SELECT StarID FROM AstroSchema.Stars WHERE StarID = 'plr-5475'), (SELECT GalaxyName FROM AstroSchema.Systems, AstroSchema.Stars WHERE StarID = 'plr-5475' AND SystemName = InSystem));
INSERT INTO AstroSchema.AstroObjects VALUES ('ixk-3019', 'Kornephoros-B-5', 39090774783.6, 1476.8);
INSERT INTO AstroSchema.Planets VALUES ('ixk-3019', 'Mini-Neptune', 'Carbon', (SELECT StarID FROM AstroSchema.Stars WHERE StarID = 'plr-5475'), (SELECT GalaxyName FROM AstroSchema.Systems, AstroSchema.Stars WHERE StarID = 'plr-5475' AND SystemName = InSystem));
INSERT INTO AstroSchema.AstroObjects VALUES ('gag-2417', 'Kornephoros-C', 17907924378.5, 17505826.0);
INSERT INTO AstroSchema.Stars VALUES ('gag-2417', 'V', 'Kornephoros');
INSERT INTO AstroSchema.AstroObjects VALUES ('jda-1413', 'Kornephoros-C-0', 25325009727.5, 1464.5);
INSERT INTO AstroSchema.Planets VALUES ('jda-1413', 'Sub-Earth', 'Chtonian', (SELECT StarID FROM AstroSchema.Stars WHERE StarID = 'gag-2417'), (SELECT GalaxyName FROM AstroSchema.Systems, AstroSchema.Stars WHERE StarID = 'gag-2417' AND SystemName = InSystem));
INSERT INTO AstroSchema.AstroObjects VALUES ('klu-7796', 'Kornephoros-C-1', 33060849869.7, 293.7);
INSERT INTO AstroSchema.Planets VALUES ('klu-7796', 'Ice Giant', 'Ocean', (SELECT StarID FROM AstroSchema.Stars WHERE StarID = 'gag-2417'), (SELECT GalaxyName FROM AstroSchema.Systems, AstroSchema.Stars WHERE StarID = 'gag-2417' AND SystemName = InSystem));
INSERT INTO AstroSchema.AstroObjects VALUES ('vgo-5336', 'Kornephoros-C-2', 41303536638.2, 178.9);
INSERT INTO AstroSchema.Planets VALUES ('vgo-5336', 'Super-Jupiter', 'Silicate', (SELECT StarID FROM AstroSchema.Stars WHERE StarID = 'gag-2417'), (SELECT GalaxyName FROM AstroSchema.Systems, AstroSchema.Stars WHERE StarID = 'gag-2417' AND SystemName = InSystem));
INSERT INTO AstroSchema.AstroObjects VALUES ('wwj-8039', 'Kornephoros-C-3', 20450903045.8, 856.5);
INSERT INTO AstroSchema.Planets VALUES ('wwj-8039', 'Sub-Earth', 'Helium', (SELECT StarID FROM AstroSchema.Stars WHERE StarID = 'gag-2417'), (SELECT GalaxyName FROM AstroSchema.Systems, AstroSchema.Stars WHERE StarID = 'gag-2417' AND SystemName = InSystem));
INSERT INTO AstroSchema.AstroObjects VALUES ('xsv-6007', 'Kornephoros-C-4', 19847245364.0, 1408.2);
INSERT INTO AstroSchema.Planets VALUES ('xsv-6007', 'Gas Giant', 'Carbon', (SELECT StarID FROM AstroSchema.Stars WHERE StarID = 'gag-2417'), (SELECT GalaxyName FROM AstroSchema.Systems, AstroSchema.Stars WHERE StarID = 'gag-2417' AND SystemName = InSystem));
INSERT INTO AstroSchema.AstroObjects VALUES ('uhk-7806', 'Kornephoros-C-5', 6066812360.0, 928.1);
INSERT INTO AstroSchema.Planets VALUES ('uhk-7806', 'Super-Earth', 'Coreless', (SELECT StarID FROM AstroSchema.Stars WHERE StarID = 'gag-2417'), (SELECT GalaxyName FROM AstroSchema.Systems, AstroSchema.Stars WHERE StarID = 'gag-2417' AND SystemName = InSystem));
INSERT INTO AstroSchema.AstroObjects VALUES ('czr-1642', 'Kornephoros-C-6', 17900861682.9, 933.5);
INSERT INTO AstroSchema.Planets VALUES ('czr-1642', 'Mini-Neptune', 'Terrestrial', (SELECT StarID FROM AstroSchema.Stars WHERE StarID = 'gag-2417'), (SELECT GalaxyName FROM AstroSchema.Systems, AstroSchema.Stars WHERE StarID = 'gag-2417' AND SystemName = InSystem));
INSERT INTO AstroSchema.AstroObjects VALUES ('dvt-3478', 'Kornephoros-C-7', 24485972714.6, 297.8);
INSERT INTO AstroSchema.Planets VALUES ('dvt-3478', 'Sub-Earth', 'Carbon', (SELECT StarID FROM AstroSchema.Stars WHERE StarID = 'gag-2417'), (SELECT GalaxyName FROM AstroSchema.Systems, AstroSchema.Stars WHERE StarID = 'gag-2417' AND SystemName = InSystem));
INSERT INTO AstroSchema.Systems VALUES ('Eroabroria', 'Trinary', (SELECT GalaxyName FROM AstroSchema.Galaxies WHERE GalaxyName = 'Sextans A'), (SELECT ConstellationName FROM AstroSchema.Galaxies WHERE GalaxyName = 'Sextans A'));
INSERT INTO AstroSchema.AstroObjects VALUES ('sxm-7325', 'Eroabroria-A', 26651965828.3, 58659573.8);
INSERT INTO AstroSchema.Stars VALUES ('sxm-7325', 'IV', 'Eroabroria');
INSERT INTO AstroSchema.AstroObjects VALUES ('tbd-3622', 'Eroabroria-B', 45771966121.5, 63851915.6);
INSERT INTO AstroSchema.Stars VALUES ('tbd-3622', 'Ib', 'Eroabroria');
INSERT INTO AstroSchema.AstroObjects VALUES ('qgm-1840', 'Eroabroria-B-0', 31580769505.0, 324.5);
INSERT INTO AstroSchema.Planets VALUES ('qgm-1840', 'Ice Giant', 'Terrestrial', (SELECT StarID FROM AstroSchema.Stars WHERE StarID = 'tbd-3622'), (SELECT GalaxyName FROM AstroSchema.Systems, AstroSchema.Stars WHERE StarID = 'tbd-3622' AND SystemName = InSystem));
INSERT INTO AstroSchema.AstroObjects VALUES ('ult-2850', 'Eroabroria-C', 44528983739.0, 80265770.5);
INSERT INTO AstroSchema.Stars VALUES ('ult-2850', 'Ia-O', 'Eroabroria');
INSERT INTO AstroSchema.Systems VALUES ('Advatir', 'Mono', (SELECT GalaxyName FROM AstroSchema.Galaxies WHERE GalaxyName = 'Segue 1'), NULL);
INSERT INTO AstroSchema.AstroObjects VALUES ('gsf-6962', 'Advatir', 18535631752.8, 11677194.4);
INSERT INTO AstroSchema.Stars VALUES ('gsf-6962', 'III', 'Advatir');
INSERT INTO AstroSchema.AstroObjects VALUES ('xxv-9529', 'Advatir-0', 43048764794.7, 1166.3);
INSERT INTO AstroSchema.Planets VALUES ('xxv-9529', 'Super-Earth', 'Protoplanet', (SELECT StarID FROM AstroSchema.Stars WHERE StarID = 'gsf-6962'), (SELECT GalaxyName FROM AstroSchema.Systems, AstroSchema.Stars WHERE StarID = 'gsf-6962' AND SystemName = InSystem));
INSERT INTO AstroSchema.AstroObjects VALUES ('tqc-7903', 'Advatir-1', 18419422975.4, 78.8);
INSERT INTO AstroSchema.Planets VALUES ('tqc-7903', 'Sub-Earth', 'Helium', (SELECT StarID FROM AstroSchema.Stars WHERE StarID = 'gsf-6962'), (SELECT GalaxyName FROM AstroSchema.Systems, AstroSchema.Stars WHERE StarID = 'gsf-6962' AND SystemName = InSystem));
INSERT INTO AstroSchema.AstroObjects VALUES ('vkn-5223', 'Advatir-2', 1049830641.6, 1079.6);
INSERT INTO AstroSchema.Planets VALUES ('vkn-5223', 'Gas Giant', 'Helium', (SELECT StarID FROM AstroSchema.Stars WHERE StarID = 'gsf-6962'), (SELECT GalaxyName FROM AstroSchema.Systems, AstroSchema.Stars WHERE StarID = 'gsf-6962' AND SystemName = InSystem));
INSERT INTO AstroSchema.AstroObjects VALUES ('qcj-8703', 'Advatir-3', 27294142506.2, 371.0);
INSERT INTO AstroSchema.Planets VALUES ('qcj-8703', 'Mini-Neptune', 'Carbon', (SELECT StarID FROM AstroSchema.Stars WHERE StarID = 'gsf-6962'), (SELECT GalaxyName FROM AstroSchema.Systems, AstroSchema.Stars WHERE StarID = 'gsf-6962' AND SystemName = InSystem));
INSERT INTO AstroSchema.AstroObjects VALUES ('lsb-5762', 'Advatir-4', 25555184499.6, 515.3);
INSERT INTO AstroSchema.Planets VALUES ('lsb-5762', 'Super-Jupiter', 'Ocean', (SELECT StarID FROM AstroSchema.Stars WHERE StarID = 'gsf-6962'), (SELECT GalaxyName FROM AstroSchema.Systems, AstroSchema.Stars WHERE StarID = 'gsf-6962' AND SystemName = InSystem));
INSERT INTO AstroSchema.Systems VALUES ('Ojlars', 'Multiple', (SELECT GalaxyName FROM AstroSchema.Galaxies WHERE GalaxyName = 'Maffei 1'), (SELECT ConstellationName FROM AstroSchema.Galaxies WHERE GalaxyName = 'Maffei 1'));
INSERT INTO AstroSchema.AstroObjects VALUES ('xxl-3842', 'Ojlars-A', 28754826312.4, 53499606.9);
INSERT INTO AstroSchema.Stars VALUES ('xxl-3842', 'IV', 'Ojlars');
INSERT INTO AstroSchema.AstroObjects VALUES ('cle-7878', 'Ojlars-A-0', 42483189607.6, 408.9);
INSERT INTO AstroSchema.Planets VALUES ('cle-7878', 'Super-Jupiter', 'Gas dwarf', (SELECT StarID FROM AstroSchema.Stars WHERE StarID = 'xxl-3842'), (SELECT GalaxyName FROM AstroSchema.Systems, AstroSchema.Stars WHERE StarID = 'xxl-3842' AND SystemName = InSystem));
INSERT INTO AstroSchema.AstroObjects VALUES ('qxe-4080', 'Ojlars-A-1', 40523207636.8, 780.5);
INSERT INTO AstroSchema.Planets VALUES ('qxe-4080', 'Super-Jupiter', 'Gas dwarf', (SELECT StarID FROM AstroSchema.Stars WHERE StarID = 'xxl-3842'), (SELECT GalaxyName FROM AstroSchema.Systems, AstroSchema.Stars WHERE StarID = 'xxl-3842' AND SystemName = InSystem));
INSERT INTO AstroSchema.AstroObjects VALUES ('vyq-7625', 'Ojlars-A-2', 45780263408.5, 399.7);
INSERT INTO AstroSchema.Planets VALUES ('vyq-7625', 'Gas Giant', 'Protoplanet', (SELECT StarID FROM AstroSchema.Stars WHERE StarID = 'xxl-3842'), (SELECT GalaxyName FROM AstroSchema.Systems, AstroSchema.Stars WHERE StarID = 'xxl-3842' AND SystemName = InSystem));
INSERT INTO AstroSchema.AstroObjects VALUES ('lbm-3940', 'Ojlars-B', 16225369803.7, 86892253.6);
INSERT INTO AstroSchema.Stars VALUES ('lbm-3940', 'III', 'Ojlars');
INSERT INTO AstroSchema.AstroObjects VALUES ('pde-1223', 'Ojlars-B-0', 12083939317.4, 625.9);
INSERT INTO AstroSchema.Planets VALUES ('pde-1223', 'Mini-Neptune', 'Gas dwarf', (SELECT StarID FROM AstroSchema.Stars WHERE StarID = 'lbm-3940'), (SELECT GalaxyName FROM AstroSchema.Systems, AstroSchema.Stars WHERE StarID = 'lbm-3940' AND SystemName = InSystem));
INSERT INTO AstroSchema.AstroObjects VALUES ('ouw-6169', 'Ojlars-B-1', 34607536162.7, 707.3);
INSERT INTO AstroSchema.Planets VALUES ('ouw-6169', 'Sub-Earth', 'Protoplanet', (SELECT StarID FROM AstroSchema.Stars WHERE StarID = 'lbm-3940'), (SELECT GalaxyName FROM AstroSchema.Systems, AstroSchema.Stars WHERE StarID = 'lbm-3940' AND SystemName = InSystem));
INSERT INTO AstroSchema.AstroObjects VALUES ('esf-8571', 'Ojlars-B-2', 42438014934.7, 492.1);
INSERT INTO AstroSchema.Planets VALUES ('esf-8571', 'Super-Earth', 'Silicate', (SELECT StarID FROM AstroSchema.Stars WHERE StarID = 'lbm-3940'), (SELECT GalaxyName FROM AstroSchema.Systems, AstroSchema.Stars WHERE StarID = 'lbm-3940' AND SystemName = InSystem));
INSERT INTO AstroSchema.AstroObjects VALUES ('vdv-6697', 'Ojlars-B-3', 29339371395.9, 891.7);
INSERT INTO AstroSchema.Planets VALUES ('vdv-6697', 'Gas Giant', 'Gas dwarf', (SELECT StarID FROM AstroSchema.Stars WHERE StarID = 'lbm-3940'), (SELECT GalaxyName FROM AstroSchema.Systems, AstroSchema.Stars WHERE StarID = 'lbm-3940' AND SystemName = InSystem));
INSERT INTO AstroSchema.AstroObjects VALUES ('vog-9836', 'Ojlars-B-4', 11967545620.8, 1324.3);
INSERT INTO AstroSchema.Planets VALUES ('vog-9836', 'Super-Jupiter', 'Gas giant', (SELECT StarID FROM AstroSchema.Stars WHERE StarID = 'lbm-3940'), (SELECT GalaxyName FROM AstroSchema.Systems, AstroSchema.Stars WHERE StarID = 'lbm-3940' AND SystemName = InSystem));
INSERT INTO AstroSchema.AstroObjects VALUES ('agg-9651', 'Ojlars-B-5', 8803658077.7, 157.3);
INSERT INTO AstroSchema.Planets VALUES ('agg-9651', 'Super-Jupiter', 'Puffy', (SELECT StarID FROM AstroSchema.Stars WHERE StarID = 'lbm-3940'), (SELECT GalaxyName FROM AstroSchema.Systems, AstroSchema.Stars WHERE StarID = 'lbm-3940' AND SystemName = InSystem));
INSERT INTO AstroSchema.AstroObjects VALUES ('qic-5895', 'Ojlars-B-6', 33679654010.4, 535.0);
INSERT INTO AstroSchema.Planets VALUES ('qic-5895', 'Gas Giant', 'Carbon', (SELECT StarID FROM AstroSchema.Stars WHERE StarID = 'lbm-3940'), (SELECT GalaxyName FROM AstroSchema.Systems, AstroSchema.Stars WHERE StarID = 'lbm-3940' AND SystemName = InSystem));
INSERT INTO AstroSchema.AstroObjects VALUES ('bnw-9721', 'Ojlars-C', 19106605127.6, 56411038.3);
INSERT INTO AstroSchema.Stars VALUES ('bnw-9721', 'Ia', 'Ojlars');
INSERT INTO AstroSchema.Systems VALUES ('Atlas', 'Quaternary', (SELECT GalaxyName FROM AstroSchema.Galaxies WHERE GalaxyName = 'Maffei 2'), (SELECT ConstellationName FROM AstroSchema.Galaxies WHERE GalaxyName = 'Maffei 2'));
INSERT INTO AstroSchema.AstroObjects VALUES ('nve-4437', 'Atlas-A', 43678064949.5, 74380765.9);
INSERT INTO AstroSchema.Stars VALUES ('nve-4437', 'III', 'Atlas');
INSERT INTO AstroSchema.AstroObjects VALUES ('sns-2285', 'Atlas-A-0', 34698258320.5, 1139.6);
INSERT INTO AstroSchema.Planets VALUES ('sns-2285', 'Super-Jupiter', 'Chtonian', (SELECT StarID FROM AstroSchema.Stars WHERE StarID = 'nve-4437'), (SELECT GalaxyName FROM AstroSchema.Systems, AstroSchema.Stars WHERE StarID = 'nve-4437' AND SystemName = InSystem));
INSERT INTO AstroSchema.AstroObjects VALUES ('lre-4374', 'Atlas-A-1', 42549032143.9, 165.2);
INSERT INTO AstroSchema.Planets VALUES ('lre-4374', 'Sub-Earth', 'Silicate', (SELECT StarID FROM AstroSchema.Stars WHERE StarID = 'nve-4437'), (SELECT GalaxyName FROM AstroSchema.Systems, AstroSchema.Stars WHERE StarID = 'nve-4437' AND SystemName = InSystem));
INSERT INTO AstroSchema.AstroObjects VALUES ('twa-9203', 'Atlas-A-2', 28873206125.3, 1041.6);
INSERT INTO AstroSchema.Planets VALUES ('twa-9203', 'Super-Jupiter', 'Ocean', (SELECT StarID FROM AstroSchema.Stars WHERE StarID = 'nve-4437'), (SELECT GalaxyName FROM AstroSchema.Systems, AstroSchema.Stars WHERE StarID = 'nve-4437' AND SystemName = InSystem));
INSERT INTO AstroSchema.AstroObjects VALUES ('vfi-6022', 'Atlas-A-3', 30009736610.0, 656.4);
INSERT INTO AstroSchema.Planets VALUES ('vfi-6022', 'Gas Giant', 'Protoplanet', (SELECT StarID FROM AstroSchema.Stars WHERE StarID = 'nve-4437'), (SELECT GalaxyName FROM AstroSchema.Systems, AstroSchema.Stars WHERE StarID = 'nve-4437' AND SystemName = InSystem));
INSERT INTO AstroSchema.AstroObjects VALUES ('gem-5162', 'Atlas-A-4', 16300767226.2, 1149.0);
INSERT INTO AstroSchema.Planets VALUES ('gem-5162', 'Sub-Earth', 'Ice', (SELECT StarID FROM AstroSchema.Stars WHERE StarID = 'nve-4437'), (SELECT GalaxyName FROM AstroSchema.Systems, AstroSchema.Stars WHERE StarID = 'nve-4437' AND SystemName = InSystem));
INSERT INTO AstroSchema.AstroObjects VALUES ('vvn-5518', 'Atlas-B', 34995740229.4, 36423874.1);
INSERT INTO AstroSchema.Stars VALUES ('vvn-5518', 'III', 'Atlas');
INSERT INTO AstroSchema.AstroObjects VALUES ('zuw-8090', 'Atlas-B-0', 43992116963.2, 471.0);
INSERT INTO AstroSchema.Planets VALUES ('zuw-8090', 'Ice Giant', 'Chtonian', (SELECT StarID FROM AstroSchema.Stars WHERE StarID = 'vvn-5518'), (SELECT GalaxyName FROM AstroSchema.Systems, AstroSchema.Stars WHERE StarID = 'vvn-5518' AND SystemName = InSystem));
INSERT INTO AstroSchema.AstroObjects VALUES ('lkq-6539', 'Atlas-B-1', 31635922522.7, 534.3);
INSERT INTO AstroSchema.Planets VALUES ('lkq-6539', 'Sub-Earth', 'Ice', (SELECT StarID FROM AstroSchema.Stars WHERE StarID = 'vvn-5518'), (SELECT GalaxyName FROM AstroSchema.Systems, AstroSchema.Stars WHERE StarID = 'vvn-5518' AND SystemName = InSystem));
INSERT INTO AstroSchema.AstroObjects VALUES ('vxv-7463', 'Atlas-C', 22120451384.7, 95439395.2);
INSERT INTO AstroSchema.Stars VALUES ('vxv-7463', 'Ib', 'Atlas');
INSERT INTO AstroSchema.AstroObjects VALUES ('zqe-1606', 'Atlas-C-0', 27504456183.6, 709.9);
INSERT INTO AstroSchema.Planets VALUES ('zqe-1606', 'Mini-Neptune', 'Gas dwarf', (SELECT StarID FROM AstroSchema.Stars WHERE StarID = 'vxv-7463'), (SELECT GalaxyName FROM AstroSchema.Systems, AstroSchema.Stars WHERE StarID = 'vxv-7463' AND SystemName = InSystem));
INSERT INTO AstroSchema.AstroObjects VALUES ('jmb-2235', 'Atlas-C-1', 1387419975.7, 265.7);
INSERT INTO AstroSchema.Planets VALUES ('jmb-2235', 'Super-Earth', 'Desert', (SELECT StarID FROM AstroSchema.Stars WHERE StarID = 'vxv-7463'), (SELECT GalaxyName FROM AstroSchema.Systems, AstroSchema.Stars WHERE StarID = 'vxv-7463' AND SystemName = InSystem));
INSERT INTO AstroSchema.AstroObjects VALUES ('mfh-6235', 'Atlas-C-2', 19639041744.4, 390.5);
INSERT INTO AstroSchema.Planets VALUES ('mfh-6235', 'Mini-Neptune', 'Gas dwarf', (SELECT StarID FROM AstroSchema.Stars WHERE StarID = 'vxv-7463'), (SELECT GalaxyName FROM AstroSchema.Systems, AstroSchema.Stars WHERE StarID = 'vxv-7463' AND SystemName = InSystem));
INSERT INTO AstroSchema.AstroObjects VALUES ('yzz-4003', 'Atlas-C-3', 44242704878.0, 375.2);
INSERT INTO AstroSchema.Planets VALUES ('yzz-4003', 'Sub-Earth', 'Hycean', (SELECT StarID FROM AstroSchema.Stars WHERE StarID = 'vxv-7463'), (SELECT GalaxyName FROM AstroSchema.Systems, AstroSchema.Stars WHERE StarID = 'vxv-7463' AND SystemName = InSystem));
INSERT INTO AstroSchema.AstroObjects VALUES ('kdd-7208', 'Atlas-C-4', 37428015752.4, 904.5);
INSERT INTO AstroSchema.Planets VALUES ('kdd-7208', 'Sub-Earth', 'Gas dwarf', (SELECT StarID FROM AstroSchema.Stars WHERE StarID = 'vxv-7463'), (SELECT GalaxyName FROM AstroSchema.Systems, AstroSchema.Stars WHERE StarID = 'vxv-7463' AND SystemName = InSystem));
INSERT INTO AstroSchema.AstroObjects VALUES ('xxp-2425', 'Atlas-D', 32653778051.7, 28954133.9);
INSERT INTO AstroSchema.Stars VALUES ('xxp-2425', 'D', 'Atlas');
INSERT INTO AstroSchema.Systems VALUES ('Fouahiri', 'Trinary', (SELECT GalaxyName FROM AstroSchema.Galaxies WHERE GalaxyName = 'Small Magellanic Cloud'), (SELECT ConstellationName FROM AstroSchema.Galaxies WHERE GalaxyName = 'Small Magellanic Cloud'));
INSERT INTO AstroSchema.AstroObjects VALUES ('gbi-3197', 'Fouahiri-A', 24263634967.8, 4462892.9);
INSERT INTO AstroSchema.Stars VALUES ('gbi-3197', 'Ib', 'Fouahiri');
INSERT INTO AstroSchema.AstroObjects VALUES ('suf-2359', 'Fouahiri-A-0', 31416216641.0, 381.6);
INSERT INTO AstroSchema.Planets VALUES ('suf-2359', 'Super-Earth', 'Ice', (SELECT StarID FROM AstroSchema.Stars WHERE StarID = 'gbi-3197'), (SELECT GalaxyName FROM AstroSchema.Systems, AstroSchema.Stars WHERE StarID = 'gbi-3197' AND SystemName = InSystem));
INSERT INTO AstroSchema.AstroObjects VALUES ('mce-8134', 'Fouahiri-A-1', 11475923714.3, 1491.8);
INSERT INTO AstroSchema.Planets VALUES ('mce-8134', 'Mini-Neptune', 'Hycean', (SELECT StarID FROM AstroSchema.Stars WHERE StarID = 'gbi-3197'), (SELECT GalaxyName FROM AstroSchema.Systems, AstroSchema.Stars WHERE StarID = 'gbi-3197' AND SystemName = InSystem));
INSERT INTO AstroSchema.AstroObjects VALUES ('rfh-6747', 'Fouahiri-A-2', 8044116824.7, 62.9);
INSERT INTO AstroSchema.Planets VALUES ('rfh-6747', 'Super-Earth', 'Hycean', (SELECT StarID FROM AstroSchema.Stars WHERE StarID = 'gbi-3197'), (SELECT GalaxyName FROM AstroSchema.Systems, AstroSchema.Stars WHERE StarID = 'gbi-3197' AND SystemName = InSystem));
INSERT INTO AstroSchema.AstroObjects VALUES ('mlo-8078', 'Fouahiri-B', 22274032167.1, 41101424.1);
INSERT INTO AstroSchema.Stars VALUES ('mlo-8078', 'Ia', 'Fouahiri');
INSERT INTO AstroSchema.AstroObjects VALUES ('hpk-4431', 'Fouahiri-B-0', 34973766506.2, 589.2);
INSERT INTO AstroSchema.Planets VALUES ('hpk-4431', 'Sub-Earth', 'Ocean', (SELECT StarID FROM AstroSchema.Stars WHERE StarID = 'mlo-8078'), (SELECT GalaxyName FROM AstroSchema.Systems, AstroSchema.Stars WHERE StarID = 'mlo-8078' AND SystemName = InSystem));
INSERT INTO AstroSchema.AstroObjects VALUES ('vkv-9662', 'Fouahiri-B-1', 40843534771.7, 528.0);
INSERT INTO AstroSchema.Planets VALUES ('vkv-9662', 'Gas Giant', 'Gas dwarf', (SELECT StarID FROM AstroSchema.Stars WHERE StarID = 'mlo-8078'), (SELECT GalaxyName FROM AstroSchema.Systems, AstroSchema.Stars WHERE StarID = 'mlo-8078' AND SystemName = InSystem));
INSERT INTO AstroSchema.AstroObjects VALUES ('lyx-1442', 'Fouahiri-B-2', 5166002992.7, 871.1);
INSERT INTO AstroSchema.Planets VALUES ('lyx-1442', 'Mini-Neptune', 'Silicate', (SELECT StarID FROM AstroSchema.Stars WHERE StarID = 'mlo-8078'), (SELECT GalaxyName FROM AstroSchema.Systems, AstroSchema.Stars WHERE StarID = 'mlo-8078' AND SystemName = InSystem));
INSERT INTO AstroSchema.AstroObjects VALUES ('yss-4338', 'Fouahiri-B-3', 6401355497.3, 1137.1);
INSERT INTO AstroSchema.Planets VALUES ('yss-4338', 'Mini-Neptune', 'Gas giant', (SELECT StarID FROM AstroSchema.Stars WHERE StarID = 'mlo-8078'), (SELECT GalaxyName FROM AstroSchema.Systems, AstroSchema.Stars WHERE StarID = 'mlo-8078' AND SystemName = InSystem));
INSERT INTO AstroSchema.AstroObjects VALUES ('qwa-7532', 'Fouahiri-B-4', 41958872342.2, 571.5);
INSERT INTO AstroSchema.Planets VALUES ('qwa-7532', 'Super-Jupiter', 'Gas dwarf', (SELECT StarID FROM AstroSchema.Stars WHERE StarID = 'mlo-8078'), (SELECT GalaxyName FROM AstroSchema.Systems, AstroSchema.Stars WHERE StarID = 'mlo-8078' AND SystemName = InSystem));
INSERT INTO AstroSchema.AstroObjects VALUES ('xrn-8591', 'Fouahiri-B-5', 8597176286.0, 102.3);
INSERT INTO AstroSchema.Planets VALUES ('xrn-8591', 'Sub-Earth', 'Gas dwarf', (SELECT StarID FROM AstroSchema.Stars WHERE StarID = 'mlo-8078'), (SELECT GalaxyName FROM AstroSchema.Systems, AstroSchema.Stars WHERE StarID = 'mlo-8078' AND SystemName = InSystem));
INSERT INTO AstroSchema.AstroObjects VALUES ('azl-9379', 'Fouahiri-B-6', 45250258965.2, 1460.1);
INSERT INTO AstroSchema.Planets VALUES ('azl-9379', 'Gas Giant', 'Gas giant', (SELECT StarID FROM AstroSchema.Stars WHERE StarID = 'mlo-8078'), (SELECT GalaxyName FROM AstroSchema.Systems, AstroSchema.Stars WHERE StarID = 'mlo-8078' AND SystemName = InSystem));
INSERT INTO AstroSchema.AstroObjects VALUES ('bzt-7924', 'Fouahiri-B-7', 37620208030.5, 183.6);
INSERT INTO AstroSchema.Planets VALUES ('bzt-7924', 'Ice Giant', 'Chtonian', (SELECT StarID FROM AstroSchema.Stars WHERE StarID = 'mlo-8078'), (SELECT GalaxyName FROM AstroSchema.Systems, AstroSchema.Stars WHERE StarID = 'mlo-8078' AND SystemName = InSystem));
INSERT INTO AstroSchema.AstroObjects VALUES ('ttd-6432', 'Fouahiri-B-8', 18421638289.5, 586.7);
INSERT INTO AstroSchema.Planets VALUES ('ttd-6432', 'Ice Giant', 'Puffy', (SELECT StarID FROM AstroSchema.Stars WHERE StarID = 'mlo-8078'), (SELECT GalaxyName FROM AstroSchema.Systems, AstroSchema.Stars WHERE StarID = 'mlo-8078' AND SystemName = InSystem));
INSERT INTO AstroSchema.AstroObjects VALUES ('zyd-1515', 'Fouahiri-B-9', 14515521851.3, 1216.1);
INSERT INTO AstroSchema.Planets VALUES ('zyd-1515', 'Mini-Neptune', 'Hycean', (SELECT StarID FROM AstroSchema.Stars WHERE StarID = 'mlo-8078'), (SELECT GalaxyName FROM AstroSchema.Systems, AstroSchema.Stars WHERE StarID = 'mlo-8078' AND SystemName = InSystem));
INSERT INTO AstroSchema.AstroObjects VALUES ('kff-1405', 'Fouahiri-C', 36976415072.5, 37946702.2);
INSERT INTO AstroSchema.Stars VALUES ('kff-1405', 'D', 'Fouahiri');
INSERT INTO AstroSchema.AstroObjects VALUES ('dlh-6239', 'Fouahiri-C-0', 2981232900.3, 425.5);
INSERT INTO AstroSchema.Planets VALUES ('dlh-6239', 'Ice Giant', 'Ocean', (SELECT StarID FROM AstroSchema.Stars WHERE StarID = 'kff-1405'), (SELECT GalaxyName FROM AstroSchema.Systems, AstroSchema.Stars WHERE StarID = 'kff-1405' AND SystemName = InSystem));
INSERT INTO AstroSchema.AstroObjects VALUES ('xng-1450', 'Fouahiri-C-1', 6842565078.4, 168.8);
INSERT INTO AstroSchema.Planets VALUES ('xng-1450', 'Super-Earth', 'Desert', (SELECT StarID FROM AstroSchema.Stars WHERE StarID = 'kff-1405'), (SELECT GalaxyName FROM AstroSchema.Systems, AstroSchema.Stars WHERE StarID = 'kff-1405' AND SystemName = InSystem));
INSERT INTO AstroSchema.AstroObjects VALUES ('ggp-6842', 'Fouahiri-C-2', 43580955607.6, 1052.4);
INSERT INTO AstroSchema.Planets VALUES ('ggp-6842', 'Super-Jupiter', 'Chtonian', (SELECT StarID FROM AstroSchema.Stars WHERE StarID = 'kff-1405'), (SELECT GalaxyName FROM AstroSchema.Systems, AstroSchema.Stars WHERE StarID = 'kff-1405' AND SystemName = InSystem));
INSERT INTO AstroSchema.Systems VALUES ('Mehrnaz', 'Binary', (SELECT GalaxyName FROM AstroSchema.Galaxies WHERE GalaxyName = 'Sextans A'), (SELECT ConstellationName FROM AstroSchema.Galaxies WHERE GalaxyName = 'Sextans A'));
INSERT INTO AstroSchema.AstroObjects VALUES ('yrh-4323', 'Mehrnaz-A', 33620168380.1, 10218655.2);
INSERT INTO AstroSchema.Stars VALUES ('yrh-4323', 'Ia-O', 'Mehrnaz');
INSERT INTO AstroSchema.AstroObjects VALUES ('hve-4120', 'Mehrnaz-B', 30801573284.2, 54266605.4);
INSERT INTO AstroSchema.Stars VALUES ('hve-4120', 'IV', 'Mehrnaz');
INSERT INTO AstroSchema.AstroObjects VALUES ('sch-4858', 'Mehrnaz-B-0', 41965527755.4, 691.6);
INSERT INTO AstroSchema.Planets VALUES ('sch-4858', 'Mini-Neptune', 'Ice', (SELECT StarID FROM AstroSchema.Stars WHERE StarID = 'hve-4120'), (SELECT GalaxyName FROM AstroSchema.Systems, AstroSchema.Stars WHERE StarID = 'hve-4120' AND SystemName = InSystem));
INSERT INTO AstroSchema.AstroObjects VALUES ('tus-9526', 'Mehrnaz-B-1', 16146099157.9, 827.8);
INSERT INTO AstroSchema.Planets VALUES ('tus-9526', 'Sub-Earth', 'Chtonian', (SELECT StarID FROM AstroSchema.Stars WHERE StarID = 'hve-4120'), (SELECT GalaxyName FROM AstroSchema.Systems, AstroSchema.Stars WHERE StarID = 'hve-4120' AND SystemName = InSystem));
INSERT INTO AstroSchema.AstroObjects VALUES ('knw-5830', 'Mehrnaz-B-2', 1683415761.6, 1016.2);
INSERT INTO AstroSchema.Planets VALUES ('knw-5830', 'Super-Earth', 'Gas dwarf', (SELECT StarID FROM AstroSchema.Stars WHERE StarID = 'hve-4120'), (SELECT GalaxyName FROM AstroSchema.Systems, AstroSchema.Stars WHERE StarID = 'hve-4120' AND SystemName = InSystem));
INSERT INTO AstroSchema.Systems VALUES ('Eliathion', 'Binary', (SELECT GalaxyName FROM AstroSchema.Galaxies WHERE GalaxyName = 'NGC 147'), (SELECT ConstellationName FROM AstroSchema.Galaxies WHERE GalaxyName = 'NGC 147'));
INSERT INTO AstroSchema.AstroObjects VALUES ('oje-5408', 'Eliathion-A', 43885484233.6, 40476154.5);
INSERT INTO AstroSchema.Stars VALUES ('oje-5408', 'Ia', 'Eliathion');
INSERT INTO AstroSchema.AstroObjects VALUES ('bhz-4876', 'Eliathion-A-0', 41998329312.8, 1432.0);
INSERT INTO AstroSchema.Planets VALUES ('bhz-4876', 'Sub-Earth', 'Ocean', (SELECT StarID FROM AstroSchema.Stars WHERE StarID = 'oje-5408'), (SELECT GalaxyName FROM AstroSchema.Systems, AstroSchema.Stars WHERE StarID = 'oje-5408' AND SystemName = InSystem));
INSERT INTO AstroSchema.AstroObjects VALUES ('klm-2018', 'Eliathion-A-1', 3657208941.5, 787.5);
INSERT INTO AstroSchema.Planets VALUES ('klm-2018', 'Ice Giant', 'Terrestrial', (SELECT StarID FROM AstroSchema.Stars WHERE StarID = 'oje-5408'), (SELECT GalaxyName FROM AstroSchema.Systems, AstroSchema.Stars WHERE StarID = 'oje-5408' AND SystemName = InSystem));
INSERT INTO AstroSchema.AstroObjects VALUES ('hdg-1222', 'Eliathion-B', 8101098587.4, 80498441.5);
INSERT INTO AstroSchema.Stars VALUES ('hdg-1222', 'Ia', 'Eliathion');
INSERT INTO AstroSchema.Systems VALUES ('Scottica', 'Quaternary', (SELECT GalaxyName FROM AstroSchema.Galaxies WHERE GalaxyName = 'NGC 147'), NULL);
INSERT INTO AstroSchema.AstroObjects VALUES ('xer-1328', 'Scottica-A', 13937307147.8, 51703479.1);
INSERT INTO AstroSchema.Stars VALUES ('xer-1328', 'VI', 'Scottica');
INSERT INTO AstroSchema.AstroObjects VALUES ('ylj-9012', 'Scottica-A-0', 35147088012.1, 1358.5);
INSERT INTO AstroSchema.Planets VALUES ('ylj-9012', 'Sub-Earth', 'Chtonian', (SELECT StarID FROM AstroSchema.Stars WHERE StarID = 'xer-1328'), (SELECT GalaxyName FROM AstroSchema.Systems, AstroSchema.Stars WHERE StarID = 'xer-1328' AND SystemName = InSystem));
INSERT INTO AstroSchema.AstroObjects VALUES ('xwc-5341', 'Scottica-A-1', 32004520739.1, 1489.7);
INSERT INTO AstroSchema.Planets VALUES ('xwc-5341', 'Sub-Earth', 'Terrestrial', (SELECT StarID FROM AstroSchema.Stars WHERE StarID = 'xer-1328'), (SELECT GalaxyName FROM AstroSchema.Systems, AstroSchema.Stars WHERE StarID = 'xer-1328' AND SystemName = InSystem));
INSERT INTO AstroSchema.AstroObjects VALUES ('hxg-9380', 'Scottica-A-2', 18451626399.1, 1440.6);
INSERT INTO AstroSchema.Planets VALUES ('hxg-9380', 'Super-Jupiter', 'Desert', (SELECT StarID FROM AstroSchema.Stars WHERE StarID = 'xer-1328'), (SELECT GalaxyName FROM AstroSchema.Systems, AstroSchema.Stars WHERE StarID = 'xer-1328' AND SystemName = InSystem));
INSERT INTO AstroSchema.AstroObjects VALUES ('vkm-1933', 'Scottica-A-3', 41864776342.3, 1256.3);
INSERT INTO AstroSchema.Planets VALUES ('vkm-1933', 'Ice Giant', 'Silicate', (SELECT StarID FROM AstroSchema.Stars WHERE StarID = 'xer-1328'), (SELECT GalaxyName FROM AstroSchema.Systems, AstroSchema.Stars WHERE StarID = 'xer-1328' AND SystemName = InSystem));
INSERT INTO AstroSchema.AstroObjects VALUES ('moe-1293', 'Scottica-A-4', 16155230409.1, 1253.9);
INSERT INTO AstroSchema.Planets VALUES ('moe-1293', 'Mini-Neptune', 'Coreless', (SELECT StarID FROM AstroSchema.Stars WHERE StarID = 'xer-1328'), (SELECT GalaxyName FROM AstroSchema.Systems, AstroSchema.Stars WHERE StarID = 'xer-1328' AND SystemName = InSystem));
INSERT INTO AstroSchema.AstroObjects VALUES ('ozj-8502', 'Scottica-A-5', 12344692145.0, 1472.5);
INSERT INTO AstroSchema.Planets VALUES ('ozj-8502', 'Mini-Neptune', 'Carbon', (SELECT StarID FROM AstroSchema.Stars WHERE StarID = 'xer-1328'), (SELECT GalaxyName FROM AstroSchema.Systems, AstroSchema.Stars WHERE StarID = 'xer-1328' AND SystemName = InSystem));
INSERT INTO AstroSchema.AstroObjects VALUES ('hjg-5748', 'Scottica-A-6', 22228217157.5, 665.5);
INSERT INTO AstroSchema.Planets VALUES ('hjg-5748', 'Gas Giant', 'Protoplanet', (SELECT StarID FROM AstroSchema.Stars WHERE StarID = 'xer-1328'), (SELECT GalaxyName FROM AstroSchema.Systems, AstroSchema.Stars WHERE StarID = 'xer-1328' AND SystemName = InSystem));
INSERT INTO AstroSchema.AstroObjects VALUES ('nnj-5427', 'Scottica-A-7', 23587955413.3, 1353.5);
INSERT INTO AstroSchema.Planets VALUES ('nnj-5427', 'Ice Giant', 'Carbon', (SELECT StarID FROM AstroSchema.Stars WHERE StarID = 'xer-1328'), (SELECT GalaxyName FROM AstroSchema.Systems, AstroSchema.Stars WHERE StarID = 'xer-1328' AND SystemName = InSystem));
INSERT INTO AstroSchema.AstroObjects VALUES ('eei-5094', 'Scottica-A-8', 20027094373.5, 1282.2);
INSERT INTO AstroSchema.Planets VALUES ('eei-5094', 'Gas Giant', 'Helium', (SELECT StarID FROM AstroSchema.Stars WHERE StarID = 'xer-1328'), (SELECT GalaxyName FROM AstroSchema.Systems, AstroSchema.Stars WHERE StarID = 'xer-1328' AND SystemName = InSystem));
INSERT INTO AstroSchema.AstroObjects VALUES ('oju-1595', 'Scottica-B', 16200275281.1, 7883954.2);
INSERT INTO AstroSchema.Stars VALUES ('oju-1595', 'IV', 'Scottica');
INSERT INTO AstroSchema.AstroObjects VALUES ('iur-4359', 'Scottica-B-0', 1618117723.7, 199.7);
INSERT INTO AstroSchema.Planets VALUES ('iur-4359', 'Gas Giant', 'Coreless', (SELECT StarID FROM AstroSchema.Stars WHERE StarID = 'oju-1595'), (SELECT GalaxyName FROM AstroSchema.Systems, AstroSchema.Stars WHERE StarID = 'oju-1595' AND SystemName = InSystem));
INSERT INTO AstroSchema.AstroObjects VALUES ('eut-5074', 'Scottica-B-1', 28924421372.6, 260.3);
INSERT INTO AstroSchema.Planets VALUES ('eut-5074', 'Gas Giant', 'Terrestrial', (SELECT StarID FROM AstroSchema.Stars WHERE StarID = 'oju-1595'), (SELECT GalaxyName FROM AstroSchema.Systems, AstroSchema.Stars WHERE StarID = 'oju-1595' AND SystemName = InSystem));
INSERT INTO AstroSchema.AstroObjects VALUES ('bxr-8391', 'Scottica-C', 15441952998.2, 32398.6);
INSERT INTO AstroSchema.Stars VALUES ('bxr-8391', 'D', 'Scottica');
INSERT INTO AstroSchema.AstroObjects VALUES ('uen-7506', 'Scottica-C-0', 41898453808.7, 582.0);
INSERT INTO AstroSchema.Planets VALUES ('uen-7506', 'Mini-Neptune', 'Terrestrial', (SELECT StarID FROM AstroSchema.Stars WHERE StarID = 'bxr-8391'), (SELECT GalaxyName FROM AstroSchema.Systems, AstroSchema.Stars WHERE StarID = 'bxr-8391' AND SystemName = InSystem));
INSERT INTO AstroSchema.AstroObjects VALUES ('eph-1476', 'Scottica-C-1', 14971524563.3, 423.7);
INSERT INTO AstroSchema.Planets VALUES ('eph-1476', 'Mini-Neptune', 'Ocean', (SELECT StarID FROM AstroSchema.Stars WHERE StarID = 'bxr-8391'), (SELECT GalaxyName FROM AstroSchema.Systems, AstroSchema.Stars WHERE StarID = 'bxr-8391' AND SystemName = InSystem));
INSERT INTO AstroSchema.AstroObjects VALUES ('jvi-3164', 'Scottica-C-2', 44501034082.1, 78.8);
INSERT INTO AstroSchema.Planets VALUES ('jvi-3164', 'Super-Earth', 'Ice', (SELECT StarID FROM AstroSchema.Stars WHERE StarID = 'bxr-8391'), (SELECT GalaxyName FROM AstroSchema.Systems, AstroSchema.Stars WHERE StarID = 'bxr-8391' AND SystemName = InSystem));
INSERT INTO AstroSchema.AstroObjects VALUES ('hlk-3615', 'Scottica-D', 18782699718.5, 20926806.2);
INSERT INTO AstroSchema.Stars VALUES ('hlk-3615', 'V', 'Scottica');
INSERT INTO AstroSchema.AstroObjects VALUES ('fwi-4452', 'Scottica-D-0', 31688519705.6, 1429.5);
INSERT INTO AstroSchema.Planets VALUES ('fwi-4452', 'Super-Jupiter', 'Ice', (SELECT StarID FROM AstroSchema.Stars WHERE StarID = 'hlk-3615'), (SELECT GalaxyName FROM AstroSchema.Systems, AstroSchema.Stars WHERE StarID = 'hlk-3615' AND SystemName = InSystem));
INSERT INTO AstroSchema.AstroObjects VALUES ('asy-3553', 'Scottica-D-1', 32249609835.4, 856.2);
INSERT INTO AstroSchema.Planets VALUES ('asy-3553', 'Sub-Earth', 'Puffy', (SELECT StarID FROM AstroSchema.Stars WHERE StarID = 'hlk-3615'), (SELECT GalaxyName FROM AstroSchema.Systems, AstroSchema.Stars WHERE StarID = 'hlk-3615' AND SystemName = InSystem));
INSERT INTO AstroSchema.AstroObjects VALUES ('oru-7475', 'Scottica-D-2', 10710675327.9, 555.7);
INSERT INTO AstroSchema.Planets VALUES ('oru-7475', 'Gas Giant', 'Carbon', (SELECT StarID FROM AstroSchema.Stars WHERE StarID = 'hlk-3615'), (SELECT GalaxyName FROM AstroSchema.Systems, AstroSchema.Stars WHERE StarID = 'hlk-3615' AND SystemName = InSystem));
INSERT INTO AstroSchema.Systems VALUES ('Boggor', 'Mono', (SELECT GalaxyName FROM AstroSchema.Galaxies WHERE GalaxyName = 'Large Magellanic Cloud'), (SELECT ConstellationName FROM AstroSchema.Galaxies WHERE GalaxyName = 'Large Magellanic Cloud'));
INSERT INTO AstroSchema.AstroObjects VALUES ('jso-7512', 'Boggor', 14548106228.8, 35286865.9);
INSERT INTO AstroSchema.Stars VALUES ('jso-7512', 'II', 'Boggor');
INSERT INTO AstroSchema.AstroObjects VALUES ('zrp-6212', 'Boggor-0', 31677263553.8, 1343.2);
INSERT INTO AstroSchema.Planets VALUES ('zrp-6212', 'Mini-Neptune', 'Desert', (SELECT StarID FROM AstroSchema.Stars WHERE StarID = 'jso-7512'), (SELECT GalaxyName FROM AstroSchema.Systems, AstroSchema.Stars WHERE StarID = 'jso-7512' AND SystemName = InSystem));
INSERT INTO AstroSchema.AstroObjects VALUES ('mpr-2867', 'Boggor-1', 664317735.6, 550.0);
INSERT INTO AstroSchema.Planets VALUES ('mpr-2867', 'Gas Giant', 'Protoplanet', (SELECT StarID FROM AstroSchema.Stars WHERE StarID = 'jso-7512'), (SELECT GalaxyName FROM AstroSchema.Systems, AstroSchema.Stars WHERE StarID = 'jso-7512' AND SystemName = InSystem));
INSERT INTO AstroSchema.AstroObjects VALUES ('gxy-9487', 'Boggor-2', 27626502904.2, 513.1);
INSERT INTO AstroSchema.Planets VALUES ('gxy-9487', 'Super-Earth', 'Gas giant', (SELECT StarID FROM AstroSchema.Stars WHERE StarID = 'jso-7512'), (SELECT GalaxyName FROM AstroSchema.Systems, AstroSchema.Stars WHERE StarID = 'jso-7512' AND SystemName = InSystem));
INSERT INTO AstroSchema.AstroObjects VALUES ('moz-7706', 'Boggor-3', 41541557444.9, 1140.9);
INSERT INTO AstroSchema.Planets VALUES ('moz-7706', 'Ice Giant', 'Terrestrial', (SELECT StarID FROM AstroSchema.Stars WHERE StarID = 'jso-7512'), (SELECT GalaxyName FROM AstroSchema.Systems, AstroSchema.Stars WHERE StarID = 'jso-7512' AND SystemName = InSystem));
INSERT INTO AstroSchema.AstroObjects VALUES ('dud-5371', 'Boggor-4', 11337588274.9, 876.1);
INSERT INTO AstroSchema.Planets VALUES ('dud-5371', 'Ice Giant', 'Gas giant', (SELECT StarID FROM AstroSchema.Stars WHERE StarID = 'jso-7512'), (SELECT GalaxyName FROM AstroSchema.Systems, AstroSchema.Stars WHERE StarID = 'jso-7512' AND SystemName = InSystem));
INSERT INTO AstroSchema.AstroObjects VALUES ('lig-2282', 'Boggor-5', 12673945061.2, 1435.9);
INSERT INTO AstroSchema.Planets VALUES ('lig-2282', 'Super-Earth', 'Puffy', (SELECT StarID FROM AstroSchema.Stars WHERE StarID = 'jso-7512'), (SELECT GalaxyName FROM AstroSchema.Systems, AstroSchema.Stars WHERE StarID = 'jso-7512' AND SystemName = InSystem));
INSERT INTO AstroSchema.AstroObjects VALUES ('zgx-8419', 'Boggor-6', 24510210998.1, 987.6);
INSERT INTO AstroSchema.Planets VALUES ('zgx-8419', 'Gas Giant', 'Chtonian', (SELECT StarID FROM AstroSchema.Stars WHERE StarID = 'jso-7512'), (SELECT GalaxyName FROM AstroSchema.Systems, AstroSchema.Stars WHERE StarID = 'jso-7512' AND SystemName = InSystem));
INSERT INTO AstroSchema.AstroObjects VALUES ('pty-4857', 'Boggor-7', 9404718108.0, 1252.2);
INSERT INTO AstroSchema.Planets VALUES ('pty-4857', 'Super-Jupiter', 'Hycean', (SELECT StarID FROM AstroSchema.Stars WHERE StarID = 'jso-7512'), (SELECT GalaxyName FROM AstroSchema.Systems, AstroSchema.Stars WHERE StarID = 'jso-7512' AND SystemName = InSystem));
INSERT INTO AstroSchema.AstroObjects VALUES ('aus-2496', 'Boggor-8', 7753955415.0, 506.4);
INSERT INTO AstroSchema.Planets VALUES ('aus-2496', 'Mini-Neptune', 'Ice', (SELECT StarID FROM AstroSchema.Stars WHERE StarID = 'jso-7512'), (SELECT GalaxyName FROM AstroSchema.Systems, AstroSchema.Stars WHERE StarID = 'jso-7512' AND SystemName = InSystem));
INSERT INTO AstroSchema.Systems VALUES ('Rammas', 'Trinary', (SELECT GalaxyName FROM AstroSchema.Galaxies WHERE GalaxyName = 'Milky Way'), (SELECT ConstellationName FROM AstroSchema.Galaxies WHERE GalaxyName = 'Milky Way'));
INSERT INTO AstroSchema.AstroObjects VALUES ('lxv-1956', 'Rammas-A', 25609573091.4, 9852285.7);
INSERT INTO AstroSchema.Stars VALUES ('lxv-1956', 'V', 'Rammas');
INSERT INTO AstroSchema.AstroObjects VALUES ('ebs-9902', 'Rammas-A-0', 12839152502.3, 480.5);
INSERT INTO AstroSchema.Planets VALUES ('ebs-9902', 'Super-Earth', 'Coreless', (SELECT StarID FROM AstroSchema.Stars WHERE StarID = 'lxv-1956'), (SELECT GalaxyName FROM AstroSchema.Systems, AstroSchema.Stars WHERE StarID = 'lxv-1956' AND SystemName = InSystem));
INSERT INTO AstroSchema.AstroObjects VALUES ('wpu-8599', 'Rammas-A-1', 7940306311.7, 293.3);
INSERT INTO AstroSchema.Planets VALUES ('wpu-8599', 'Mini-Neptune', 'Ocean', (SELECT StarID FROM AstroSchema.Stars WHERE StarID = 'lxv-1956'), (SELECT GalaxyName FROM AstroSchema.Systems, AstroSchema.Stars WHERE StarID = 'lxv-1956' AND SystemName = InSystem));
INSERT INTO AstroSchema.AstroObjects VALUES ('twt-5848', 'Rammas-A-2', 8935586125.3, 1055.7);
INSERT INTO AstroSchema.Planets VALUES ('twt-5848', 'Sub-Earth', 'Silicate', (SELECT StarID FROM AstroSchema.Stars WHERE StarID = 'lxv-1956'), (SELECT GalaxyName FROM AstroSchema.Systems, AstroSchema.Stars WHERE StarID = 'lxv-1956' AND SystemName = InSystem));
INSERT INTO AstroSchema.AstroObjects VALUES ('ceu-1445', 'Rammas-A-3', 25513524997.7, 1226.7);
INSERT INTO AstroSchema.Planets VALUES ('ceu-1445', 'Mini-Neptune', 'Protoplanet', (SELECT StarID FROM AstroSchema.Stars WHERE StarID = 'lxv-1956'), (SELECT GalaxyName FROM AstroSchema.Systems, AstroSchema.Stars WHERE StarID = 'lxv-1956' AND SystemName = InSystem));
INSERT INTO AstroSchema.AstroObjects VALUES ('oqh-7984', 'Rammas-A-4', 18288002971.7, 886.6);
INSERT INTO AstroSchema.Planets VALUES ('oqh-7984', 'Gas Giant', 'Silicate', (SELECT StarID FROM AstroSchema.Stars WHERE StarID = 'lxv-1956'), (SELECT GalaxyName FROM AstroSchema.Systems, AstroSchema.Stars WHERE StarID = 'lxv-1956' AND SystemName = InSystem));
INSERT INTO AstroSchema.AstroObjects VALUES ('zze-1943', 'Rammas-B', 7612080777.3, 28522921.9);
INSERT INTO AstroSchema.Stars VALUES ('zze-1943', 'VI', 'Rammas');
INSERT INTO AstroSchema.AstroObjects VALUES ('aqi-8296', 'Rammas-B-0', 43194974906.0, 633.2);
INSERT INTO AstroSchema.Planets VALUES ('aqi-8296', 'Gas Giant', 'Helium', (SELECT StarID FROM AstroSchema.Stars WHERE StarID = 'zze-1943'), (SELECT GalaxyName FROM AstroSchema.Systems, AstroSchema.Stars WHERE StarID = 'zze-1943' AND SystemName = InSystem));
INSERT INTO AstroSchema.AstroObjects VALUES ('zrz-9072', 'Rammas-B-1', 14970230714.5, 604.7);
INSERT INTO AstroSchema.Planets VALUES ('zrz-9072', 'Sub-Earth', 'Ice', (SELECT StarID FROM AstroSchema.Stars WHERE StarID = 'zze-1943'), (SELECT GalaxyName FROM AstroSchema.Systems, AstroSchema.Stars WHERE StarID = 'zze-1943' AND SystemName = InSystem));
INSERT INTO AstroSchema.AstroObjects VALUES ('awt-1734', 'Rammas-C', 8421498950.0, 1690847.5);
INSERT INTO AstroSchema.Stars VALUES ('awt-1734', 'Ia-O', 'Rammas');
INSERT INTO AstroSchema.AstroObjects VALUES ('ouc-3417', 'Rammas-C-0', 4816182770.0, 223.5);
INSERT INTO AstroSchema.Planets VALUES ('ouc-3417', 'Sub-Earth', 'Gas dwarf', (SELECT StarID FROM AstroSchema.Stars WHERE StarID = 'awt-1734'), (SELECT GalaxyName FROM AstroSchema.Systems, AstroSchema.Stars WHERE StarID = 'awt-1734' AND SystemName = InSystem));
INSERT INTO AstroSchema.AstroObjects VALUES ('mqa-6016', 'Rammas-C-1', 7406259245.3, 1314.2);
INSERT INTO AstroSchema.Planets VALUES ('mqa-6016', 'Mini-Neptune', 'Ocean', (SELECT StarID FROM AstroSchema.Stars WHERE StarID = 'awt-1734'), (SELECT GalaxyName FROM AstroSchema.Systems, AstroSchema.Stars WHERE StarID = 'awt-1734' AND SystemName = InSystem));
INSERT INTO AstroSchema.AstroObjects VALUES ('zdi-8179', 'Rammas-C-2', 3715673814.2, 1033.5);
INSERT INTO AstroSchema.Planets VALUES ('zdi-8179', 'Ice Giant', 'Carbon', (SELECT StarID FROM AstroSchema.Stars WHERE StarID = 'awt-1734'), (SELECT GalaxyName FROM AstroSchema.Systems, AstroSchema.Stars WHERE StarID = 'awt-1734' AND SystemName = InSystem));
INSERT INTO AstroSchema.AstroObjects VALUES ('xwv-9182', 'Rammas-C-3', 3375364946.4, 258.8);
INSERT INTO AstroSchema.Planets VALUES ('xwv-9182', 'Sub-Earth', 'Puffy', (SELECT StarID FROM AstroSchema.Stars WHERE StarID = 'awt-1734'), (SELECT GalaxyName FROM AstroSchema.Systems, AstroSchema.Stars WHERE StarID = 'awt-1734' AND SystemName = InSystem));
INSERT INTO AstroSchema.AstroObjects VALUES ('spo-7729', 'Rammas-C-4', 42971630293.9, 1161.8);
INSERT INTO AstroSchema.Planets VALUES ('spo-7729', 'Mini-Neptune', 'Ice', (SELECT StarID FROM AstroSchema.Stars WHERE StarID = 'awt-1734'), (SELECT GalaxyName FROM AstroSchema.Systems, AstroSchema.Stars WHERE StarID = 'awt-1734' AND SystemName = InSystem));
INSERT INTO AstroSchema.Systems VALUES ('Hesstamur', 'Mono', (SELECT GalaxyName FROM AstroSchema.Galaxies WHERE GalaxyName = 'IC 10'), (SELECT ConstellationName FROM AstroSchema.Galaxies WHERE GalaxyName = 'IC 10'));
INSERT INTO AstroSchema.AstroObjects VALUES ('eqp-5788', 'Hesstamur', 4297340377.1, 18093715.0);
INSERT INTO AstroSchema.Stars VALUES ('eqp-5788', 'IV', 'Hesstamur');
INSERT INTO AstroSchema.AstroObjects VALUES ('wwu-9987', 'Hesstamur-0', 41025592562.4, 588.7);
INSERT INTO AstroSchema.Planets VALUES ('wwu-9987', 'Super-Earth', 'Carbon', (SELECT StarID FROM AstroSchema.Stars WHERE StarID = 'eqp-5788'), (SELECT GalaxyName FROM AstroSchema.Systems, AstroSchema.Stars WHERE StarID = 'eqp-5788' AND SystemName = InSystem));
INSERT INTO AstroSchema.Systems VALUES ('Zimatullon', 'Mono', (SELECT GalaxyName FROM AstroSchema.Galaxies WHERE GalaxyName = 'Maffei 1'), NULL);
INSERT INTO AstroSchema.AstroObjects VALUES ('uns-9159', 'Zimatullon', 11686546225.8, 92858493.7);
INSERT INTO AstroSchema.Stars VALUES ('uns-9159', 'III', 'Zimatullon');
INSERT INTO AstroSchema.AstroObjects VALUES ('vni-1357', 'Zimatullon-0', 10849980160.7, 1157.9);
INSERT INTO AstroSchema.Planets VALUES ('vni-1357', 'Mini-Neptune', 'Gas dwarf', (SELECT StarID FROM AstroSchema.Stars WHERE StarID = 'uns-9159'), (SELECT GalaxyName FROM AstroSchema.Systems, AstroSchema.Stars WHERE StarID = 'uns-9159' AND SystemName = InSystem));
INSERT INTO AstroSchema.AstroObjects VALUES ('mqi-7405', 'Zimatullon-1', 18757605018.8, 924.8);
INSERT INTO AstroSchema.Planets VALUES ('mqi-7405', 'Mini-Neptune', 'Terrestrial', (SELECT StarID FROM AstroSchema.Stars WHERE StarID = 'uns-9159'), (SELECT GalaxyName FROM AstroSchema.Systems, AstroSchema.Stars WHERE StarID = 'uns-9159' AND SystemName = InSystem));
INSERT INTO AstroSchema.Systems VALUES ('Suth', 'Mono', (SELECT GalaxyName FROM AstroSchema.Galaxies WHERE GalaxyName = 'Sextans B'), NULL);
INSERT INTO AstroSchema.AstroObjects VALUES ('ttd-7212', 'Suth', 18224997247.4, 23993436.4);
INSERT INTO AstroSchema.Stars VALUES ('ttd-7212', 'V', 'Suth');
INSERT INTO AstroSchema.AstroObjects VALUES ('oum-2085', 'Suth-0', 42394723115.2, 650.5);
INSERT INTO AstroSchema.Planets VALUES ('oum-2085', 'Sub-Earth', 'Terrestrial', (SELECT StarID FROM AstroSchema.Stars WHERE StarID = 'ttd-7212'), (SELECT GalaxyName FROM AstroSchema.Systems, AstroSchema.Stars WHERE StarID = 'ttd-7212' AND SystemName = InSystem));
INSERT INTO AstroSchema.AstroObjects VALUES ('evv-6978', 'Suth-1', 6310534641.5, 338.8);
INSERT INTO AstroSchema.Planets VALUES ('evv-6978', 'Ice Giant', 'Coreless', (SELECT StarID FROM AstroSchema.Stars WHERE StarID = 'ttd-7212'), (SELECT GalaxyName FROM AstroSchema.Systems, AstroSchema.Stars WHERE StarID = 'ttd-7212' AND SystemName = InSystem));
INSERT INTO AstroSchema.Systems VALUES ('Pharrim', 'Quaternary', NULL, (SELECT ConstellationName FROM AstroSchema.Constellations WHERE ConstellationName = 'Andromeda'));
INSERT INTO AstroSchema.AstroObjects VALUES ('skt-8337', 'Pharrim-A', 39864600392.3, 82075402.8);
INSERT INTO AstroSchema.Stars VALUES ('skt-8337', 'V', 'Pharrim');
INSERT INTO AstroSchema.AstroObjects VALUES ('gqd-5267', 'Pharrim-A-0', 45473025960.8, 1068.8);
INSERT INTO AstroSchema.Planets VALUES ('gqd-5267', 'Sub-Earth', 'Protoplanet', (SELECT StarID FROM AstroSchema.Stars WHERE StarID = 'skt-8337'), (SELECT GalaxyName FROM AstroSchema.Systems, AstroSchema.Stars WHERE StarID = 'skt-8337' AND SystemName = InSystem));
INSERT INTO AstroSchema.AstroObjects VALUES ('qez-4965', 'Pharrim-A-1', 678959277.8, 721.3);
INSERT INTO AstroSchema.Planets VALUES ('qez-4965', 'Super-Earth', 'Desert', (SELECT StarID FROM AstroSchema.Stars WHERE StarID = 'skt-8337'), (SELECT GalaxyName FROM AstroSchema.Systems, AstroSchema.Stars WHERE StarID = 'skt-8337' AND SystemName = InSystem));
INSERT INTO AstroSchema.AstroObjects VALUES ('ihe-7600', 'Pharrim-B', 19116982307.7, 92006056.5);
INSERT INTO AstroSchema.Stars VALUES ('ihe-7600', 'III', 'Pharrim');
INSERT INTO AstroSchema.AstroObjects VALUES ('abc-3118', 'Pharrim-B-0', 15084639765.5, 1277.5);
INSERT INTO AstroSchema.Planets VALUES ('abc-3118', 'Super-Earth', 'Protoplanet', (SELECT StarID FROM AstroSchema.Stars WHERE StarID = 'ihe-7600'), (SELECT GalaxyName FROM AstroSchema.Systems, AstroSchema.Stars WHERE StarID = 'ihe-7600' AND SystemName = InSystem));
INSERT INTO AstroSchema.AstroObjects VALUES ('wsi-3576', 'Pharrim-B-1', 40507565554.7, 1389.7);
INSERT INTO AstroSchema.Planets VALUES ('wsi-3576', 'Super-Earth', 'Silicate', (SELECT StarID FROM AstroSchema.Stars WHERE StarID = 'ihe-7600'), (SELECT GalaxyName FROM AstroSchema.Systems, AstroSchema.Stars WHERE StarID = 'ihe-7600' AND SystemName = InSystem));
INSERT INTO AstroSchema.AstroObjects VALUES ('aty-1713', 'Pharrim-B-2', 28386590528.9, 1203.5);
INSERT INTO AstroSchema.Planets VALUES ('aty-1713', 'Ice Giant', 'Silicate', (SELECT StarID FROM AstroSchema.Stars WHERE StarID = 'ihe-7600'), (SELECT GalaxyName FROM AstroSchema.Systems, AstroSchema.Stars WHERE StarID = 'ihe-7600' AND SystemName = InSystem));
INSERT INTO AstroSchema.AstroObjects VALUES ('awy-4664', 'Pharrim-C', 9348218304.8, 52594645.4);
INSERT INTO AstroSchema.Stars VALUES ('awy-4664', 'IV', 'Pharrim');
INSERT INTO AstroSchema.AstroObjects VALUES ('sro-1430', 'Pharrim-C-0', 8410505274.0, 5.8);
INSERT INTO AstroSchema.Planets VALUES ('sro-1430', 'Ice Giant', 'Coreless', (SELECT StarID FROM AstroSchema.Stars WHERE StarID = 'awy-4664'), (SELECT GalaxyName FROM AstroSchema.Systems, AstroSchema.Stars WHERE StarID = 'awy-4664' AND SystemName = InSystem));
INSERT INTO AstroSchema.AstroObjects VALUES ('zwn-1429', 'Pharrim-C-1', 31044746765.6, 1388.3);
INSERT INTO AstroSchema.Planets VALUES ('zwn-1429', 'Mini-Neptune', 'Coreless', (SELECT StarID FROM AstroSchema.Stars WHERE StarID = 'awy-4664'), (SELECT GalaxyName FROM AstroSchema.Systems, AstroSchema.Stars WHERE StarID = 'awy-4664' AND SystemName = InSystem));
INSERT INTO AstroSchema.AstroObjects VALUES ('gpv-3062', 'Pharrim-C-2', 1141057414.4, 569.8);
INSERT INTO AstroSchema.Planets VALUES ('gpv-3062', 'Mini-Neptune', 'Silicate', (SELECT StarID FROM AstroSchema.Stars WHERE StarID = 'awy-4664'), (SELECT GalaxyName FROM AstroSchema.Systems, AstroSchema.Stars WHERE StarID = 'awy-4664' AND SystemName = InSystem));
INSERT INTO AstroSchema.AstroObjects VALUES ('xhb-6640', 'Pharrim-C-3', 5898892154.2, 333.8);
INSERT INTO AstroSchema.Planets VALUES ('xhb-6640', 'Ice Giant', 'Helium', (SELECT StarID FROM AstroSchema.Stars WHERE StarID = 'awy-4664'), (SELECT GalaxyName FROM AstroSchema.Systems, AstroSchema.Stars WHERE StarID = 'awy-4664' AND SystemName = InSystem));
INSERT INTO AstroSchema.AstroObjects VALUES ('qmj-1997', 'Pharrim-C-4', 4734618936.3, 1446.6);
INSERT INTO AstroSchema.Planets VALUES ('qmj-1997', 'Mini-Neptune', 'Gas dwarf', (SELECT StarID FROM AstroSchema.Stars WHERE StarID = 'awy-4664'), (SELECT GalaxyName FROM AstroSchema.Systems, AstroSchema.Stars WHERE StarID = 'awy-4664' AND SystemName = InSystem));
INSERT INTO AstroSchema.AstroObjects VALUES ('lpj-5646', 'Pharrim-D', 5780641002.7, 43876742.4);
INSERT INTO AstroSchema.Stars VALUES ('lpj-5646', 'II', 'Pharrim');
INSERT INTO AstroSchema.AstroObjects VALUES ('wdk-4213', 'Pharrim-D-0', 24582468512.8, 1406.1);
INSERT INTO AstroSchema.Planets VALUES ('wdk-4213', 'Mini-Neptune', 'Protoplanet', (SELECT StarID FROM AstroSchema.Stars WHERE StarID = 'lpj-5646'), (SELECT GalaxyName FROM AstroSchema.Systems, AstroSchema.Stars WHERE StarID = 'lpj-5646' AND SystemName = InSystem));
INSERT INTO AstroSchema.AstroObjects VALUES ('kwe-3214', 'Pharrim-D-1', 18143686966.5, 1355.4);
INSERT INTO AstroSchema.Planets VALUES ('kwe-3214', 'Mini-Neptune', 'Helium', (SELECT StarID FROM AstroSchema.Stars WHERE StarID = 'lpj-5646'), (SELECT GalaxyName FROM AstroSchema.Systems, AstroSchema.Stars WHERE StarID = 'lpj-5646' AND SystemName = InSystem));
INSERT INTO AstroSchema.AstroObjects VALUES ('tlr-1169', 'Pharrim-D-2', 2480070878.7, 197.2);
INSERT INTO AstroSchema.Planets VALUES ('tlr-1169', 'Gas Giant', 'Ice', (SELECT StarID FROM AstroSchema.Stars WHERE StarID = 'lpj-5646'), (SELECT GalaxyName FROM AstroSchema.Systems, AstroSchema.Stars WHERE StarID = 'lpj-5646' AND SystemName = InSystem));
INSERT INTO AstroSchema.AstroObjects VALUES ('mxt-5280', 'Pharrim-D-3', 19912362343.9, 1470.5);
INSERT INTO AstroSchema.Planets VALUES ('mxt-5280', 'Super-Earth', 'Ocean', (SELECT StarID FROM AstroSchema.Stars WHERE StarID = 'lpj-5646'), (SELECT GalaxyName FROM AstroSchema.Systems, AstroSchema.Stars WHERE StarID = 'lpj-5646' AND SystemName = InSystem));
INSERT INTO AstroSchema.Systems VALUES ('Jor Mon Dir', 'Mono', (SELECT GalaxyName FROM AstroSchema.Galaxies WHERE GalaxyName = 'Andromeda'), NULL);
INSERT INTO AstroSchema.AstroObjects VALUES ('pwt-5218', 'Jor Mon Dir', 15886851006.2, 85528545.3);
INSERT INTO AstroSchema.Stars VALUES ('pwt-5218', 'II', 'Jor Mon Dir');
INSERT INTO AstroSchema.AstroObjects VALUES ('eua-8607', 'Jor Mon Dir-0', 24111969084.5, 835.1);
INSERT INTO AstroSchema.Planets VALUES ('eua-8607', 'Super-Earth', 'Hycean', (SELECT StarID FROM AstroSchema.Stars WHERE StarID = 'pwt-5218'), (SELECT GalaxyName FROM AstroSchema.Systems, AstroSchema.Stars WHERE StarID = 'pwt-5218' AND SystemName = InSystem));
INSERT INTO AstroSchema.AstroObjects VALUES ('nrq-2829', 'Jor Mon Dir-1', 27370886143.0, 445.8);
INSERT INTO AstroSchema.Planets VALUES ('nrq-2829', 'Mini-Neptune', 'Hycean', (SELECT StarID FROM AstroSchema.Stars WHERE StarID = 'pwt-5218'), (SELECT GalaxyName FROM AstroSchema.Systems, AstroSchema.Stars WHERE StarID = 'pwt-5218' AND SystemName = InSystem));
INSERT INTO AstroSchema.AstroObjects VALUES ('eqo-4713', 'Jor Mon Dir-2', 34100327861.9, 970.6);
INSERT INTO AstroSchema.Planets VALUES ('eqo-4713', 'Super-Jupiter', 'Protoplanet', (SELECT StarID FROM AstroSchema.Stars WHERE StarID = 'pwt-5218'), (SELECT GalaxyName FROM AstroSchema.Systems, AstroSchema.Stars WHERE StarID = 'pwt-5218' AND SystemName = InSystem));
INSERT INTO AstroSchema.Systems VALUES ('Atropatan', 'Mono', (SELECT GalaxyName FROM AstroSchema.Galaxies WHERE GalaxyName = 'Wolf-Lundmark-Melotte'), NULL);
INSERT INTO AstroSchema.AstroObjects VALUES ('oxg-2545', 'Atropatan', 15191139473.9, 56543275.5);
INSERT INTO AstroSchema.Stars VALUES ('oxg-2545', 'D', 'Atropatan');
INSERT INTO AstroSchema.AstroObjects VALUES ('kos-5931', 'Atropatan-0', 33845732937.4, 318.5);
INSERT INTO AstroSchema.Planets VALUES ('kos-5931', 'Ice Giant', 'Carbon', (SELECT StarID FROM AstroSchema.Stars WHERE StarID = 'oxg-2545'), (SELECT GalaxyName FROM AstroSchema.Systems, AstroSchema.Stars WHERE StarID = 'oxg-2545' AND SystemName = InSystem));
INSERT INTO AstroSchema.AstroObjects VALUES ('wit-5367', 'Atropatan-1', 16218330275.1, 365.8);
INSERT INTO AstroSchema.Planets VALUES ('wit-5367', 'Ice Giant', 'Carbon', (SELECT StarID FROM AstroSchema.Stars WHERE StarID = 'oxg-2545'), (SELECT GalaxyName FROM AstroSchema.Systems, AstroSchema.Stars WHERE StarID = 'oxg-2545' AND SystemName = InSystem));
INSERT INTO AstroSchema.Systems VALUES ('Fellix', 'Mono', (SELECT GalaxyName FROM AstroSchema.Galaxies WHERE GalaxyName = 'Leo II'), NULL);
INSERT INTO AstroSchema.AstroObjects VALUES ('hzm-9747', 'Fellix', 38408094078.6, 82066952.6);
INSERT INTO AstroSchema.Stars VALUES ('hzm-9747', 'Ia-O', 'Fellix');
INSERT INTO AstroSchema.AstroObjects VALUES ('ows-9652', 'Fellix-0', 32583496703.2, 172.7);
INSERT INTO AstroSchema.Planets VALUES ('ows-9652', 'Super-Earth', 'Ocean', (SELECT StarID FROM AstroSchema.Stars WHERE StarID = 'hzm-9747'), (SELECT GalaxyName FROM AstroSchema.Systems, AstroSchema.Stars WHERE StarID = 'hzm-9747' AND SystemName = InSystem));
INSERT INTO AstroSchema.Systems VALUES ('Rituvecca', 'Binary', (SELECT GalaxyName FROM AstroSchema.Galaxies WHERE GalaxyName = 'IC 10'), (SELECT ConstellationName FROM AstroSchema.Galaxies WHERE GalaxyName = 'IC 10'));
INSERT INTO AstroSchema.AstroObjects VALUES ('nxq-1250', 'Rituvecca-A', 32207800944.8, 51743089.0);
INSERT INTO AstroSchema.Stars VALUES ('nxq-1250', 'Ia-O', 'Rituvecca');
INSERT INTO AstroSchema.AstroObjects VALUES ('vei-4227', 'Rituvecca-A-0', 9674180090.7, 674.8);
INSERT INTO AstroSchema.Planets VALUES ('vei-4227', 'Ice Giant', 'Puffy', (SELECT StarID FROM AstroSchema.Stars WHERE StarID = 'nxq-1250'), (SELECT GalaxyName FROM AstroSchema.Systems, AstroSchema.Stars WHERE StarID = 'nxq-1250' AND SystemName = InSystem));
INSERT INTO AstroSchema.AstroObjects VALUES ('kjz-8429', 'Rituvecca-A-1', 22839135537.1, 1423.1);
INSERT INTO AstroSchema.Planets VALUES ('kjz-8429', 'Super-Earth', 'Chtonian', (SELECT StarID FROM AstroSchema.Stars WHERE StarID = 'nxq-1250'), (SELECT GalaxyName FROM AstroSchema.Systems, AstroSchema.Stars WHERE StarID = 'nxq-1250' AND SystemName = InSystem));
INSERT INTO AstroSchema.AstroObjects VALUES ('nri-3230', 'Rituvecca-A-2', 9281200535.7, 81.5);
INSERT INTO AstroSchema.Planets VALUES ('nri-3230', 'Mini-Neptune', 'Silicate', (SELECT StarID FROM AstroSchema.Stars WHERE StarID = 'nxq-1250'), (SELECT GalaxyName FROM AstroSchema.Systems, AstroSchema.Stars WHERE StarID = 'nxq-1250' AND SystemName = InSystem));
INSERT INTO AstroSchema.AstroObjects VALUES ('jaa-5235', 'Rituvecca-B', 31561525728.5, 39380308.7);
INSERT INTO AstroSchema.Stars VALUES ('jaa-5235', 'D', 'Rituvecca');
INSERT INTO AstroSchema.Systems VALUES ('Cipux', 'Binary', (SELECT GalaxyName FROM AstroSchema.Galaxies WHERE GalaxyName = 'Sextans A'), (SELECT ConstellationName FROM AstroSchema.Galaxies WHERE GalaxyName = 'Sextans A'));
INSERT INTO AstroSchema.AstroObjects VALUES ('yby-5949', 'Cipux-A', 33777775345.4, 38845400.0);
INSERT INTO AstroSchema.Stars VALUES ('yby-5949', 'III', 'Cipux');
INSERT INTO AstroSchema.AstroObjects VALUES ('wid-8385', 'Cipux-B', 23832007442.5, 27071638.8);
INSERT INTO AstroSchema.Stars VALUES ('wid-8385', 'V', 'Cipux');
INSERT INTO AstroSchema.AstroObjects VALUES ('gmu-3897', 'Cipux-B-0', 6835749945.9, 683.4);
INSERT INTO AstroSchema.Planets VALUES ('gmu-3897', 'Sub-Earth', 'Puffy', (SELECT StarID FROM AstroSchema.Stars WHERE StarID = 'wid-8385'), (SELECT GalaxyName FROM AstroSchema.Systems, AstroSchema.Stars WHERE StarID = 'wid-8385' AND SystemName = InSystem));
INSERT INTO AstroSchema.Systems VALUES ('Gutkow', 'Binary', (SELECT GalaxyName FROM AstroSchema.Galaxies WHERE GalaxyName = 'Wolf-Lundmark-Melotte'), (SELECT ConstellationName FROM AstroSchema.Galaxies WHERE GalaxyName = 'Wolf-Lundmark-Melotte'));
INSERT INTO AstroSchema.AstroObjects VALUES ('rqh-6891', 'Gutkow-A', 5298921379.2, 60025611.3);
INSERT INTO AstroSchema.Stars VALUES ('rqh-6891', 'V', 'Gutkow');
INSERT INTO AstroSchema.AstroObjects VALUES ('ksm-2093', 'Gutkow-B', 27796737456.4, 38679655.2);
INSERT INTO AstroSchema.Stars VALUES ('ksm-2093', 'Ia-O', 'Gutkow');
INSERT INTO AstroSchema.Systems VALUES ('Brigaffa', 'Multiple', (SELECT GalaxyName FROM AstroSchema.Galaxies WHERE GalaxyName = 'NGC 147'), (SELECT ConstellationName FROM AstroSchema.Galaxies WHERE GalaxyName = 'NGC 147'));
INSERT INTO AstroSchema.AstroObjects VALUES ('sak-8758', 'Brigaffa-A', 42331090380.7, 83648523.0);
INSERT INTO AstroSchema.Stars VALUES ('sak-8758', 'Ia', 'Brigaffa');
INSERT INTO AstroSchema.AstroObjects VALUES ('hgu-1650', 'Brigaffa-A-0', 43351166771.7, 1498.4);
INSERT INTO AstroSchema.Planets VALUES ('hgu-1650', 'Ice Giant', 'Carbon', (SELECT StarID FROM AstroSchema.Stars WHERE StarID = 'sak-8758'), (SELECT GalaxyName FROM AstroSchema.Systems, AstroSchema.Stars WHERE StarID = 'sak-8758' AND SystemName = InSystem));
INSERT INTO AstroSchema.AstroObjects VALUES ('oih-7718', 'Brigaffa-A-1', 35299458530.9, 1370.5);
INSERT INTO AstroSchema.Planets VALUES ('oih-7718', 'Gas Giant', 'Coreless', (SELECT StarID FROM AstroSchema.Stars WHERE StarID = 'sak-8758'), (SELECT GalaxyName FROM AstroSchema.Systems, AstroSchema.Stars WHERE StarID = 'sak-8758' AND SystemName = InSystem));
INSERT INTO AstroSchema.AstroObjects VALUES ('gqz-9219', 'Brigaffa-A-2', 14273220800.2, 441.6);
INSERT INTO AstroSchema.Planets VALUES ('gqz-9219', 'Super-Earth', 'Puffy', (SELECT StarID FROM AstroSchema.Stars WHERE StarID = 'sak-8758'), (SELECT GalaxyName FROM AstroSchema.Systems, AstroSchema.Stars WHERE StarID = 'sak-8758' AND SystemName = InSystem));
INSERT INTO AstroSchema.AstroObjects VALUES ('mip-2683', 'Brigaffa-A-3', 22888619461.3, 113.3);
INSERT INTO AstroSchema.Planets VALUES ('mip-2683', 'Gas Giant', 'Coreless', (SELECT StarID FROM AstroSchema.Stars WHERE StarID = 'sak-8758'), (SELECT GalaxyName FROM AstroSchema.Systems, AstroSchema.Stars WHERE StarID = 'sak-8758' AND SystemName = InSystem));
INSERT INTO AstroSchema.AstroObjects VALUES ('smu-5108', 'Brigaffa-A-4', 40368144318.8, 794.3);
INSERT INTO AstroSchema.Planets VALUES ('smu-5108', 'Super-Earth', 'Carbon', (SELECT StarID FROM AstroSchema.Stars WHERE StarID = 'sak-8758'), (SELECT GalaxyName FROM AstroSchema.Systems, AstroSchema.Stars WHERE StarID = 'sak-8758' AND SystemName = InSystem));
INSERT INTO AstroSchema.AstroObjects VALUES ('wow-8639', 'Brigaffa-A-5', 20750175752.0, 624.9);
INSERT INTO AstroSchema.Planets VALUES ('wow-8639', 'Super-Jupiter', 'Puffy', (SELECT StarID FROM AstroSchema.Stars WHERE StarID = 'sak-8758'), (SELECT GalaxyName FROM AstroSchema.Systems, AstroSchema.Stars WHERE StarID = 'sak-8758' AND SystemName = InSystem));
INSERT INTO AstroSchema.AstroObjects VALUES ('gdy-3873', 'Brigaffa-B', 39446901238.5, 20578169.9);
INSERT INTO AstroSchema.Stars VALUES ('gdy-3873', 'III', 'Brigaffa');
INSERT INTO AstroSchema.AstroObjects VALUES ('evg-5670', 'Brigaffa-B-0', 27992800291.4, 1074.3);
INSERT INTO AstroSchema.Planets VALUES ('evg-5670', 'Sub-Earth', 'Desert', (SELECT StarID FROM AstroSchema.Stars WHERE StarID = 'gdy-3873'), (SELECT GalaxyName FROM AstroSchema.Systems, AstroSchema.Stars WHERE StarID = 'gdy-3873' AND SystemName = InSystem));
INSERT INTO AstroSchema.AstroObjects VALUES ('ulf-3729', 'Brigaffa-B-1', 40200626698.9, 909.4);
INSERT INTO AstroSchema.Planets VALUES ('ulf-3729', 'Mini-Neptune', 'Coreless', (SELECT StarID FROM AstroSchema.Stars WHERE StarID = 'gdy-3873'), (SELECT GalaxyName FROM AstroSchema.Systems, AstroSchema.Stars WHERE StarID = 'gdy-3873' AND SystemName = InSystem));
INSERT INTO AstroSchema.AstroObjects VALUES ('njb-1023', 'Brigaffa-B-2', 33526591682.6, 224.3);
INSERT INTO AstroSchema.Planets VALUES ('njb-1023', 'Mini-Neptune', 'Hycean', (SELECT StarID FROM AstroSchema.Stars WHERE StarID = 'gdy-3873'), (SELECT GalaxyName FROM AstroSchema.Systems, AstroSchema.Stars WHERE StarID = 'gdy-3873' AND SystemName = InSystem));
INSERT INTO AstroSchema.Systems VALUES ('Wydra', 'Trinary', (SELECT GalaxyName FROM AstroSchema.Galaxies WHERE GalaxyName = 'Triangulum'), (SELECT ConstellationName FROM AstroSchema.Galaxies WHERE GalaxyName = 'Triangulum'));
INSERT INTO AstroSchema.AstroObjects VALUES ('vdh-9752', 'Wydra-A', 18012383520.9, 94322101.8);
INSERT INTO AstroSchema.Stars VALUES ('vdh-9752', 'D', 'Wydra');
INSERT INTO AstroSchema.AstroObjects VALUES ('cir-2509', 'Wydra-B', 34936009575.4, 22432331.3);
INSERT INTO AstroSchema.Stars VALUES ('cir-2509', 'D', 'Wydra');
INSERT INTO AstroSchema.AstroObjects VALUES ('doa-6373', 'Wydra-B-0', 28756556472.5, 505.5);
INSERT INTO AstroSchema.Planets VALUES ('doa-6373', 'Super-Earth', 'Gas giant', (SELECT StarID FROM AstroSchema.Stars WHERE StarID = 'cir-2509'), (SELECT GalaxyName FROM AstroSchema.Systems, AstroSchema.Stars WHERE StarID = 'cir-2509' AND SystemName = InSystem));
INSERT INTO AstroSchema.AstroObjects VALUES ('lib-9785', 'Wydra-B-1', 33431310218.0, 1173.1);
INSERT INTO AstroSchema.Planets VALUES ('lib-9785', 'Mini-Neptune', 'Terrestrial', (SELECT StarID FROM AstroSchema.Stars WHERE StarID = 'cir-2509'), (SELECT GalaxyName FROM AstroSchema.Systems, AstroSchema.Stars WHERE StarID = 'cir-2509' AND SystemName = InSystem));
INSERT INTO AstroSchema.AstroObjects VALUES ('wqa-3181', 'Wydra-C', 34544745877.0, 83667989.4);
INSERT INTO AstroSchema.Stars VALUES ('wqa-3181', 'Ib', 'Wydra');
INSERT INTO AstroSchema.Systems VALUES ('Cadmael', 'Binary', (SELECT GalaxyName FROM AstroSchema.Galaxies WHERE GalaxyName = 'Maffei 1'), NULL);
INSERT INTO AstroSchema.AstroObjects VALUES ('cqx-9920', 'Cadmael-A', 18712353214.1, 81163703.3);
INSERT INTO AstroSchema.Stars VALUES ('cqx-9920', 'IV', 'Cadmael');
INSERT INTO AstroSchema.AstroObjects VALUES ('oak-1546', 'Cadmael-A-0', 36126780118.5, 1045.7);
INSERT INTO AstroSchema.Planets VALUES ('oak-1546', 'Sub-Earth', 'Helium', (SELECT StarID FROM AstroSchema.Stars WHERE StarID = 'cqx-9920'), (SELECT GalaxyName FROM AstroSchema.Systems, AstroSchema.Stars WHERE StarID = 'cqx-9920' AND SystemName = InSystem));
INSERT INTO AstroSchema.AstroObjects VALUES ('lqt-6866', 'Cadmael-A-1', 5979411739.9, 1258.5);
INSERT INTO AstroSchema.Planets VALUES ('lqt-6866', 'Ice Giant', 'Ice', (SELECT StarID FROM AstroSchema.Stars WHERE StarID = 'cqx-9920'), (SELECT GalaxyName FROM AstroSchema.Systems, AstroSchema.Stars WHERE StarID = 'cqx-9920' AND SystemName = InSystem));
INSERT INTO AstroSchema.AstroObjects VALUES ('eir-6796', 'Cadmael-A-2', 36261755571.6, 1493.7);
INSERT INTO AstroSchema.Planets VALUES ('eir-6796', 'Sub-Earth', 'Coreless', (SELECT StarID FROM AstroSchema.Stars WHERE StarID = 'cqx-9920'), (SELECT GalaxyName FROM AstroSchema.Systems, AstroSchema.Stars WHERE StarID = 'cqx-9920' AND SystemName = InSystem));
INSERT INTO AstroSchema.AstroObjects VALUES ('pka-8178', 'Cadmael-A-3', 1193175772.9, 1046.8);
INSERT INTO AstroSchema.Planets VALUES ('pka-8178', 'Sub-Earth', 'Hycean', (SELECT StarID FROM AstroSchema.Stars WHERE StarID = 'cqx-9920'), (SELECT GalaxyName FROM AstroSchema.Systems, AstroSchema.Stars WHERE StarID = 'cqx-9920' AND SystemName = InSystem));
INSERT INTO AstroSchema.AstroObjects VALUES ('vhy-4374', 'Cadmael-A-4', 32363821715.6, 482.8);
INSERT INTO AstroSchema.Planets VALUES ('vhy-4374', 'Super-Earth', 'Ocean', (SELECT StarID FROM AstroSchema.Stars WHERE StarID = 'cqx-9920'), (SELECT GalaxyName FROM AstroSchema.Systems, AstroSchema.Stars WHERE StarID = 'cqx-9920' AND SystemName = InSystem));
INSERT INTO AstroSchema.AstroObjects VALUES ('vgq-6454', 'Cadmael-A-5', 41317654639.7, 1322.1);
INSERT INTO AstroSchema.Planets VALUES ('vgq-6454', 'Sub-Earth', 'Gas giant', (SELECT StarID FROM AstroSchema.Stars WHERE StarID = 'cqx-9920'), (SELECT GalaxyName FROM AstroSchema.Systems, AstroSchema.Stars WHERE StarID = 'cqx-9920' AND SystemName = InSystem));
INSERT INTO AstroSchema.AstroObjects VALUES ('eqf-4498', 'Cadmael-A-6', 24981090059.6, 1343.2);
INSERT INTO AstroSchema.Planets VALUES ('eqf-4498', 'Ice Giant', 'Protoplanet', (SELECT StarID FROM AstroSchema.Stars WHERE StarID = 'cqx-9920'), (SELECT GalaxyName FROM AstroSchema.Systems, AstroSchema.Stars WHERE StarID = 'cqx-9920' AND SystemName = InSystem));
INSERT INTO AstroSchema.AstroObjects VALUES ('wzs-7941', 'Cadmael-A-7', 45434769587.3, 280.6);
INSERT INTO AstroSchema.Planets VALUES ('wzs-7941', 'Sub-Earth', 'Ocean', (SELECT StarID FROM AstroSchema.Stars WHERE StarID = 'cqx-9920'), (SELECT GalaxyName FROM AstroSchema.Systems, AstroSchema.Stars WHERE StarID = 'cqx-9920' AND SystemName = InSystem));
INSERT INTO AstroSchema.AstroObjects VALUES ('qac-6204', 'Cadmael-A-8', 36131789750.0, 472.3);
INSERT INTO AstroSchema.Planets VALUES ('qac-6204', 'Super-Jupiter', 'Carbon', (SELECT StarID FROM AstroSchema.Stars WHERE StarID = 'cqx-9920'), (SELECT GalaxyName FROM AstroSchema.Systems, AstroSchema.Stars WHERE StarID = 'cqx-9920' AND SystemName = InSystem));
INSERT INTO AstroSchema.AstroObjects VALUES ('fmb-2860', 'Cadmael-B', 25256454898.8, 29283669.8);
INSERT INTO AstroSchema.Stars VALUES ('fmb-2860', 'Ib', 'Cadmael');
INSERT INTO AstroSchema.AstroObjects VALUES ('pbz-1063', 'Cadmael-B-0', 36546235309.3, 951.5);
INSERT INTO AstroSchema.Planets VALUES ('pbz-1063', 'Mini-Neptune', 'Gas giant', (SELECT StarID FROM AstroSchema.Stars WHERE StarID = 'fmb-2860'), (SELECT GalaxyName FROM AstroSchema.Systems, AstroSchema.Stars WHERE StarID = 'fmb-2860' AND SystemName = InSystem));
INSERT INTO AstroSchema.AstroObjects VALUES ('pcm-7885', 'Cadmael-B-1', 39988677645.7, 432.9);
INSERT INTO AstroSchema.Planets VALUES ('pcm-7885', 'Mini-Neptune', 'Gas dwarf', (SELECT StarID FROM AstroSchema.Stars WHERE StarID = 'fmb-2860'), (SELECT GalaxyName FROM AstroSchema.Systems, AstroSchema.Stars WHERE StarID = 'fmb-2860' AND SystemName = InSystem));
INSERT INTO AstroSchema.AstroObjects VALUES ('xhk-1571', 'Cadmael-B-2', 19738726276.8, 341.3);
INSERT INTO AstroSchema.Planets VALUES ('xhk-1571', 'Ice Giant', 'Chtonian', (SELECT StarID FROM AstroSchema.Stars WHERE StarID = 'fmb-2860'), (SELECT GalaxyName FROM AstroSchema.Systems, AstroSchema.Stars WHERE StarID = 'fmb-2860' AND SystemName = InSystem));
INSERT INTO AstroSchema.AstroObjects VALUES ('drz-6162', 'Cadmael-B-3', 10158914698.5, 812.3);
INSERT INTO AstroSchema.Planets VALUES ('drz-6162', 'Sub-Earth', 'Ocean', (SELECT StarID FROM AstroSchema.Stars WHERE StarID = 'fmb-2860'), (SELECT GalaxyName FROM AstroSchema.Systems, AstroSchema.Stars WHERE StarID = 'fmb-2860' AND SystemName = InSystem));
INSERT INTO AstroSchema.AstroObjects VALUES ('fke-8632', 'Cadmael-B-4', 22121523314.9, 1485.1);
INSERT INTO AstroSchema.Planets VALUES ('fke-8632', 'Mini-Neptune', 'Terrestrial', (SELECT StarID FROM AstroSchema.Stars WHERE StarID = 'fmb-2860'), (SELECT GalaxyName FROM AstroSchema.Systems, AstroSchema.Stars WHERE StarID = 'fmb-2860' AND SystemName = InSystem));
INSERT INTO AstroSchema.AstroObjects VALUES ('qvx-8247', 'Cadmael-B-5', 19108190391.4, 1063.0);
INSERT INTO AstroSchema.Planets VALUES ('qvx-8247', 'Ice Giant', 'Puffy', (SELECT StarID FROM AstroSchema.Stars WHERE StarID = 'fmb-2860'), (SELECT GalaxyName FROM AstroSchema.Systems, AstroSchema.Stars WHERE StarID = 'fmb-2860' AND SystemName = InSystem));
INSERT INTO AstroSchema.AstroObjects VALUES ('rnq-5770', 'Cadmael-B-6', 34754945727.6, 271.4);
INSERT INTO AstroSchema.Planets VALUES ('rnq-5770', 'Mini-Neptune', 'Carbon', (SELECT StarID FROM AstroSchema.Stars WHERE StarID = 'fmb-2860'), (SELECT GalaxyName FROM AstroSchema.Systems, AstroSchema.Stars WHERE StarID = 'fmb-2860' AND SystemName = InSystem));
INSERT INTO AstroSchema.AstroObjects VALUES ('ukg-9659', 'Cadmael-B-7', 35792754113.0, 495.5);
INSERT INTO AstroSchema.Planets VALUES ('ukg-9659', 'Ice Giant', 'Desert', (SELECT StarID FROM AstroSchema.Stars WHERE StarID = 'fmb-2860'), (SELECT GalaxyName FROM AstroSchema.Systems, AstroSchema.Stars WHERE StarID = 'fmb-2860' AND SystemName = InSystem));
INSERT INTO AstroSchema.Systems VALUES ('Nolyon', 'Binary', (SELECT GalaxyName FROM AstroSchema.Galaxies WHERE GalaxyName = 'Maffei 1'), (SELECT ConstellationName FROM AstroSchema.Galaxies WHERE GalaxyName = 'Maffei 1'));
INSERT INTO AstroSchema.AstroObjects VALUES ('neo-7346', 'Nolyon-A', 26848750603.1, 6195630.9);
INSERT INTO AstroSchema.Stars VALUES ('neo-7346', 'IV', 'Nolyon');
INSERT INTO AstroSchema.AstroObjects VALUES ('pfh-2498', 'Nolyon-A-0', 4088447083.2, 197.5);
INSERT INTO AstroSchema.Planets VALUES ('pfh-2498', 'Sub-Earth', 'Terrestrial', (SELECT StarID FROM AstroSchema.Stars WHERE StarID = 'neo-7346'), (SELECT GalaxyName FROM AstroSchema.Systems, AstroSchema.Stars WHERE StarID = 'neo-7346' AND SystemName = InSystem));
INSERT INTO AstroSchema.AstroObjects VALUES ('bvw-8321', 'Nolyon-B', 41095265687.9, 98154551.0);
INSERT INTO AstroSchema.Stars VALUES ('bvw-8321', 'Ia', 'Nolyon');
INSERT INTO AstroSchema.AstroObjects VALUES ('igs-7907', 'Nolyon-B-0', 13524748936.3, 1063.1);
INSERT INTO AstroSchema.Planets VALUES ('igs-7907', 'Mini-Neptune', 'Helium', (SELECT StarID FROM AstroSchema.Stars WHERE StarID = 'bvw-8321'), (SELECT GalaxyName FROM AstroSchema.Systems, AstroSchema.Stars WHERE StarID = 'bvw-8321' AND SystemName = InSystem));
INSERT INTO AstroSchema.AstroObjects VALUES ('ete-1295', 'Nolyon-B-1', 775007075.5, 329.8);
INSERT INTO AstroSchema.Planets VALUES ('ete-1295', 'Sub-Earth', 'Gas dwarf', (SELECT StarID FROM AstroSchema.Stars WHERE StarID = 'bvw-8321'), (SELECT GalaxyName FROM AstroSchema.Systems, AstroSchema.Stars WHERE StarID = 'bvw-8321' AND SystemName = InSystem));
INSERT INTO AstroSchema.AstroObjects VALUES ('xsi-2552', 'Nolyon-B-2', 22306778373.3, 1019.8);
INSERT INTO AstroSchema.Planets VALUES ('xsi-2552', 'Super-Jupiter', 'Coreless', (SELECT StarID FROM AstroSchema.Stars WHERE StarID = 'bvw-8321'), (SELECT GalaxyName FROM AstroSchema.Systems, AstroSchema.Stars WHERE StarID = 'bvw-8321' AND SystemName = InSystem));
INSERT INTO AstroSchema.AstroObjects VALUES ('spy-5803', 'Nolyon-B-3', 19300200994.9, 622.3);
INSERT INTO AstroSchema.Planets VALUES ('spy-5803', 'Sub-Earth', 'Terrestrial', (SELECT StarID FROM AstroSchema.Stars WHERE StarID = 'bvw-8321'), (SELECT GalaxyName FROM AstroSchema.Systems, AstroSchema.Stars WHERE StarID = 'bvw-8321' AND SystemName = InSystem));
INSERT INTO AstroSchema.Systems VALUES ('Dwithim', 'Trinary', (SELECT GalaxyName FROM AstroSchema.Galaxies WHERE GalaxyName = 'Maffei 2'), (SELECT ConstellationName FROM AstroSchema.Galaxies WHERE GalaxyName = 'Maffei 2'));
INSERT INTO AstroSchema.AstroObjects VALUES ('eio-5296', 'Dwithim-A', 44108971782.9, 38615220.7);
INSERT INTO AstroSchema.Stars VALUES ('eio-5296', 'Ia-O', 'Dwithim');
INSERT INTO AstroSchema.AstroObjects VALUES ('mrz-3936', 'Dwithim-B', 10535169730.3, 50732960.3);
INSERT INTO AstroSchema.Stars VALUES ('mrz-3936', 'Ib', 'Dwithim');
INSERT INTO AstroSchema.AstroObjects VALUES ('tgb-6488', 'Dwithim-B-0', 22569490898.0, 515.6);
INSERT INTO AstroSchema.Planets VALUES ('tgb-6488', 'Gas Giant', 'Hycean', (SELECT StarID FROM AstroSchema.Stars WHERE StarID = 'mrz-3936'), (SELECT GalaxyName FROM AstroSchema.Systems, AstroSchema.Stars WHERE StarID = 'mrz-3936' AND SystemName = InSystem));
INSERT INTO AstroSchema.AstroObjects VALUES ('syv-1843', 'Dwithim-B-1', 4938994892.8, 708.1);
INSERT INTO AstroSchema.Planets VALUES ('syv-1843', 'Gas Giant', 'Protoplanet', (SELECT StarID FROM AstroSchema.Stars WHERE StarID = 'mrz-3936'), (SELECT GalaxyName FROM AstroSchema.Systems, AstroSchema.Stars WHERE StarID = 'mrz-3936' AND SystemName = InSystem));
INSERT INTO AstroSchema.AstroObjects VALUES ('kin-2091', 'Dwithim-B-2', 25649889757.0, 626.6);
INSERT INTO AstroSchema.Planets VALUES ('kin-2091', 'Super-Earth', 'Hycean', (SELECT StarID FROM AstroSchema.Stars WHERE StarID = 'mrz-3936'), (SELECT GalaxyName FROM AstroSchema.Systems, AstroSchema.Stars WHERE StarID = 'mrz-3936' AND SystemName = InSystem));
INSERT INTO AstroSchema.AstroObjects VALUES ('nsx-8732', 'Dwithim-B-3', 23523419932.7, 1489.4);
INSERT INTO AstroSchema.Planets VALUES ('nsx-8732', 'Gas Giant', 'Chtonian', (SELECT StarID FROM AstroSchema.Stars WHERE StarID = 'mrz-3936'), (SELECT GalaxyName FROM AstroSchema.Systems, AstroSchema.Stars WHERE StarID = 'mrz-3936' AND SystemName = InSystem));
INSERT INTO AstroSchema.AstroObjects VALUES ('atp-8606', 'Dwithim-B-4', 35869533915.2, 166.3);
INSERT INTO AstroSchema.Planets VALUES ('atp-8606', 'Gas Giant', 'Terrestrial', (SELECT StarID FROM AstroSchema.Stars WHERE StarID = 'mrz-3936'), (SELECT GalaxyName FROM AstroSchema.Systems, AstroSchema.Stars WHERE StarID = 'mrz-3936' AND SystemName = InSystem));
INSERT INTO AstroSchema.AstroObjects VALUES ('azi-5029', 'Dwithim-B-5', 34983427084.7, 1162.6);
INSERT INTO AstroSchema.Planets VALUES ('azi-5029', 'Super-Earth', 'Gas dwarf', (SELECT StarID FROM AstroSchema.Stars WHERE StarID = 'mrz-3936'), (SELECT GalaxyName FROM AstroSchema.Systems, AstroSchema.Stars WHERE StarID = 'mrz-3936' AND SystemName = InSystem));
INSERT INTO AstroSchema.AstroObjects VALUES ('jxb-7099', 'Dwithim-C', 13289983814.6, 61514565.7);
INSERT INTO AstroSchema.Stars VALUES ('jxb-7099', 'D', 'Dwithim');
INSERT INTO AstroSchema.AstroObjects VALUES ('goy-1044', 'Dwithim-C-0', 24034665518.4, 555.6);
INSERT INTO AstroSchema.Planets VALUES ('goy-1044', 'Super-Jupiter', 'Silicate', (SELECT StarID FROM AstroSchema.Stars WHERE StarID = 'jxb-7099'), (SELECT GalaxyName FROM AstroSchema.Systems, AstroSchema.Stars WHERE StarID = 'jxb-7099' AND SystemName = InSystem));
INSERT INTO AstroSchema.AstroObjects VALUES ('euy-3585', 'Dwithim-C-1', 3326526819.7, 619.7);
INSERT INTO AstroSchema.Planets VALUES ('euy-3585', 'Mini-Neptune', 'Terrestrial', (SELECT StarID FROM AstroSchema.Stars WHERE StarID = 'jxb-7099'), (SELECT GalaxyName FROM AstroSchema.Systems, AstroSchema.Stars WHERE StarID = 'jxb-7099' AND SystemName = InSystem));
INSERT INTO AstroSchema.Systems VALUES ('Urallion', 'Binary', (SELECT GalaxyName FROM AstroSchema.Galaxies WHERE GalaxyName = 'Sextans A'), (SELECT ConstellationName FROM AstroSchema.Galaxies WHERE GalaxyName = 'Sextans A'));
INSERT INTO AstroSchema.AstroObjects VALUES ('vii-1288', 'Urallion-A', 12909396300.3, 19290234.5);
INSERT INTO AstroSchema.Stars VALUES ('vii-1288', 'II', 'Urallion');
INSERT INTO AstroSchema.AstroObjects VALUES ('qav-4445', 'Urallion-B', 21503526665.2, 90120515.1);
INSERT INTO AstroSchema.Stars VALUES ('qav-4445', 'Ib', 'Urallion');
INSERT INTO AstroSchema.AstroObjects VALUES ('heu-8925', 'Urallion-B-0', 36165608974.5, 463.0);
INSERT INTO AstroSchema.Planets VALUES ('heu-8925', 'Super-Earth', 'Gas dwarf', (SELECT StarID FROM AstroSchema.Stars WHERE StarID = 'qav-4445'), (SELECT GalaxyName FROM AstroSchema.Systems, AstroSchema.Stars WHERE StarID = 'qav-4445' AND SystemName = InSystem));
INSERT INTO AstroSchema.AstroObjects VALUES ('zud-3121', 'Urallion-B-1', 23920344944.1, 243.5);
INSERT INTO AstroSchema.Planets VALUES ('zud-3121', 'Mini-Neptune', 'Chtonian', (SELECT StarID FROM AstroSchema.Stars WHERE StarID = 'qav-4445'), (SELECT GalaxyName FROM AstroSchema.Systems, AstroSchema.Stars WHERE StarID = 'qav-4445' AND SystemName = InSystem));
INSERT INTO AstroSchema.AstroObjects VALUES ('jvi-9307', 'Urallion-B-2', 19407416887.2, 512.4);
INSERT INTO AstroSchema.Planets VALUES ('jvi-9307', 'Sub-Earth', 'Silicate', (SELECT StarID FROM AstroSchema.Stars WHERE StarID = 'qav-4445'), (SELECT GalaxyName FROM AstroSchema.Systems, AstroSchema.Stars WHERE StarID = 'qav-4445' AND SystemName = InSystem));
INSERT INTO AstroSchema.AstroObjects VALUES ('pmv-1528', 'Urallion-B-3', 35871003606.1, 1102.4);
INSERT INTO AstroSchema.Planets VALUES ('pmv-1528', 'Mini-Neptune', 'Gas giant', (SELECT StarID FROM AstroSchema.Stars WHERE StarID = 'qav-4445'), (SELECT GalaxyName FROM AstroSchema.Systems, AstroSchema.Stars WHERE StarID = 'qav-4445' AND SystemName = InSystem));
INSERT INTO AstroSchema.AstroObjects VALUES ('ijf-5201', 'Urallion-B-4', 26206997987.7, 1006.8);
INSERT INTO AstroSchema.Planets VALUES ('ijf-5201', 'Mini-Neptune', 'Desert', (SELECT StarID FROM AstroSchema.Stars WHERE StarID = 'qav-4445'), (SELECT GalaxyName FROM AstroSchema.Systems, AstroSchema.Stars WHERE StarID = 'qav-4445' AND SystemName = InSystem));
INSERT INTO AstroSchema.AstroObjects VALUES ('dms-1834', 'Urallion-B-5', 11116267889.8, 198.7);
INSERT INTO AstroSchema.Planets VALUES ('dms-1834', 'Ice Giant', 'Desert', (SELECT StarID FROM AstroSchema.Stars WHERE StarID = 'qav-4445'), (SELECT GalaxyName FROM AstroSchema.Systems, AstroSchema.Stars WHERE StarID = 'qav-4445' AND SystemName = InSystem));
INSERT INTO AstroSchema.AstroObjects VALUES ('syu-3552', 'Urallion-B-6', 25451350324.1, 462.3);
INSERT INTO AstroSchema.Planets VALUES ('syu-3552', 'Super-Earth', 'Terrestrial', (SELECT StarID FROM AstroSchema.Stars WHERE StarID = 'qav-4445'), (SELECT GalaxyName FROM AstroSchema.Systems, AstroSchema.Stars WHERE StarID = 'qav-4445' AND SystemName = InSystem));
INSERT INTO AstroSchema.AstroObjects VALUES ('acr-9310', 'Urallion-B-7', 35851916096.6, 2.0);
INSERT INTO AstroSchema.Planets VALUES ('acr-9310', 'Sub-Earth', 'Helium', (SELECT StarID FROM AstroSchema.Stars WHERE StarID = 'qav-4445'), (SELECT GalaxyName FROM AstroSchema.Systems, AstroSchema.Stars WHERE StarID = 'qav-4445' AND SystemName = InSystem));
INSERT INTO AstroSchema.Systems VALUES ('Krant', 'Binary', NULL, (SELECT ConstellationName FROM AstroSchema.Constellations WHERE ConstellationName = 'Triangulum'));
INSERT INTO AstroSchema.AstroObjects VALUES ('lyx-2715', 'Krant-A', 21539132479.4, 93208735.6);
INSERT INTO AstroSchema.Stars VALUES ('lyx-2715', 'IV', 'Krant');
INSERT INTO AstroSchema.AstroObjects VALUES ('jei-9347', 'Krant-A-0', 27795165714.2, 1031.2);
INSERT INTO AstroSchema.Planets VALUES ('jei-9347', 'Mini-Neptune', 'Hycean', (SELECT StarID FROM AstroSchema.Stars WHERE StarID = 'lyx-2715'), (SELECT GalaxyName FROM AstroSchema.Systems, AstroSchema.Stars WHERE StarID = 'lyx-2715' AND SystemName = InSystem));
INSERT INTO AstroSchema.AstroObjects VALUES ('roo-6399', 'Krant-A-1', 25930518121.7, 281.5);
INSERT INTO AstroSchema.Planets VALUES ('roo-6399', 'Super-Jupiter', 'Puffy', (SELECT StarID FROM AstroSchema.Stars WHERE StarID = 'lyx-2715'), (SELECT GalaxyName FROM AstroSchema.Systems, AstroSchema.Stars WHERE StarID = 'lyx-2715' AND SystemName = InSystem));
INSERT INTO AstroSchema.AstroObjects VALUES ('lhc-7079', 'Krant-B', 30217957799.9, 56979919.8);
INSERT INTO AstroSchema.Stars VALUES ('lhc-7079', 'II', 'Krant');
INSERT INTO AstroSchema.Systems VALUES ('Urill', 'Binary', (SELECT GalaxyName FROM AstroSchema.Galaxies WHERE GalaxyName = 'Draco Dwarf'), NULL);
INSERT INTO AstroSchema.AstroObjects VALUES ('ovu-4553', 'Urill-A', 32800182305.7, 74865111.4);
INSERT INTO AstroSchema.Stars VALUES ('ovu-4553', 'Ib', 'Urill');
INSERT INTO AstroSchema.AstroObjects VALUES ('tus-9779', 'Urill-A-0', 22917188718.1, 743.7);
INSERT INTO AstroSchema.Planets VALUES ('tus-9779', 'Gas Giant', 'Silicate', (SELECT StarID FROM AstroSchema.Stars WHERE StarID = 'ovu-4553'), (SELECT GalaxyName FROM AstroSchema.Systems, AstroSchema.Stars WHERE StarID = 'ovu-4553' AND SystemName = InSystem));
INSERT INTO AstroSchema.AstroObjects VALUES ('kyc-4738', 'Urill-A-1', 10673509395.9, 805.9);
INSERT INTO AstroSchema.Planets VALUES ('kyc-4738', 'Sub-Earth', 'Coreless', (SELECT StarID FROM AstroSchema.Stars WHERE StarID = 'ovu-4553'), (SELECT GalaxyName FROM AstroSchema.Systems, AstroSchema.Stars WHERE StarID = 'ovu-4553' AND SystemName = InSystem));
INSERT INTO AstroSchema.AstroObjects VALUES ('wgn-7290', 'Urill-B', 39667667533.6, 56982062.6);
INSERT INTO AstroSchema.Stars VALUES ('wgn-7290', 'IV', 'Urill');
INSERT INTO AstroSchema.AstroObjects VALUES ('zdk-2001', 'Urill-B-0', 10913241542.4, 1254.7);
INSERT INTO AstroSchema.Planets VALUES ('zdk-2001', 'Gas Giant', 'Carbon', (SELECT StarID FROM AstroSchema.Stars WHERE StarID = 'wgn-7290'), (SELECT GalaxyName FROM AstroSchema.Systems, AstroSchema.Stars WHERE StarID = 'wgn-7290' AND SystemName = InSystem));
INSERT INTO AstroSchema.AstroObjects VALUES ('ydw-8594', 'Urill-B-1', 31569691649.3, 1373.3);
INSERT INTO AstroSchema.Planets VALUES ('ydw-8594', 'Super-Earth', 'Silicate', (SELECT StarID FROM AstroSchema.Stars WHERE StarID = 'wgn-7290'), (SELECT GalaxyName FROM AstroSchema.Systems, AstroSchema.Stars WHERE StarID = 'wgn-7290' AND SystemName = InSystem));
INSERT INTO AstroSchema.AstroObjects VALUES ('nxd-2120', 'Urill-B-2', 34599488996.3, 807.5);
INSERT INTO AstroSchema.Planets VALUES ('nxd-2120', 'Gas Giant', 'Gas giant', (SELECT StarID FROM AstroSchema.Stars WHERE StarID = 'wgn-7290'), (SELECT GalaxyName FROM AstroSchema.Systems, AstroSchema.Stars WHERE StarID = 'wgn-7290' AND SystemName = InSystem));
INSERT INTO AstroSchema.AstroObjects VALUES ('iri-3347', 'Urill-B-3', 4820149936.7, 1387.4);
INSERT INTO AstroSchema.Planets VALUES ('iri-3347', 'Super-Jupiter', 'Puffy', (SELECT StarID FROM AstroSchema.Stars WHERE StarID = 'wgn-7290'), (SELECT GalaxyName FROM AstroSchema.Systems, AstroSchema.Stars WHERE StarID = 'wgn-7290' AND SystemName = InSystem));
INSERT INTO AstroSchema.AstroObjects VALUES ('dqy-5880', 'Urill-B-4', 42089314950.0, 929.6);
INSERT INTO AstroSchema.Planets VALUES ('dqy-5880', 'Gas Giant', 'Hycean', (SELECT StarID FROM AstroSchema.Stars WHERE StarID = 'wgn-7290'), (SELECT GalaxyName FROM AstroSchema.Systems, AstroSchema.Stars WHERE StarID = 'wgn-7290' AND SystemName = InSystem));
INSERT INTO AstroSchema.Systems VALUES ('Nimolan', 'Binary', (SELECT GalaxyName FROM AstroSchema.Galaxies WHERE GalaxyName = 'Leo I'), (SELECT ConstellationName FROM AstroSchema.Galaxies WHERE GalaxyName = 'Leo I'));
INSERT INTO AstroSchema.AstroObjects VALUES ('ikl-3749', 'Nimolan-A', 35699547432.7, 79078025.4);
INSERT INTO AstroSchema.Stars VALUES ('ikl-3749', 'Ib', 'Nimolan');
INSERT INTO AstroSchema.AstroObjects VALUES ('rai-5513', 'Nimolan-A-0', 6127858882.3, 575.7);
INSERT INTO AstroSchema.Planets VALUES ('rai-5513', 'Super-Earth', 'Puffy', (SELECT StarID FROM AstroSchema.Stars WHERE StarID = 'ikl-3749'), (SELECT GalaxyName FROM AstroSchema.Systems, AstroSchema.Stars WHERE StarID = 'ikl-3749' AND SystemName = InSystem));
INSERT INTO AstroSchema.AstroObjects VALUES ('cwg-7572', 'Nimolan-B', 11952704308.5, 92733168.1);
INSERT INTO AstroSchema.Stars VALUES ('cwg-7572', 'D', 'Nimolan');
INSERT INTO AstroSchema.AstroObjects VALUES ('lub-2884', 'Nimolan-B-0', 34272637208.7, 164.5);
INSERT INTO AstroSchema.Planets VALUES ('lub-2884', 'Ice Giant', 'Desert', (SELECT StarID FROM AstroSchema.Stars WHERE StarID = 'cwg-7572'), (SELECT GalaxyName FROM AstroSchema.Systems, AstroSchema.Stars WHERE StarID = 'cwg-7572' AND SystemName = InSystem));
INSERT INTO AstroSchema.AstroObjects VALUES ('ugc-2722', 'Nimolan-B-1', 35010673766.3, 1322.6);
INSERT INTO AstroSchema.Planets VALUES ('ugc-2722', 'Sub-Earth', 'Ice', (SELECT StarID FROM AstroSchema.Stars WHERE StarID = 'cwg-7572'), (SELECT GalaxyName FROM AstroSchema.Systems, AstroSchema.Stars WHERE StarID = 'cwg-7572' AND SystemName = InSystem));
INSERT INTO AstroSchema.AstroObjects VALUES ('ymi-9308', 'Nimolan-B-2', 11698923676.2, 557.1);
INSERT INTO AstroSchema.Planets VALUES ('ymi-9308', 'Ice Giant', 'Gas giant', (SELECT StarID FROM AstroSchema.Stars WHERE StarID = 'cwg-7572'), (SELECT GalaxyName FROM AstroSchema.Systems, AstroSchema.Stars WHERE StarID = 'cwg-7572' AND SystemName = InSystem));
INSERT INTO AstroSchema.AstroObjects VALUES ('cpp-6546', 'Nimolan-B-3', 21882390700.4, 857.5);
INSERT INTO AstroSchema.Planets VALUES ('cpp-6546', 'Super-Earth', 'Gas dwarf', (SELECT StarID FROM AstroSchema.Stars WHERE StarID = 'cwg-7572'), (SELECT GalaxyName FROM AstroSchema.Systems, AstroSchema.Stars WHERE StarID = 'cwg-7572' AND SystemName = InSystem));
INSERT INTO AstroSchema.AstroObjects VALUES ('zky-5455', 'Nimolan-B-4', 15133076681.9, 1071.5);
INSERT INTO AstroSchema.Planets VALUES ('zky-5455', 'Mini-Neptune', 'Desert', (SELECT StarID FROM AstroSchema.Stars WHERE StarID = 'cwg-7572'), (SELECT GalaxyName FROM AstroSchema.Systems, AstroSchema.Stars WHERE StarID = 'cwg-7572' AND SystemName = InSystem));
INSERT INTO AstroSchema.AstroObjects VALUES ('brl-1942', 'Nimolan-B-5', 6680148718.4, 852.0);
INSERT INTO AstroSchema.Planets VALUES ('brl-1942', 'Ice Giant', 'Desert', (SELECT StarID FROM AstroSchema.Stars WHERE StarID = 'cwg-7572'), (SELECT GalaxyName FROM AstroSchema.Systems, AstroSchema.Stars WHERE StarID = 'cwg-7572' AND SystemName = InSystem));
INSERT INTO AstroSchema.AstroObjects VALUES ('wia-2713', 'Nimolan-B-6', 33769638525.8, 613.0);
INSERT INTO AstroSchema.Planets VALUES ('wia-2713', 'Mini-Neptune', 'Puffy', (SELECT StarID FROM AstroSchema.Stars WHERE StarID = 'cwg-7572'), (SELECT GalaxyName FROM AstroSchema.Systems, AstroSchema.Stars WHERE StarID = 'cwg-7572' AND SystemName = InSystem));
INSERT INTO AstroSchema.Systems VALUES ('Salluria', 'Quaternary', (SELECT GalaxyName FROM AstroSchema.Galaxies WHERE GalaxyName = 'Barnards Galaxy'), (SELECT ConstellationName FROM AstroSchema.Galaxies WHERE GalaxyName = 'Barnards Galaxy'));
INSERT INTO AstroSchema.AstroObjects VALUES ('ioi-4216', 'Salluria-A', 37593093685.2, 19279709.5);
INSERT INTO AstroSchema.Stars VALUES ('ioi-4216', 'V', 'Salluria');
INSERT INTO AstroSchema.AstroObjects VALUES ('bdb-4696', 'Salluria-B', 36266197418.0, 14229078.4);
INSERT INTO AstroSchema.Stars VALUES ('bdb-4696', 'Ia-O', 'Salluria');
INSERT INTO AstroSchema.AstroObjects VALUES ('fhm-6609', 'Salluria-B-0', 21781746815.5, 883.4);
INSERT INTO AstroSchema.Planets VALUES ('fhm-6609', 'Ice Giant', 'Ice', (SELECT StarID FROM AstroSchema.Stars WHERE StarID = 'bdb-4696'), (SELECT GalaxyName FROM AstroSchema.Systems, AstroSchema.Stars WHERE StarID = 'bdb-4696' AND SystemName = InSystem));
INSERT INTO AstroSchema.AstroObjects VALUES ('ncp-2238', 'Salluria-B-1', 8810594302.3, 950.3);
INSERT INTO AstroSchema.Planets VALUES ('ncp-2238', 'Ice Giant', 'Silicate', (SELECT StarID FROM AstroSchema.Stars WHERE StarID = 'bdb-4696'), (SELECT GalaxyName FROM AstroSchema.Systems, AstroSchema.Stars WHERE StarID = 'bdb-4696' AND SystemName = InSystem));
INSERT INTO AstroSchema.AstroObjects VALUES ('hio-8967', 'Salluria-B-2', 127321164.0, 1366.5);
INSERT INTO AstroSchema.Planets VALUES ('hio-8967', 'Super-Jupiter', 'Hycean', (SELECT StarID FROM AstroSchema.Stars WHERE StarID = 'bdb-4696'), (SELECT GalaxyName FROM AstroSchema.Systems, AstroSchema.Stars WHERE StarID = 'bdb-4696' AND SystemName = InSystem));
INSERT INTO AstroSchema.AstroObjects VALUES ('qfz-4173', 'Salluria-B-3', 24997041022.2, 885.1);
INSERT INTO AstroSchema.Planets VALUES ('qfz-4173', 'Sub-Earth', 'Protoplanet', (SELECT StarID FROM AstroSchema.Stars WHERE StarID = 'bdb-4696'), (SELECT GalaxyName FROM AstroSchema.Systems, AstroSchema.Stars WHERE StarID = 'bdb-4696' AND SystemName = InSystem));
INSERT INTO AstroSchema.AstroObjects VALUES ('fzs-9790', 'Salluria-B-4', 11148468802.0, 277.6);
INSERT INTO AstroSchema.Planets VALUES ('fzs-9790', 'Ice Giant', 'Helium', (SELECT StarID FROM AstroSchema.Stars WHERE StarID = 'bdb-4696'), (SELECT GalaxyName FROM AstroSchema.Systems, AstroSchema.Stars WHERE StarID = 'bdb-4696' AND SystemName = InSystem));
INSERT INTO AstroSchema.AstroObjects VALUES ('tzb-1267', 'Salluria-B-5', 43695920059.1, 552.5);
INSERT INTO AstroSchema.Planets VALUES ('tzb-1267', 'Ice Giant', 'Ice', (SELECT StarID FROM AstroSchema.Stars WHERE StarID = 'bdb-4696'), (SELECT GalaxyName FROM AstroSchema.Systems, AstroSchema.Stars WHERE StarID = 'bdb-4696' AND SystemName = InSystem));
INSERT INTO AstroSchema.AstroObjects VALUES ('ugj-5849', 'Salluria-B-6', 32782798755.8, 1274.0);
INSERT INTO AstroSchema.Planets VALUES ('ugj-5849', 'Mini-Neptune', 'Gas giant', (SELECT StarID FROM AstroSchema.Stars WHERE StarID = 'bdb-4696'), (SELECT GalaxyName FROM AstroSchema.Systems, AstroSchema.Stars WHERE StarID = 'bdb-4696' AND SystemName = InSystem));
INSERT INTO AstroSchema.AstroObjects VALUES ('noq-3111', 'Salluria-B-7', 19796764743.1, 651.0);
INSERT INTO AstroSchema.Planets VALUES ('noq-3111', 'Super-Jupiter', 'Carbon', (SELECT StarID FROM AstroSchema.Stars WHERE StarID = 'bdb-4696'), (SELECT GalaxyName FROM AstroSchema.Systems, AstroSchema.Stars WHERE StarID = 'bdb-4696' AND SystemName = InSystem));
INSERT INTO AstroSchema.AstroObjects VALUES ('yjl-3106', 'Salluria-B-8', 21082183470.3, 1297.8);
INSERT INTO AstroSchema.Planets VALUES ('yjl-3106', 'Gas Giant', 'Coreless', (SELECT StarID FROM AstroSchema.Stars WHERE StarID = 'bdb-4696'), (SELECT GalaxyName FROM AstroSchema.Systems, AstroSchema.Stars WHERE StarID = 'bdb-4696' AND SystemName = InSystem));
INSERT INTO AstroSchema.AstroObjects VALUES ('xno-8703', 'Salluria-C', 32628485585.6, 74618646.1);
INSERT INTO AstroSchema.Stars VALUES ('xno-8703', 'III', 'Salluria');
INSERT INTO AstroSchema.AstroObjects VALUES ('ije-2420', 'Salluria-C-0', 3381081471.2, 857.8);
INSERT INTO AstroSchema.Planets VALUES ('ije-2420', 'Sub-Earth', 'Helium', (SELECT StarID FROM AstroSchema.Stars WHERE StarID = 'xno-8703'), (SELECT GalaxyName FROM AstroSchema.Systems, AstroSchema.Stars WHERE StarID = 'xno-8703' AND SystemName = InSystem));
INSERT INTO AstroSchema.AstroObjects VALUES ('lxu-9556', 'Salluria-C-1', 2607396476.9, 487.8);
INSERT INTO AstroSchema.Planets VALUES ('lxu-9556', 'Gas Giant', 'Silicate', (SELECT StarID FROM AstroSchema.Stars WHERE StarID = 'xno-8703'), (SELECT GalaxyName FROM AstroSchema.Systems, AstroSchema.Stars WHERE StarID = 'xno-8703' AND SystemName = InSystem));
INSERT INTO AstroSchema.AstroObjects VALUES ('hzo-8681', 'Salluria-C-2', 36587957979.7, 789.1);
INSERT INTO AstroSchema.Planets VALUES ('hzo-8681', 'Gas Giant', 'Chtonian', (SELECT StarID FROM AstroSchema.Stars WHERE StarID = 'xno-8703'), (SELECT GalaxyName FROM AstroSchema.Systems, AstroSchema.Stars WHERE StarID = 'xno-8703' AND SystemName = InSystem));
INSERT INTO AstroSchema.AstroObjects VALUES ('kls-7573', 'Salluria-D', 44632146008.8, 88212597.4);
INSERT INTO AstroSchema.Stars VALUES ('kls-7573', 'II', 'Salluria');
INSERT INTO AstroSchema.AstroObjects VALUES ('fsl-2725', 'Salluria-D-0', 30793649526.5, 1023.6);
INSERT INTO AstroSchema.Planets VALUES ('fsl-2725', 'Super-Jupiter', 'Puffy', (SELECT StarID FROM AstroSchema.Stars WHERE StarID = 'kls-7573'), (SELECT GalaxyName FROM AstroSchema.Systems, AstroSchema.Stars WHERE StarID = 'kls-7573' AND SystemName = InSystem));
INSERT INTO AstroSchema.AstroObjects VALUES ('uhh-3056', 'Salluria-D-1', 37707133891.8, 675.6);
INSERT INTO AstroSchema.Planets VALUES ('uhh-3056', 'Ice Giant', 'Helium', (SELECT StarID FROM AstroSchema.Stars WHERE StarID = 'kls-7573'), (SELECT GalaxyName FROM AstroSchema.Systems, AstroSchema.Stars WHERE StarID = 'kls-7573' AND SystemName = InSystem));
INSERT INTO AstroSchema.Systems VALUES ('Taramba', 'Mono', (SELECT GalaxyName FROM AstroSchema.Galaxies WHERE GalaxyName = 'Leo II'), (SELECT ConstellationName FROM AstroSchema.Galaxies WHERE GalaxyName = 'Leo II'));
INSERT INTO AstroSchema.AstroObjects VALUES ('elm-1852', 'Taramba', 35603845621.2, 78141447.4);
INSERT INTO AstroSchema.Stars VALUES ('elm-1852', 'IV', 'Taramba');
INSERT INTO AstroSchema.AstroObjects VALUES ('qgs-5700', 'Taramba-0', 36553513892.4, 463.7);
INSERT INTO AstroSchema.Planets VALUES ('qgs-5700', 'Super-Jupiter', 'Chtonian', (SELECT StarID FROM AstroSchema.Stars WHERE StarID = 'elm-1852'), (SELECT GalaxyName FROM AstroSchema.Systems, AstroSchema.Stars WHERE StarID = 'elm-1852' AND SystemName = InSystem));
INSERT INTO AstroSchema.AstroObjects VALUES ('irr-6351', 'Taramba-1', 34809404745.2, 250.5);
INSERT INTO AstroSchema.Planets VALUES ('irr-6351', 'Ice Giant', 'Coreless', (SELECT StarID FROM AstroSchema.Stars WHERE StarID = 'elm-1852'), (SELECT GalaxyName FROM AstroSchema.Systems, AstroSchema.Stars WHERE StarID = 'elm-1852' AND SystemName = InSystem));
INSERT INTO AstroSchema.AstroObjects VALUES ('nsx-9123', 'Taramba-2', 15130903020.7, 1215.6);
INSERT INTO AstroSchema.Planets VALUES ('nsx-9123', 'Super-Earth', 'Gas dwarf', (SELECT StarID FROM AstroSchema.Stars WHERE StarID = 'elm-1852'), (SELECT GalaxyName FROM AstroSchema.Systems, AstroSchema.Stars WHERE StarID = 'elm-1852' AND SystemName = InSystem));
INSERT INTO AstroSchema.Systems VALUES ('Plov', 'Trinary', (SELECT GalaxyName FROM AstroSchema.Galaxies WHERE GalaxyName = 'Draco Dwarf'), (SELECT ConstellationName FROM AstroSchema.Galaxies WHERE GalaxyName = 'Draco Dwarf'));
INSERT INTO AstroSchema.AstroObjects VALUES ('wfq-7545', 'Plov-A', 10447757122.6, 32452330.0);
INSERT INTO AstroSchema.Stars VALUES ('wfq-7545', 'Ia-O', 'Plov');
INSERT INTO AstroSchema.AstroObjects VALUES ('daf-8410', 'Plov-A-0', 3705990122.6, 877.2);
INSERT INTO AstroSchema.Planets VALUES ('daf-8410', 'Sub-Earth', 'Hycean', (SELECT StarID FROM AstroSchema.Stars WHERE StarID = 'wfq-7545'), (SELECT GalaxyName FROM AstroSchema.Systems, AstroSchema.Stars WHERE StarID = 'wfq-7545' AND SystemName = InSystem));
INSERT INTO AstroSchema.AstroObjects VALUES ('dpv-6306', 'Plov-B', 39145893908.2, 19355265.4);
INSERT INTO AstroSchema.Stars VALUES ('dpv-6306', 'III', 'Plov');
INSERT INTO AstroSchema.AstroObjects VALUES ('bxf-6245', 'Plov-B-0', 32915884950.2, 1057.4);
INSERT INTO AstroSchema.Planets VALUES ('bxf-6245', 'Sub-Earth', 'Puffy', (SELECT StarID FROM AstroSchema.Stars WHERE StarID = 'dpv-6306'), (SELECT GalaxyName FROM AstroSchema.Systems, AstroSchema.Stars WHERE StarID = 'dpv-6306' AND SystemName = InSystem));
INSERT INTO AstroSchema.AstroObjects VALUES ('huv-7568', 'Plov-B-1', 23355749847.1, 1319.4);
INSERT INTO AstroSchema.Planets VALUES ('huv-7568', 'Mini-Neptune', 'Puffy', (SELECT StarID FROM AstroSchema.Stars WHERE StarID = 'dpv-6306'), (SELECT GalaxyName FROM AstroSchema.Systems, AstroSchema.Stars WHERE StarID = 'dpv-6306' AND SystemName = InSystem));
INSERT INTO AstroSchema.AstroObjects VALUES ('hzu-1191', 'Plov-B-2', 26373727528.4, 295.6);
INSERT INTO AstroSchema.Planets VALUES ('hzu-1191', 'Mini-Neptune', 'Carbon', (SELECT StarID FROM AstroSchema.Stars WHERE StarID = 'dpv-6306'), (SELECT GalaxyName FROM AstroSchema.Systems, AstroSchema.Stars WHERE StarID = 'dpv-6306' AND SystemName = InSystem));
INSERT INTO AstroSchema.AstroObjects VALUES ('fyx-8388', 'Plov-B-3', 40750565776.4, 844.8);
INSERT INTO AstroSchema.Planets VALUES ('fyx-8388', 'Ice Giant', 'Protoplanet', (SELECT StarID FROM AstroSchema.Stars WHERE StarID = 'dpv-6306'), (SELECT GalaxyName FROM AstroSchema.Systems, AstroSchema.Stars WHERE StarID = 'dpv-6306' AND SystemName = InSystem));
INSERT INTO AstroSchema.AstroObjects VALUES ('ykw-2413', 'Plov-B-4', 14781089261.5, 842.5);
INSERT INTO AstroSchema.Planets VALUES ('ykw-2413', 'Super-Earth', 'Chtonian', (SELECT StarID FROM AstroSchema.Stars WHERE StarID = 'dpv-6306'), (SELECT GalaxyName FROM AstroSchema.Systems, AstroSchema.Stars WHERE StarID = 'dpv-6306' AND SystemName = InSystem));
INSERT INTO AstroSchema.AstroObjects VALUES ('apw-6295', 'Plov-C', 43901208377.4, 69134331.6);
INSERT INTO AstroSchema.Stars VALUES ('apw-6295', 'V', 'Plov');
INSERT INTO AstroSchema.Systems VALUES ('Pherkad', 'Trinary', (SELECT GalaxyName FROM AstroSchema.Galaxies WHERE GalaxyName = 'Maffei 1'), NULL);
INSERT INTO AstroSchema.AstroObjects VALUES ('zud-5206', 'Pherkad-A', 41655711712.6, 53372050.1);
INSERT INTO AstroSchema.Stars VALUES ('zud-5206', 'Ib', 'Pherkad');
INSERT INTO AstroSchema.AstroObjects VALUES ('zbt-7113', 'Pherkad-A-0', 38668499556.9, 1301.7);
INSERT INTO AstroSchema.Planets VALUES ('zbt-7113', 'Sub-Earth', 'Terrestrial', (SELECT StarID FROM AstroSchema.Stars WHERE StarID = 'zud-5206'), (SELECT GalaxyName FROM AstroSchema.Systems, AstroSchema.Stars WHERE StarID = 'zud-5206' AND SystemName = InSystem));
INSERT INTO AstroSchema.AstroObjects VALUES ('vxp-4876', 'Pherkad-A-1', 14855728887.9, 631.9);
INSERT INTO AstroSchema.Planets VALUES ('vxp-4876', 'Super-Jupiter', 'Hycean', (SELECT StarID FROM AstroSchema.Stars WHERE StarID = 'zud-5206'), (SELECT GalaxyName FROM AstroSchema.Systems, AstroSchema.Stars WHERE StarID = 'zud-5206' AND SystemName = InSystem));
INSERT INTO AstroSchema.AstroObjects VALUES ('aeo-8385', 'Pherkad-A-2', 19960300303.1, 1397.9);
INSERT INTO AstroSchema.Planets VALUES ('aeo-8385', 'Ice Giant', 'Hycean', (SELECT StarID FROM AstroSchema.Stars WHERE StarID = 'zud-5206'), (SELECT GalaxyName FROM AstroSchema.Systems, AstroSchema.Stars WHERE StarID = 'zud-5206' AND SystemName = InSystem));
INSERT INTO AstroSchema.AstroObjects VALUES ('amd-7900', 'Pherkad-A-3', 42321332213.4, 1088.3);
INSERT INTO AstroSchema.Planets VALUES ('amd-7900', 'Mini-Neptune', 'Carbon', (SELECT StarID FROM AstroSchema.Stars WHERE StarID = 'zud-5206'), (SELECT GalaxyName FROM AstroSchema.Systems, AstroSchema.Stars WHERE StarID = 'zud-5206' AND SystemName = InSystem));
INSERT INTO AstroSchema.AstroObjects VALUES ('azj-8422', 'Pherkad-A-4', 34733790609.3, 1241.2);
INSERT INTO AstroSchema.Planets VALUES ('azj-8422', 'Mini-Neptune', 'Ice', (SELECT StarID FROM AstroSchema.Stars WHERE StarID = 'zud-5206'), (SELECT GalaxyName FROM AstroSchema.Systems, AstroSchema.Stars WHERE StarID = 'zud-5206' AND SystemName = InSystem));
INSERT INTO AstroSchema.AstroObjects VALUES ('hfi-9615', 'Pherkad-B', 3342139924.0, 33951998.6);
INSERT INTO AstroSchema.Stars VALUES ('hfi-9615', 'Ia', 'Pherkad');
INSERT INTO AstroSchema.AstroObjects VALUES ('czx-5660', 'Pherkad-C', 36795934253.8, 12143318.9);
INSERT INTO AstroSchema.Stars VALUES ('czx-5660', 'VI', 'Pherkad');
INSERT INTO AstroSchema.Systems VALUES ('Ziris', 'Binary', (SELECT GalaxyName FROM AstroSchema.Galaxies WHERE GalaxyName = 'Leo I'), (SELECT ConstellationName FROM AstroSchema.Galaxies WHERE GalaxyName = 'Leo I'));
INSERT INTO AstroSchema.AstroObjects VALUES ('vzk-4042', 'Ziris-A', 4546323597.6, 34275177.0);
INSERT INTO AstroSchema.Stars VALUES ('vzk-4042', 'II', 'Ziris');
INSERT INTO AstroSchema.AstroObjects VALUES ('vmu-7454', 'Ziris-A-0', 41939628461.9, 1474.0);
INSERT INTO AstroSchema.Planets VALUES ('vmu-7454', 'Ice Giant', 'Terrestrial', (SELECT StarID FROM AstroSchema.Stars WHERE StarID = 'vzk-4042'), (SELECT GalaxyName FROM AstroSchema.Systems, AstroSchema.Stars WHERE StarID = 'vzk-4042' AND SystemName = InSystem));
INSERT INTO AstroSchema.AstroObjects VALUES ('bgs-9634', 'Ziris-B', 16129238924.2, 13010304.9);
INSERT INTO AstroSchema.Stars VALUES ('bgs-9634', 'III', 'Ziris');
INSERT INTO AstroSchema.AstroObjects VALUES ('aap-9613', 'Ziris-B-0', 33475637593.7, 323.2);
INSERT INTO AstroSchema.Planets VALUES ('aap-9613', 'Mini-Neptune', 'Puffy', (SELECT StarID FROM AstroSchema.Stars WHERE StarID = 'bgs-9634'), (SELECT GalaxyName FROM AstroSchema.Systems, AstroSchema.Stars WHERE StarID = 'bgs-9634' AND SystemName = InSystem));
INSERT INTO AstroSchema.AstroObjects VALUES ('ftr-6638', 'Ziris-B-1', 14259961908.2, 259.9);
INSERT INTO AstroSchema.Planets VALUES ('ftr-6638', 'Gas Giant', 'Helium', (SELECT StarID FROM AstroSchema.Stars WHERE StarID = 'bgs-9634'), (SELECT GalaxyName FROM AstroSchema.Systems, AstroSchema.Stars WHERE StarID = 'bgs-9634' AND SystemName = InSystem));
INSERT INTO AstroSchema.Systems VALUES ('Ushminaria', 'Binary', (SELECT GalaxyName FROM AstroSchema.Galaxies WHERE GalaxyName = 'Maffei 2'), NULL);
INSERT INTO AstroSchema.AstroObjects VALUES ('voo-3398', 'Ushminaria-A', 15201431786.3, 59213160.5);
INSERT INTO AstroSchema.Stars VALUES ('voo-3398', 'V', 'Ushminaria');
INSERT INTO AstroSchema.AstroObjects VALUES ('rsc-9163', 'Ushminaria-A-0', 8995602808.9, 1239.1);
INSERT INTO AstroSchema.Planets VALUES ('rsc-9163', 'Super-Jupiter', 'Chtonian', (SELECT StarID FROM AstroSchema.Stars WHERE StarID = 'voo-3398'), (SELECT GalaxyName FROM AstroSchema.Systems, AstroSchema.Stars WHERE StarID = 'voo-3398' AND SystemName = InSystem));
INSERT INTO AstroSchema.AstroObjects VALUES ('hkg-5416', 'Ushminaria-A-1', 9458117936.8, 814.1);
INSERT INTO AstroSchema.Planets VALUES ('hkg-5416', 'Ice Giant', 'Puffy', (SELECT StarID FROM AstroSchema.Stars WHERE StarID = 'voo-3398'), (SELECT GalaxyName FROM AstroSchema.Systems, AstroSchema.Stars WHERE StarID = 'voo-3398' AND SystemName = InSystem));
INSERT INTO AstroSchema.AstroObjects VALUES ('ald-4431', 'Ushminaria-A-2', 40204723331.4, 1107.6);
INSERT INTO AstroSchema.Planets VALUES ('ald-4431', 'Mini-Neptune', 'Puffy', (SELECT StarID FROM AstroSchema.Stars WHERE StarID = 'voo-3398'), (SELECT GalaxyName FROM AstroSchema.Systems, AstroSchema.Stars WHERE StarID = 'voo-3398' AND SystemName = InSystem));
INSERT INTO AstroSchema.AstroObjects VALUES ('ppt-5115', 'Ushminaria-A-3', 941685642.6, 419.0);
INSERT INTO AstroSchema.Planets VALUES ('ppt-5115', 'Super-Jupiter', 'Protoplanet', (SELECT StarID FROM AstroSchema.Stars WHERE StarID = 'voo-3398'), (SELECT GalaxyName FROM AstroSchema.Systems, AstroSchema.Stars WHERE StarID = 'voo-3398' AND SystemName = InSystem));
INSERT INTO AstroSchema.AstroObjects VALUES ('xqf-4808', 'Ushminaria-A-4', 695682074.5, 1043.8);
INSERT INTO AstroSchema.Planets VALUES ('xqf-4808', 'Gas Giant', 'Puffy', (SELECT StarID FROM AstroSchema.Stars WHERE StarID = 'voo-3398'), (SELECT GalaxyName FROM AstroSchema.Systems, AstroSchema.Stars WHERE StarID = 'voo-3398' AND SystemName = InSystem));
INSERT INTO AstroSchema.AstroObjects VALUES ('hyj-7658', 'Ushminaria-B', 45390086589.7, 88018159.2);
INSERT INTO AstroSchema.Stars VALUES ('hyj-7658', 'II', 'Ushminaria');
INSERT INTO AstroSchema.Systems VALUES ('Linngol', 'Mono', (SELECT GalaxyName FROM AstroSchema.Galaxies WHERE GalaxyName = 'Triangulum'), NULL);
INSERT INTO AstroSchema.AstroObjects VALUES ('bnf-8678', 'Linngol', 17613494591.3, 36351618.2);
INSERT INTO AstroSchema.Stars VALUES ('bnf-8678', 'Ia-O', 'Linngol');
INSERT INTO AstroSchema.AstroObjects VALUES ('asd-4057', 'Linngol-0', 15174525095.0, 567.9);
INSERT INTO AstroSchema.Planets VALUES ('asd-4057', 'Ice Giant', 'Silicate', (SELECT StarID FROM AstroSchema.Stars WHERE StarID = 'bnf-8678'), (SELECT GalaxyName FROM AstroSchema.Systems, AstroSchema.Stars WHERE StarID = 'bnf-8678' AND SystemName = InSystem));
INSERT INTO AstroSchema.AstroObjects VALUES ('zks-8180', 'Linngol-1', 22120561991.2, 1258.8);
INSERT INTO AstroSchema.Planets VALUES ('zks-8180', 'Ice Giant', 'Hycean', (SELECT StarID FROM AstroSchema.Stars WHERE StarID = 'bnf-8678'), (SELECT GalaxyName FROM AstroSchema.Systems, AstroSchema.Stars WHERE StarID = 'bnf-8678' AND SystemName = InSystem));
INSERT INTO AstroSchema.Systems VALUES ('Belgium', 'Trinary', (SELECT GalaxyName FROM AstroSchema.Galaxies WHERE GalaxyName = 'Maffei 1'), (SELECT ConstellationName FROM AstroSchema.Galaxies WHERE GalaxyName = 'Maffei 1'));
INSERT INTO AstroSchema.AstroObjects VALUES ('kqy-1883', 'Belgium-A', 37739943212.9, 29201451.3);
INSERT INTO AstroSchema.Stars VALUES ('kqy-1883', 'D', 'Belgium');
INSERT INTO AstroSchema.AstroObjects VALUES ('wvq-2022', 'Belgium-B', 44642089052.8, 78373599.8);
INSERT INTO AstroSchema.Stars VALUES ('wvq-2022', 'D', 'Belgium');
INSERT INTO AstroSchema.AstroObjects VALUES ('udw-7554', 'Belgium-B-0', 36656987307.6, 1281.6);
INSERT INTO AstroSchema.Planets VALUES ('udw-7554', 'Sub-Earth', 'Chtonian', (SELECT StarID FROM AstroSchema.Stars WHERE StarID = 'wvq-2022'), (SELECT GalaxyName FROM AstroSchema.Systems, AstroSchema.Stars WHERE StarID = 'wvq-2022' AND SystemName = InSystem));
INSERT INTO AstroSchema.AstroObjects VALUES ('zrj-4093', 'Belgium-B-1', 36874099545.4, 969.2);
INSERT INTO AstroSchema.Planets VALUES ('zrj-4093', 'Gas Giant', 'Coreless', (SELECT StarID FROM AstroSchema.Stars WHERE StarID = 'wvq-2022'), (SELECT GalaxyName FROM AstroSchema.Systems, AstroSchema.Stars WHERE StarID = 'wvq-2022' AND SystemName = InSystem));
INSERT INTO AstroSchema.AstroObjects VALUES ('gkk-9750', 'Belgium-B-2', 11392443450.9, 70.8);
INSERT INTO AstroSchema.Planets VALUES ('gkk-9750', 'Mini-Neptune', 'Silicate', (SELECT StarID FROM AstroSchema.Stars WHERE StarID = 'wvq-2022'), (SELECT GalaxyName FROM AstroSchema.Systems, AstroSchema.Stars WHERE StarID = 'wvq-2022' AND SystemName = InSystem));
INSERT INTO AstroSchema.AstroObjects VALUES ('hlq-3357', 'Belgium-C', 38412907454.7, 67321289.0);
INSERT INTO AstroSchema.Stars VALUES ('hlq-3357', 'IV', 'Belgium');
INSERT INTO AstroSchema.AstroObjects VALUES ('ucf-4614', 'Belgium-C-0', 7478634335.8, 357.6);
INSERT INTO AstroSchema.Planets VALUES ('ucf-4614', 'Super-Jupiter', 'Puffy', (SELECT StarID FROM AstroSchema.Stars WHERE StarID = 'hlq-3357'), (SELECT GalaxyName FROM AstroSchema.Systems, AstroSchema.Stars WHERE StarID = 'hlq-3357' AND SystemName = InSystem));
INSERT INTO AstroSchema.AstroObjects VALUES ('hzo-1543', 'Belgium-C-1', 12779693589.8, 1417.2);
INSERT INTO AstroSchema.Planets VALUES ('hzo-1543', 'Sub-Earth', 'Coreless', (SELECT StarID FROM AstroSchema.Stars WHERE StarID = 'hlq-3357'), (SELECT GalaxyName FROM AstroSchema.Systems, AstroSchema.Stars WHERE StarID = 'hlq-3357' AND SystemName = InSystem));
INSERT INTO AstroSchema.AstroObjects VALUES ('pat-6047', 'Belgium-C-2', 1333163161.2, 800.0);
INSERT INTO AstroSchema.Planets VALUES ('pat-6047', 'Mini-Neptune', 'Helium', (SELECT StarID FROM AstroSchema.Stars WHERE StarID = 'hlq-3357'), (SELECT GalaxyName FROM AstroSchema.Systems, AstroSchema.Stars WHERE StarID = 'hlq-3357' AND SystemName = InSystem));
INSERT INTO AstroSchema.AstroObjects VALUES ('dkm-5812', 'Belgium-C-3', 14937592218.0, 1201.2);
INSERT INTO AstroSchema.Planets VALUES ('dkm-5812', 'Super-Earth', 'Silicate', (SELECT StarID FROM AstroSchema.Stars WHERE StarID = 'hlq-3357'), (SELECT GalaxyName FROM AstroSchema.Systems, AstroSchema.Stars WHERE StarID = 'hlq-3357' AND SystemName = InSystem));
INSERT INTO AstroSchema.AstroObjects VALUES ('pdf-3921', 'Belgium-C-4', 20394979695.0, 1274.7);
INSERT INTO AstroSchema.Planets VALUES ('pdf-3921', 'Super-Earth', 'Hycean', (SELECT StarID FROM AstroSchema.Stars WHERE StarID = 'hlq-3357'), (SELECT GalaxyName FROM AstroSchema.Systems, AstroSchema.Stars WHERE StarID = 'hlq-3357' AND SystemName = InSystem));
INSERT INTO AstroSchema.AstroObjects VALUES ('tlv-6092', 'Belgium-C-5', 9082095950.3, 201.4);
INSERT INTO AstroSchema.Planets VALUES ('tlv-6092', 'Sub-Earth', 'Gas giant', (SELECT StarID FROM AstroSchema.Stars WHERE StarID = 'hlq-3357'), (SELECT GalaxyName FROM AstroSchema.Systems, AstroSchema.Stars WHERE StarID = 'hlq-3357' AND SystemName = InSystem));
INSERT INTO AstroSchema.AstroObjects VALUES ('qyg-6767', 'Belgium-C-6', 31927006158.9, 559.2);
INSERT INTO AstroSchema.Planets VALUES ('qyg-6767', 'Gas Giant', 'Terrestrial', (SELECT StarID FROM AstroSchema.Stars WHERE StarID = 'hlq-3357'), (SELECT GalaxyName FROM AstroSchema.Systems, AstroSchema.Stars WHERE StarID = 'hlq-3357' AND SystemName = InSystem));
INSERT INTO AstroSchema.AstroObjects VALUES ('aft-2481', 'Belgium-C-7', 9348384975.7, 198.5);
INSERT INTO AstroSchema.Planets VALUES ('aft-2481', 'Mini-Neptune', 'Chtonian', (SELECT StarID FROM AstroSchema.Stars WHERE StarID = 'hlq-3357'), (SELECT GalaxyName FROM AstroSchema.Systems, AstroSchema.Stars WHERE StarID = 'hlq-3357' AND SystemName = InSystem));
INSERT INTO AstroSchema.AstroObjects VALUES ('tla-8920', 'Belgium-C-8', 19029367642.8, 154.1);
INSERT INTO AstroSchema.Planets VALUES ('tla-8920', 'Mini-Neptune', 'Ocean', (SELECT StarID FROM AstroSchema.Stars WHERE StarID = 'hlq-3357'), (SELECT GalaxyName FROM AstroSchema.Systems, AstroSchema.Stars WHERE StarID = 'hlq-3357' AND SystemName = InSystem));
INSERT INTO AstroSchema.Systems VALUES ('Thrish', 'Binary', (SELECT GalaxyName FROM AstroSchema.Galaxies WHERE GalaxyName = 'Wolf-Lundmark-Melotte'), (SELECT ConstellationName FROM AstroSchema.Galaxies WHERE GalaxyName = 'Wolf-Lundmark-Melotte'));
INSERT INTO AstroSchema.AstroObjects VALUES ('vfo-4748', 'Thrish-A', 5777961942.9, 19003778.1);
INSERT INTO AstroSchema.Stars VALUES ('vfo-4748', 'VI', 'Thrish');
INSERT INTO AstroSchema.AstroObjects VALUES ('kjs-8829', 'Thrish-B', 45091036905.0, 1528905.2);
INSERT INTO AstroSchema.Stars VALUES ('kjs-8829', 'IV', 'Thrish');
INSERT INTO AstroSchema.Systems VALUES ('Othriga', 'Quaternary', (SELECT GalaxyName FROM AstroSchema.Galaxies WHERE GalaxyName = 'Leo II'), (SELECT ConstellationName FROM AstroSchema.Galaxies WHERE GalaxyName = 'Leo II'));
INSERT INTO AstroSchema.AstroObjects VALUES ('vxh-9642', 'Othriga-A', 21024589661.3, 3444373.9);
INSERT INTO AstroSchema.Stars VALUES ('vxh-9642', 'V', 'Othriga');
INSERT INTO AstroSchema.AstroObjects VALUES ('uhu-7270', 'Othriga-A-0', 19446304491.6, 614.8);
INSERT INTO AstroSchema.Planets VALUES ('uhu-7270', 'Sub-Earth', 'Carbon', (SELECT StarID FROM AstroSchema.Stars WHERE StarID = 'vxh-9642'), (SELECT GalaxyName FROM AstroSchema.Systems, AstroSchema.Stars WHERE StarID = 'vxh-9642' AND SystemName = InSystem));
INSERT INTO AstroSchema.AstroObjects VALUES ('jat-1215', 'Othriga-A-1', 18384284245.6, 1380.3);
INSERT INTO AstroSchema.Planets VALUES ('jat-1215', 'Mini-Neptune', 'Ice', (SELECT StarID FROM AstroSchema.Stars WHERE StarID = 'vxh-9642'), (SELECT GalaxyName FROM AstroSchema.Systems, AstroSchema.Stars WHERE StarID = 'vxh-9642' AND SystemName = InSystem));
INSERT INTO AstroSchema.AstroObjects VALUES ('dkq-4952', 'Othriga-A-2', 28306947199.0, 728.1);
INSERT INTO AstroSchema.Planets VALUES ('dkq-4952', 'Mini-Neptune', 'Chtonian', (SELECT StarID FROM AstroSchema.Stars WHERE StarID = 'vxh-9642'), (SELECT GalaxyName FROM AstroSchema.Systems, AstroSchema.Stars WHERE StarID = 'vxh-9642' AND SystemName = InSystem));
INSERT INTO AstroSchema.AstroObjects VALUES ('dey-1999', 'Othriga-A-3', 19595430514.7, 1027.9);
INSERT INTO AstroSchema.Planets VALUES ('dey-1999', 'Ice Giant', 'Ocean', (SELECT StarID FROM AstroSchema.Stars WHERE StarID = 'vxh-9642'), (SELECT GalaxyName FROM AstroSchema.Systems, AstroSchema.Stars WHERE StarID = 'vxh-9642' AND SystemName = InSystem));
INSERT INTO AstroSchema.AstroObjects VALUES ('voe-9114', 'Othriga-A-4', 34668326124.0, 803.3);
INSERT INTO AstroSchema.Planets VALUES ('voe-9114', 'Ice Giant', 'Ocean', (SELECT StarID FROM AstroSchema.Stars WHERE StarID = 'vxh-9642'), (SELECT GalaxyName FROM AstroSchema.Systems, AstroSchema.Stars WHERE StarID = 'vxh-9642' AND SystemName = InSystem));
INSERT INTO AstroSchema.AstroObjects VALUES ('rol-9742', 'Othriga-A-5', 6834792780.7, 1447.9);
INSERT INTO AstroSchema.Planets VALUES ('rol-9742', 'Mini-Neptune', 'Gas giant', (SELECT StarID FROM AstroSchema.Stars WHERE StarID = 'vxh-9642'), (SELECT GalaxyName FROM AstroSchema.Systems, AstroSchema.Stars WHERE StarID = 'vxh-9642' AND SystemName = InSystem));
INSERT INTO AstroSchema.AstroObjects VALUES ('jeu-2263', 'Othriga-A-6', 13737614295.4, 118.3);
INSERT INTO AstroSchema.Planets VALUES ('jeu-2263', 'Super-Jupiter', 'Gas dwarf', (SELECT StarID FROM AstroSchema.Stars WHERE StarID = 'vxh-9642'), (SELECT GalaxyName FROM AstroSchema.Systems, AstroSchema.Stars WHERE StarID = 'vxh-9642' AND SystemName = InSystem));
INSERT INTO AstroSchema.AstroObjects VALUES ('xig-4916', 'Othriga-A-7', 3353764818.0, 1357.1);
INSERT INTO AstroSchema.Planets VALUES ('xig-4916', 'Mini-Neptune', 'Gas giant', (SELECT StarID FROM AstroSchema.Stars WHERE StarID = 'vxh-9642'), (SELECT GalaxyName FROM AstroSchema.Systems, AstroSchema.Stars WHERE StarID = 'vxh-9642' AND SystemName = InSystem));
INSERT INTO AstroSchema.AstroObjects VALUES ('dcc-1988', 'Othriga-A-8', 17398097044.9, 145.0);
INSERT INTO AstroSchema.Planets VALUES ('dcc-1988', 'Mini-Neptune', 'Desert', (SELECT StarID FROM AstroSchema.Stars WHERE StarID = 'vxh-9642'), (SELECT GalaxyName FROM AstroSchema.Systems, AstroSchema.Stars WHERE StarID = 'vxh-9642' AND SystemName = InSystem));
INSERT INTO AstroSchema.AstroObjects VALUES ('ohe-4825', 'Othriga-A-9', 7991042399.0, 1110.8);
INSERT INTO AstroSchema.Planets VALUES ('ohe-4825', 'Ice Giant', 'Helium', (SELECT StarID FROM AstroSchema.Stars WHERE StarID = 'vxh-9642'), (SELECT GalaxyName FROM AstroSchema.Systems, AstroSchema.Stars WHERE StarID = 'vxh-9642' AND SystemName = InSystem));
INSERT INTO AstroSchema.AstroObjects VALUES ('prl-2097', 'Othriga-B', 34866317176.7, 6341532.0);
INSERT INTO AstroSchema.Stars VALUES ('prl-2097', 'V', 'Othriga');
INSERT INTO AstroSchema.AstroObjects VALUES ('yke-9165', 'Othriga-B-0', 1549146677.2, 610.2);
INSERT INTO AstroSchema.Planets VALUES ('yke-9165', 'Gas Giant', 'Hycean', (SELECT StarID FROM AstroSchema.Stars WHERE StarID = 'prl-2097'), (SELECT GalaxyName FROM AstroSchema.Systems, AstroSchema.Stars WHERE StarID = 'prl-2097' AND SystemName = InSystem));
INSERT INTO AstroSchema.AstroObjects VALUES ('kwp-7039', 'Othriga-B-1', 17429038844.9, 800.4);
INSERT INTO AstroSchema.Planets VALUES ('kwp-7039', 'Sub-Earth', 'Gas giant', (SELECT StarID FROM AstroSchema.Stars WHERE StarID = 'prl-2097'), (SELECT GalaxyName FROM AstroSchema.Systems, AstroSchema.Stars WHERE StarID = 'prl-2097' AND SystemName = InSystem));
INSERT INTO AstroSchema.AstroObjects VALUES ('dvz-5982', 'Othriga-B-2', 30632660467.8, 793.7);
INSERT INTO AstroSchema.Planets VALUES ('dvz-5982', 'Gas Giant', 'Helium', (SELECT StarID FROM AstroSchema.Stars WHERE StarID = 'prl-2097'), (SELECT GalaxyName FROM AstroSchema.Systems, AstroSchema.Stars WHERE StarID = 'prl-2097' AND SystemName = InSystem));
INSERT INTO AstroSchema.AstroObjects VALUES ('exj-2333', 'Othriga-C', 45013645536.8, 35947091.7);
INSERT INTO AstroSchema.Stars VALUES ('exj-2333', 'VI', 'Othriga');
INSERT INTO AstroSchema.AstroObjects VALUES ('opo-4332', 'Othriga-C-0', 8579628196.5, 1091.0);
INSERT INTO AstroSchema.Planets VALUES ('opo-4332', 'Mini-Neptune', 'Terrestrial', (SELECT StarID FROM AstroSchema.Stars WHERE StarID = 'exj-2333'), (SELECT GalaxyName FROM AstroSchema.Systems, AstroSchema.Stars WHERE StarID = 'exj-2333' AND SystemName = InSystem));
INSERT INTO AstroSchema.AstroObjects VALUES ('cjl-9679', 'Othriga-C-1', 40828105858.2, 515.9);
INSERT INTO AstroSchema.Planets VALUES ('cjl-9679', 'Super-Jupiter', 'Carbon', (SELECT StarID FROM AstroSchema.Stars WHERE StarID = 'exj-2333'), (SELECT GalaxyName FROM AstroSchema.Systems, AstroSchema.Stars WHERE StarID = 'exj-2333' AND SystemName = InSystem));
INSERT INTO AstroSchema.AstroObjects VALUES ('doc-7407', 'Othriga-C-2', 24666528836.3, 1428.3);
INSERT INTO AstroSchema.Planets VALUES ('doc-7407', 'Super-Earth', 'Helium', (SELECT StarID FROM AstroSchema.Stars WHERE StarID = 'exj-2333'), (SELECT GalaxyName FROM AstroSchema.Systems, AstroSchema.Stars WHERE StarID = 'exj-2333' AND SystemName = InSystem));
INSERT INTO AstroSchema.AstroObjects VALUES ('dcd-3122', 'Othriga-C-3', 10641349707.0, 668.0);
INSERT INTO AstroSchema.Planets VALUES ('dcd-3122', 'Super-Jupiter', 'Protoplanet', (SELECT StarID FROM AstroSchema.Stars WHERE StarID = 'exj-2333'), (SELECT GalaxyName FROM AstroSchema.Systems, AstroSchema.Stars WHERE StarID = 'exj-2333' AND SystemName = InSystem));
INSERT INTO AstroSchema.AstroObjects VALUES ('wkp-5631', 'Othriga-D', 13806418006.5, 77541283.6);
INSERT INTO AstroSchema.Stars VALUES ('wkp-5631', 'Ia-O', 'Othriga');
INSERT INTO AstroSchema.AstroObjects VALUES ('grj-6715', 'Othriga-D-0', 18789784041.0, 186.9);
INSERT INTO AstroSchema.Planets VALUES ('grj-6715', 'Ice Giant', 'Protoplanet', (SELECT StarID FROM AstroSchema.Stars WHERE StarID = 'wkp-5631'), (SELECT GalaxyName FROM AstroSchema.Systems, AstroSchema.Stars WHERE StarID = 'wkp-5631' AND SystemName = InSystem));
INSERT INTO AstroSchema.AstroObjects VALUES ('zmn-8711', 'Othriga-D-1', 10761664816.2, 1291.2);
INSERT INTO AstroSchema.Planets VALUES ('zmn-8711', 'Mini-Neptune', 'Hycean', (SELECT StarID FROM AstroSchema.Stars WHERE StarID = 'wkp-5631'), (SELECT GalaxyName FROM AstroSchema.Systems, AstroSchema.Stars WHERE StarID = 'wkp-5631' AND SystemName = InSystem));
INSERT INTO AstroSchema.AstroObjects VALUES ('nat-2148', 'Othriga-D-2', 24380303194.7, 671.1);
INSERT INTO AstroSchema.Planets VALUES ('nat-2148', 'Super-Earth', 'Gas dwarf', (SELECT StarID FROM AstroSchema.Stars WHERE StarID = 'wkp-5631'), (SELECT GalaxyName FROM AstroSchema.Systems, AstroSchema.Stars WHERE StarID = 'wkp-5631' AND SystemName = InSystem));
INSERT INTO AstroSchema.AstroObjects VALUES ('mfc-9276', 'Othriga-D-3', 15835256439.2, 1412.9);
INSERT INTO AstroSchema.Planets VALUES ('mfc-9276', 'Ice Giant', 'Ice', (SELECT StarID FROM AstroSchema.Stars WHERE StarID = 'wkp-5631'), (SELECT GalaxyName FROM AstroSchema.Systems, AstroSchema.Stars WHERE StarID = 'wkp-5631' AND SystemName = InSystem));
INSERT INTO AstroSchema.AstroObjects VALUES ('cku-9630', 'Othriga-D-4', 44392661112.8, 483.3);
INSERT INTO AstroSchema.Planets VALUES ('cku-9630', 'Super-Jupiter', 'Coreless', (SELECT StarID FROM AstroSchema.Stars WHERE StarID = 'wkp-5631'), (SELECT GalaxyName FROM AstroSchema.Systems, AstroSchema.Stars WHERE StarID = 'wkp-5631' AND SystemName = InSystem));
INSERT INTO AstroSchema.AstroObjects VALUES ('rtp-3771', 'Othriga-D-5', 5397985190.1, 1107.3);
INSERT INTO AstroSchema.Planets VALUES ('rtp-3771', 'Sub-Earth', 'Puffy', (SELECT StarID FROM AstroSchema.Stars WHERE StarID = 'wkp-5631'), (SELECT GalaxyName FROM AstroSchema.Systems, AstroSchema.Stars WHERE StarID = 'wkp-5631' AND SystemName = InSystem));
INSERT INTO AstroSchema.AstroObjects VALUES ('sgh-4511', 'Othriga-D-6', 6723203933.3, 1379.0);
INSERT INTO AstroSchema.Planets VALUES ('sgh-4511', 'Sub-Earth', 'Chtonian', (SELECT StarID FROM AstroSchema.Stars WHERE StarID = 'wkp-5631'), (SELECT GalaxyName FROM AstroSchema.Systems, AstroSchema.Stars WHERE StarID = 'wkp-5631' AND SystemName = InSystem));
INSERT INTO AstroSchema.AstroObjects VALUES ('rcn-1009', 'Othriga-D-7', 14040109010.7, 293.5);
INSERT INTO AstroSchema.Planets VALUES ('rcn-1009', 'Ice Giant', 'Terrestrial', (SELECT StarID FROM AstroSchema.Stars WHERE StarID = 'wkp-5631'), (SELECT GalaxyName FROM AstroSchema.Systems, AstroSchema.Stars WHERE StarID = 'wkp-5631' AND SystemName = InSystem));
INSERT INTO AstroSchema.Systems VALUES ('Liram', 'Binary', (SELECT GalaxyName FROM AstroSchema.Galaxies WHERE GalaxyName = 'Leo II'), (SELECT ConstellationName FROM AstroSchema.Galaxies WHERE GalaxyName = 'Leo II'));
INSERT INTO AstroSchema.AstroObjects VALUES ('wsr-4814', 'Liram-A', 29906043094.1, 19952021.4);
INSERT INTO AstroSchema.Stars VALUES ('wsr-4814', 'VI', 'Liram');
INSERT INTO AstroSchema.AstroObjects VALUES ('bpq-9442', 'Liram-A-0', 43488589794.8, 582.6);
INSERT INTO AstroSchema.Planets VALUES ('bpq-9442', 'Super-Jupiter', 'Terrestrial', (SELECT StarID FROM AstroSchema.Stars WHERE StarID = 'wsr-4814'), (SELECT GalaxyName FROM AstroSchema.Systems, AstroSchema.Stars WHERE StarID = 'wsr-4814' AND SystemName = InSystem));
INSERT INTO AstroSchema.AstroObjects VALUES ('igb-2652', 'Liram-A-1', 6674182201.4, 371.0);
INSERT INTO AstroSchema.Planets VALUES ('igb-2652', 'Ice Giant', 'Helium', (SELECT StarID FROM AstroSchema.Stars WHERE StarID = 'wsr-4814'), (SELECT GalaxyName FROM AstroSchema.Systems, AstroSchema.Stars WHERE StarID = 'wsr-4814' AND SystemName = InSystem));
INSERT INTO AstroSchema.AstroObjects VALUES ('mis-9224', 'Liram-B', 2562106398.8, 9297180.0);
INSERT INTO AstroSchema.Stars VALUES ('mis-9224', 'Ia-O', 'Liram');
INSERT INTO AstroSchema.AstroObjects VALUES ('dyo-9839', 'Liram-B-0', 27157231716.8, 293.1);
INSERT INTO AstroSchema.Planets VALUES ('dyo-9839', 'Gas Giant', 'Gas giant', (SELECT StarID FROM AstroSchema.Stars WHERE StarID = 'mis-9224'), (SELECT GalaxyName FROM AstroSchema.Systems, AstroSchema.Stars WHERE StarID = 'mis-9224' AND SystemName = InSystem));
INSERT INTO AstroSchema.AstroObjects VALUES ('mfb-3048', 'Liram-B-1', 40637168309.9, 1433.7);
INSERT INTO AstroSchema.Planets VALUES ('mfb-3048', 'Super-Earth', 'Protoplanet', (SELECT StarID FROM AstroSchema.Stars WHERE StarID = 'mis-9224'), (SELECT GalaxyName FROM AstroSchema.Systems, AstroSchema.Stars WHERE StarID = 'mis-9224' AND SystemName = InSystem));
INSERT INTO AstroSchema.AstroObjects VALUES ('kco-4998', 'Liram-B-2', 6443097980.5, 645.5);
INSERT INTO AstroSchema.Planets VALUES ('kco-4998', 'Sub-Earth', 'Coreless', (SELECT StarID FROM AstroSchema.Stars WHERE StarID = 'mis-9224'), (SELECT GalaxyName FROM AstroSchema.Systems, AstroSchema.Stars WHERE StarID = 'mis-9224' AND SystemName = InSystem));
INSERT INTO AstroSchema.Systems VALUES ('Shorax', 'Binary', (SELECT GalaxyName FROM AstroSchema.Galaxies WHERE GalaxyName = 'Sextans A'), NULL);
INSERT INTO AstroSchema.AstroObjects VALUES ('rmn-3203', 'Shorax-A', 19854855435.8, 38487303.4);
INSERT INTO AstroSchema.Stars VALUES ('rmn-3203', 'VI', 'Shorax');
INSERT INTO AstroSchema.AstroObjects VALUES ('nsj-9793', 'Shorax-A-0', 45571614025.5, 878.0);
INSERT INTO AstroSchema.Planets VALUES ('nsj-9793', 'Sub-Earth', 'Protoplanet', (SELECT StarID FROM AstroSchema.Stars WHERE StarID = 'rmn-3203'), (SELECT GalaxyName FROM AstroSchema.Systems, AstroSchema.Stars WHERE StarID = 'rmn-3203' AND SystemName = InSystem));
INSERT INTO AstroSchema.AstroObjects VALUES ('tcf-6417', 'Shorax-A-1', 14119517270.7, 1476.9);
INSERT INTO AstroSchema.Planets VALUES ('tcf-6417', 'Mini-Neptune', 'Gas dwarf', (SELECT StarID FROM AstroSchema.Stars WHERE StarID = 'rmn-3203'), (SELECT GalaxyName FROM AstroSchema.Systems, AstroSchema.Stars WHERE StarID = 'rmn-3203' AND SystemName = InSystem));
INSERT INTO AstroSchema.AstroObjects VALUES ('ess-7163', 'Shorax-A-2', 29771030677.1, 1053.6);
INSERT INTO AstroSchema.Planets VALUES ('ess-7163', 'Ice Giant', 'Chtonian', (SELECT StarID FROM AstroSchema.Stars WHERE StarID = 'rmn-3203'), (SELECT GalaxyName FROM AstroSchema.Systems, AstroSchema.Stars WHERE StarID = 'rmn-3203' AND SystemName = InSystem));
INSERT INTO AstroSchema.AstroObjects VALUES ('pfz-7185', 'Shorax-A-3', 20936629616.4, 693.7);
INSERT INTO AstroSchema.Planets VALUES ('pfz-7185', 'Super-Jupiter', 'Helium', (SELECT StarID FROM AstroSchema.Stars WHERE StarID = 'rmn-3203'), (SELECT GalaxyName FROM AstroSchema.Systems, AstroSchema.Stars WHERE StarID = 'rmn-3203' AND SystemName = InSystem));
INSERT INTO AstroSchema.AstroObjects VALUES ('tky-6962', 'Shorax-B', 29639042881.5, 28420624.1);
INSERT INTO AstroSchema.Stars VALUES ('tky-6962', 'II', 'Shorax');
INSERT INTO AstroSchema.AstroObjects VALUES ('kuz-2213', 'Shorax-B-0', 27461194789.6, 716.3);
INSERT INTO AstroSchema.Planets VALUES ('kuz-2213', 'Sub-Earth', 'Protoplanet', (SELECT StarID FROM AstroSchema.Stars WHERE StarID = 'tky-6962'), (SELECT GalaxyName FROM AstroSchema.Systems, AstroSchema.Stars WHERE StarID = 'tky-6962' AND SystemName = InSystem));
INSERT INTO AstroSchema.AstroObjects VALUES ('ber-7666', 'Shorax-B-1', 2674132980.9, 1120.9);
INSERT INTO AstroSchema.Planets VALUES ('ber-7666', 'Ice Giant', 'Gas dwarf', (SELECT StarID FROM AstroSchema.Stars WHERE StarID = 'tky-6962'), (SELECT GalaxyName FROM AstroSchema.Systems, AstroSchema.Stars WHERE StarID = 'tky-6962' AND SystemName = InSystem));
INSERT INTO AstroSchema.AstroObjects VALUES ('auk-7275', 'Shorax-B-2', 29539976480.3, 158.1);
INSERT INTO AstroSchema.Planets VALUES ('auk-7275', 'Gas Giant', 'Ice', (SELECT StarID FROM AstroSchema.Stars WHERE StarID = 'tky-6962'), (SELECT GalaxyName FROM AstroSchema.Systems, AstroSchema.Stars WHERE StarID = 'tky-6962' AND SystemName = InSystem));
INSERT INTO AstroSchema.Systems VALUES ('Taiyangshou', 'Binary', (SELECT GalaxyName FROM AstroSchema.Galaxies WHERE GalaxyName = 'IC 10'), (SELECT ConstellationName FROM AstroSchema.Galaxies WHERE GalaxyName = 'IC 10'));
INSERT INTO AstroSchema.AstroObjects VALUES ('ejq-5152', 'Taiyangshou-A', 13097050881.3, 46950067.2);
INSERT INTO AstroSchema.Stars VALUES ('ejq-5152', 'VI', 'Taiyangshou');
INSERT INTO AstroSchema.AstroObjects VALUES ('eop-8084', 'Taiyangshou-A-0', 32627661735.7, 584.4);
INSERT INTO AstroSchema.Planets VALUES ('eop-8084', 'Ice Giant', 'Ocean', (SELECT StarID FROM AstroSchema.Stars WHERE StarID = 'ejq-5152'), (SELECT GalaxyName FROM AstroSchema.Systems, AstroSchema.Stars WHERE StarID = 'ejq-5152' AND SystemName = InSystem));
INSERT INTO AstroSchema.AstroObjects VALUES ('paj-1497', 'Taiyangshou-A-1', 28026389305.2, 1490.3);
INSERT INTO AstroSchema.Planets VALUES ('paj-1497', 'Super-Earth', 'Silicate', (SELECT StarID FROM AstroSchema.Stars WHERE StarID = 'ejq-5152'), (SELECT GalaxyName FROM AstroSchema.Systems, AstroSchema.Stars WHERE StarID = 'ejq-5152' AND SystemName = InSystem));
INSERT INTO AstroSchema.AstroObjects VALUES ('ozg-8002', 'Taiyangshou-A-2', 272920049.2, 171.0);
INSERT INTO AstroSchema.Planets VALUES ('ozg-8002', 'Super-Earth', 'Gas dwarf', (SELECT StarID FROM AstroSchema.Stars WHERE StarID = 'ejq-5152'), (SELECT GalaxyName FROM AstroSchema.Systems, AstroSchema.Stars WHERE StarID = 'ejq-5152' AND SystemName = InSystem));
INSERT INTO AstroSchema.AstroObjects VALUES ('rgw-8680', 'Taiyangshou-A-3', 37230043714.9, 628.8);
INSERT INTO AstroSchema.Planets VALUES ('rgw-8680', 'Super-Earth', 'Hycean', (SELECT StarID FROM AstroSchema.Stars WHERE StarID = 'ejq-5152'), (SELECT GalaxyName FROM AstroSchema.Systems, AstroSchema.Stars WHERE StarID = 'ejq-5152' AND SystemName = InSystem));
INSERT INTO AstroSchema.AstroObjects VALUES ('qsf-3378', 'Taiyangshou-A-4', 15774561658.1, 1294.0);
INSERT INTO AstroSchema.Planets VALUES ('qsf-3378', 'Ice Giant', 'Protoplanet', (SELECT StarID FROM AstroSchema.Stars WHERE StarID = 'ejq-5152'), (SELECT GalaxyName FROM AstroSchema.Systems, AstroSchema.Stars WHERE StarID = 'ejq-5152' AND SystemName = InSystem));
INSERT INTO AstroSchema.AstroObjects VALUES ('odd-8494', 'Taiyangshou-A-5', 955486516.6, 984.5);
INSERT INTO AstroSchema.Planets VALUES ('odd-8494', 'Ice Giant', 'Gas giant', (SELECT StarID FROM AstroSchema.Stars WHERE StarID = 'ejq-5152'), (SELECT GalaxyName FROM AstroSchema.Systems, AstroSchema.Stars WHERE StarID = 'ejq-5152' AND SystemName = InSystem));
INSERT INTO AstroSchema.AstroObjects VALUES ('bdd-6756', 'Taiyangshou-A-6', 17136990499.7, 1011.9);
INSERT INTO AstroSchema.Planets VALUES ('bdd-6756', 'Ice Giant', 'Gas dwarf', (SELECT StarID FROM AstroSchema.Stars WHERE StarID = 'ejq-5152'), (SELECT GalaxyName FROM AstroSchema.Systems, AstroSchema.Stars WHERE StarID = 'ejq-5152' AND SystemName = InSystem));
INSERT INTO AstroSchema.AstroObjects VALUES ('sea-9379', 'Taiyangshou-A-7', 15062943411.9, 179.6);
INSERT INTO AstroSchema.Planets VALUES ('sea-9379', 'Ice Giant', 'Chtonian', (SELECT StarID FROM AstroSchema.Stars WHERE StarID = 'ejq-5152'), (SELECT GalaxyName FROM AstroSchema.Systems, AstroSchema.Stars WHERE StarID = 'ejq-5152' AND SystemName = InSystem));
INSERT INTO AstroSchema.AstroObjects VALUES ('vdl-8983', 'Taiyangshou-A-8', 8111670454.8, 1456.6);
INSERT INTO AstroSchema.Planets VALUES ('vdl-8983', 'Mini-Neptune', 'Chtonian', (SELECT StarID FROM AstroSchema.Stars WHERE StarID = 'ejq-5152'), (SELECT GalaxyName FROM AstroSchema.Systems, AstroSchema.Stars WHERE StarID = 'ejq-5152' AND SystemName = InSystem));
INSERT INTO AstroSchema.AstroObjects VALUES ('jex-6511', 'Taiyangshou-A-9', 5724500670.0, 744.9);
INSERT INTO AstroSchema.Planets VALUES ('jex-6511', 'Super-Jupiter', 'Desert', (SELECT StarID FROM AstroSchema.Stars WHERE StarID = 'ejq-5152'), (SELECT GalaxyName FROM AstroSchema.Systems, AstroSchema.Stars WHERE StarID = 'ejq-5152' AND SystemName = InSystem));
INSERT INTO AstroSchema.AstroObjects VALUES ('fpj-3772', 'Taiyangshou-B', 15993426239.6, 28860716.2);
INSERT INTO AstroSchema.Stars VALUES ('fpj-3772', 'Ia', 'Taiyangshou');
INSERT INTO AstroSchema.Systems VALUES ('Betria', 'Trinary', (SELECT GalaxyName FROM AstroSchema.Galaxies WHERE GalaxyName = 'Maffei 2'), (SELECT ConstellationName FROM AstroSchema.Galaxies WHERE GalaxyName = 'Maffei 2'));
INSERT INTO AstroSchema.AstroObjects VALUES ('hfp-6580', 'Betria-A', 13522086631.5, 32692212.6);
INSERT INTO AstroSchema.Stars VALUES ('hfp-6580', 'Ib', 'Betria');
INSERT INTO AstroSchema.AstroObjects VALUES ('jiq-3459', 'Betria-B', 34997248265.6, 8449836.6);
INSERT INTO AstroSchema.Stars VALUES ('jiq-3459', 'Ib', 'Betria');
INSERT INTO AstroSchema.AstroObjects VALUES ('hgu-6498', 'Betria-B-0', 31068710275.6, 553.3);
INSERT INTO AstroSchema.Planets VALUES ('hgu-6498', 'Gas Giant', 'Silicate', (SELECT StarID FROM AstroSchema.Stars WHERE StarID = 'jiq-3459'), (SELECT GalaxyName FROM AstroSchema.Systems, AstroSchema.Stars WHERE StarID = 'jiq-3459' AND SystemName = InSystem));
INSERT INTO AstroSchema.AstroObjects VALUES ('rhc-2507', 'Betria-B-1', 43824044504.6, 1238.7);
INSERT INTO AstroSchema.Planets VALUES ('rhc-2507', 'Mini-Neptune', 'Ocean', (SELECT StarID FROM AstroSchema.Stars WHERE StarID = 'jiq-3459'), (SELECT GalaxyName FROM AstroSchema.Systems, AstroSchema.Stars WHERE StarID = 'jiq-3459' AND SystemName = InSystem));
INSERT INTO AstroSchema.AstroObjects VALUES ('inj-4629', 'Betria-B-2', 28270187937.6, 340.0);
INSERT INTO AstroSchema.Planets VALUES ('inj-4629', 'Sub-Earth', 'Chtonian', (SELECT StarID FROM AstroSchema.Stars WHERE StarID = 'jiq-3459'), (SELECT GalaxyName FROM AstroSchema.Systems, AstroSchema.Stars WHERE StarID = 'jiq-3459' AND SystemName = InSystem));
INSERT INTO AstroSchema.AstroObjects VALUES ('plq-4547', 'Betria-B-3', 28579206173.9, 1486.7);
INSERT INTO AstroSchema.Planets VALUES ('plq-4547', 'Ice Giant', 'Helium', (SELECT StarID FROM AstroSchema.Stars WHERE StarID = 'jiq-3459'), (SELECT GalaxyName FROM AstroSchema.Systems, AstroSchema.Stars WHERE StarID = 'jiq-3459' AND SystemName = InSystem));
INSERT INTO AstroSchema.AstroObjects VALUES ('kfb-9325', 'Betria-B-4', 25918926739.0, 1371.8);
INSERT INTO AstroSchema.Planets VALUES ('kfb-9325', 'Super-Earth', 'Desert', (SELECT StarID FROM AstroSchema.Stars WHERE StarID = 'jiq-3459'), (SELECT GalaxyName FROM AstroSchema.Systems, AstroSchema.Stars WHERE StarID = 'jiq-3459' AND SystemName = InSystem));
INSERT INTO AstroSchema.AstroObjects VALUES ('eua-5864', 'Betria-B-5', 7865434521.3, 835.4);
INSERT INTO AstroSchema.Planets VALUES ('eua-5864', 'Super-Earth', 'Helium', (SELECT StarID FROM AstroSchema.Stars WHERE StarID = 'jiq-3459'), (SELECT GalaxyName FROM AstroSchema.Systems, AstroSchema.Stars WHERE StarID = 'jiq-3459' AND SystemName = InSystem));
INSERT INTO AstroSchema.AstroObjects VALUES ('epk-5320', 'Betria-B-6', 28462343086.5, 1196.7);
INSERT INTO AstroSchema.Planets VALUES ('epk-5320', 'Super-Earth', 'Gas giant', (SELECT StarID FROM AstroSchema.Stars WHERE StarID = 'jiq-3459'), (SELECT GalaxyName FROM AstroSchema.Systems, AstroSchema.Stars WHERE StarID = 'jiq-3459' AND SystemName = InSystem));
INSERT INTO AstroSchema.AstroObjects VALUES ('hss-7672', 'Betria-B-7', 17632664306.2, 332.9);
INSERT INTO AstroSchema.Planets VALUES ('hss-7672', 'Gas Giant', 'Ocean', (SELECT StarID FROM AstroSchema.Stars WHERE StarID = 'jiq-3459'), (SELECT GalaxyName FROM AstroSchema.Systems, AstroSchema.Stars WHERE StarID = 'jiq-3459' AND SystemName = InSystem));
INSERT INTO AstroSchema.AstroObjects VALUES ('umq-3560', 'Betria-B-8', 36901657278.8, 403.1);
INSERT INTO AstroSchema.Planets VALUES ('umq-3560', 'Gas Giant', 'Chtonian', (SELECT StarID FROM AstroSchema.Stars WHERE StarID = 'jiq-3459'), (SELECT GalaxyName FROM AstroSchema.Systems, AstroSchema.Stars WHERE StarID = 'jiq-3459' AND SystemName = InSystem));
INSERT INTO AstroSchema.AstroObjects VALUES ('pxs-5384', 'Betria-B-9', 2811893304.9, 1195.2);
INSERT INTO AstroSchema.Planets VALUES ('pxs-5384', 'Ice Giant', 'Ocean', (SELECT StarID FROM AstroSchema.Stars WHERE StarID = 'jiq-3459'), (SELECT GalaxyName FROM AstroSchema.Systems, AstroSchema.Stars WHERE StarID = 'jiq-3459' AND SystemName = InSystem));
INSERT INTO AstroSchema.AstroObjects VALUES ('wdg-3745', 'Betria-C', 30810319064.5, 49868742.3);
INSERT INTO AstroSchema.Stars VALUES ('wdg-3745', 'V', 'Betria');
INSERT INTO AstroSchema.AstroObjects VALUES ('vwi-3576', 'Betria-C-0', 35832193796.0, 358.8);
INSERT INTO AstroSchema.Planets VALUES ('vwi-3576', 'Gas Giant', 'Protoplanet', (SELECT StarID FROM AstroSchema.Stars WHERE StarID = 'wdg-3745'), (SELECT GalaxyName FROM AstroSchema.Systems, AstroSchema.Stars WHERE StarID = 'wdg-3745' AND SystemName = InSystem));
INSERT INTO AstroSchema.AstroObjects VALUES ('ygr-2335', 'Betria-C-1', 32887438419.7, 496.7);
INSERT INTO AstroSchema.Planets VALUES ('ygr-2335', 'Ice Giant', 'Desert', (SELECT StarID FROM AstroSchema.Stars WHERE StarID = 'wdg-3745'), (SELECT GalaxyName FROM AstroSchema.Systems, AstroSchema.Stars WHERE StarID = 'wdg-3745' AND SystemName = InSystem));
INSERT INTO AstroSchema.AstroObjects VALUES ('efi-2321', 'Betria-C-2', 40440499454.9, 90.6);
INSERT INTO AstroSchema.Planets VALUES ('efi-2321', 'Gas Giant', 'Helium', (SELECT StarID FROM AstroSchema.Stars WHERE StarID = 'wdg-3745'), (SELECT GalaxyName FROM AstroSchema.Systems, AstroSchema.Stars WHERE StarID = 'wdg-3745' AND SystemName = InSystem));
INSERT INTO AstroSchema.AstroObjects VALUES ('yqb-7471', 'Betria-C-3', 38113917813.8, 299.6);
INSERT INTO AstroSchema.Planets VALUES ('yqb-7471', 'Ice Giant', 'Protoplanet', (SELECT StarID FROM AstroSchema.Stars WHERE StarID = 'wdg-3745'), (SELECT GalaxyName FROM AstroSchema.Systems, AstroSchema.Stars WHERE StarID = 'wdg-3745' AND SystemName = InSystem));
INSERT INTO AstroSchema.Systems VALUES ('Japris', 'Trinary', (SELECT GalaxyName FROM AstroSchema.Galaxies WHERE GalaxyName = 'Messier 110'), NULL);
INSERT INTO AstroSchema.AstroObjects VALUES ('erl-7202', 'Japris-A', 27860459223.6, 34216067.4);
INSERT INTO AstroSchema.Stars VALUES ('erl-7202', 'II', 'Japris');
INSERT INTO AstroSchema.AstroObjects VALUES ('xgk-4444', 'Japris-A-0', 7292553009.7, 400.3);
INSERT INTO AstroSchema.Planets VALUES ('xgk-4444', 'Sub-Earth', 'Helium', (SELECT StarID FROM AstroSchema.Stars WHERE StarID = 'erl-7202'), (SELECT GalaxyName FROM AstroSchema.Systems, AstroSchema.Stars WHERE StarID = 'erl-7202' AND SystemName = InSystem));
INSERT INTO AstroSchema.AstroObjects VALUES ('fad-2518', 'Japris-A-1', 21402177104.3, 327.1);
INSERT INTO AstroSchema.Planets VALUES ('fad-2518', 'Sub-Earth', 'Carbon', (SELECT StarID FROM AstroSchema.Stars WHERE StarID = 'erl-7202'), (SELECT GalaxyName FROM AstroSchema.Systems, AstroSchema.Stars WHERE StarID = 'erl-7202' AND SystemName = InSystem));
INSERT INTO AstroSchema.AstroObjects VALUES ('rga-3933', 'Japris-B', 25352313095.4, 63751389.7);
INSERT INTO AstroSchema.Stars VALUES ('rga-3933', 'III', 'Japris');
INSERT INTO AstroSchema.AstroObjects VALUES ('ckj-1346', 'Japris-B-0', 6395057405.6, 821.5);
INSERT INTO AstroSchema.Planets VALUES ('ckj-1346', 'Super-Earth', 'Ice', (SELECT StarID FROM AstroSchema.Stars WHERE StarID = 'rga-3933'), (SELECT GalaxyName FROM AstroSchema.Systems, AstroSchema.Stars WHERE StarID = 'rga-3933' AND SystemName = InSystem));
INSERT INTO AstroSchema.AstroObjects VALUES ('vst-9488', 'Japris-B-1', 9933402650.3, 1228.3);
INSERT INTO AstroSchema.Planets VALUES ('vst-9488', 'Super-Jupiter', 'Hycean', (SELECT StarID FROM AstroSchema.Stars WHERE StarID = 'rga-3933'), (SELECT GalaxyName FROM AstroSchema.Systems, AstroSchema.Stars WHERE StarID = 'rga-3933' AND SystemName = InSystem));
INSERT INTO AstroSchema.AstroObjects VALUES ('owp-3772', 'Japris-B-2', 45108831281.4, 1319.0);
INSERT INTO AstroSchema.Planets VALUES ('owp-3772', 'Mini-Neptune', 'Hycean', (SELECT StarID FROM AstroSchema.Stars WHERE StarID = 'rga-3933'), (SELECT GalaxyName FROM AstroSchema.Systems, AstroSchema.Stars WHERE StarID = 'rga-3933' AND SystemName = InSystem));
INSERT INTO AstroSchema.AstroObjects VALUES ('yxr-6179', 'Japris-C', 11688595465.0, 74605952.4);
INSERT INTO AstroSchema.Stars VALUES ('yxr-6179', 'D', 'Japris');
INSERT INTO AstroSchema.AstroObjects VALUES ('ggq-3834', 'Japris-C-0', 29771151781.6, 274.1);
INSERT INTO AstroSchema.Planets VALUES ('ggq-3834', 'Ice Giant', 'Helium', (SELECT StarID FROM AstroSchema.Stars WHERE StarID = 'yxr-6179'), (SELECT GalaxyName FROM AstroSchema.Systems, AstroSchema.Stars WHERE StarID = 'yxr-6179' AND SystemName = InSystem));
INSERT INTO AstroSchema.AstroObjects VALUES ('dbv-9680', 'Japris-C-1', 838846268.7, 1439.4);
INSERT INTO AstroSchema.Planets VALUES ('dbv-9680', 'Ice Giant', 'Carbon', (SELECT StarID FROM AstroSchema.Stars WHERE StarID = 'yxr-6179'), (SELECT GalaxyName FROM AstroSchema.Systems, AstroSchema.Stars WHERE StarID = 'yxr-6179' AND SystemName = InSystem));
INSERT INTO AstroSchema.AstroObjects VALUES ('eua-5934', 'Japris-C-2', 24820448828.8, 157.8);
INSERT INTO AstroSchema.Planets VALUES ('eua-5934', 'Super-Earth', 'Helium', (SELECT StarID FROM AstroSchema.Stars WHERE StarID = 'yxr-6179'), (SELECT GalaxyName FROM AstroSchema.Systems, AstroSchema.Stars WHERE StarID = 'yxr-6179' AND SystemName = InSystem));
INSERT INTO AstroSchema.AstroObjects VALUES ('wkm-5914', 'Japris-C-3', 40157550159.8, 1049.1);
INSERT INTO AstroSchema.Planets VALUES ('wkm-5914', 'Mini-Neptune', 'Helium', (SELECT StarID FROM AstroSchema.Stars WHERE StarID = 'yxr-6179'), (SELECT GalaxyName FROM AstroSchema.Systems, AstroSchema.Stars WHERE StarID = 'yxr-6179' AND SystemName = InSystem));
INSERT INTO AstroSchema.AstroObjects VALUES ('yeb-6895', 'Japris-C-4', 8503711002.2, 186.8);
INSERT INTO AstroSchema.Planets VALUES ('yeb-6895', 'Sub-Earth', 'Desert', (SELECT StarID FROM AstroSchema.Stars WHERE StarID = 'yxr-6179'), (SELECT GalaxyName FROM AstroSchema.Systems, AstroSchema.Stars WHERE StarID = 'yxr-6179' AND SystemName = InSystem));
INSERT INTO AstroSchema.AstroObjects VALUES ('hbe-8423', 'Japris-C-5', 30679342868.2, 825.0);
INSERT INTO AstroSchema.Planets VALUES ('hbe-8423', 'Ice Giant', 'Puffy', (SELECT StarID FROM AstroSchema.Stars WHERE StarID = 'yxr-6179'), (SELECT GalaxyName FROM AstroSchema.Systems, AstroSchema.Stars WHERE StarID = 'yxr-6179' AND SystemName = InSystem));
INSERT INTO AstroSchema.AstroObjects VALUES ('wae-6131', 'Japris-C-6', 45481850576.0, 82.7);
INSERT INTO AstroSchema.Planets VALUES ('wae-6131', 'Gas Giant', 'Puffy', (SELECT StarID FROM AstroSchema.Stars WHERE StarID = 'yxr-6179'), (SELECT GalaxyName FROM AstroSchema.Systems, AstroSchema.Stars WHERE StarID = 'yxr-6179' AND SystemName = InSystem));
INSERT INTO AstroSchema.AstroObjects VALUES ('ifd-6391', 'Japris-C-7', 42925426726.9, 932.5);
INSERT INTO AstroSchema.Planets VALUES ('ifd-6391', 'Super-Jupiter', 'Protoplanet', (SELECT StarID FROM AstroSchema.Stars WHERE StarID = 'yxr-6179'), (SELECT GalaxyName FROM AstroSchema.Systems, AstroSchema.Stars WHERE StarID = 'yxr-6179' AND SystemName = InSystem));
INSERT INTO AstroSchema.AstroObjects VALUES ('evs-1903', 'Japris-C-8', 41696242619.0, 534.6);
INSERT INTO AstroSchema.Planets VALUES ('evs-1903', 'Sub-Earth', 'Protoplanet', (SELECT StarID FROM AstroSchema.Stars WHERE StarID = 'yxr-6179'), (SELECT GalaxyName FROM AstroSchema.Systems, AstroSchema.Stars WHERE StarID = 'yxr-6179' AND SystemName = InSystem));
INSERT INTO AstroSchema.AstroObjects VALUES ('mxo-1937', 'Japris-C-9', 22440994449.7, 1175.8);
INSERT INTO AstroSchema.Planets VALUES ('mxo-1937', 'Sub-Earth', 'Coreless', (SELECT StarID FROM AstroSchema.Stars WHERE StarID = 'yxr-6179'), (SELECT GalaxyName FROM AstroSchema.Systems, AstroSchema.Stars WHERE StarID = 'yxr-6179' AND SystemName = InSystem));
INSERT INTO AstroSchema.Systems VALUES ('Acramalo', 'Multiple', (SELECT GalaxyName FROM AstroSchema.Galaxies WHERE GalaxyName = 'Draco Dwarf'), NULL);
INSERT INTO AstroSchema.AstroObjects VALUES ('cos-4145', 'Acramalo-A', 24336473575.9, 66258306.9);
INSERT INTO AstroSchema.Stars VALUES ('cos-4145', 'Ib', 'Acramalo');
INSERT INTO AstroSchema.AstroObjects VALUES ('exl-6824', 'Acramalo-B', 16439696104.9, 47170378.2);
INSERT INTO AstroSchema.Stars VALUES ('exl-6824', 'D', 'Acramalo');
INSERT INTO AstroSchema.AstroObjects VALUES ('rij-8700', 'Acramalo-B-0', 4158258149.5, 1050.7);
INSERT INTO AstroSchema.Planets VALUES ('rij-8700', 'Gas Giant', 'Gas giant', (SELECT StarID FROM AstroSchema.Stars WHERE StarID = 'exl-6824'), (SELECT GalaxyName FROM AstroSchema.Systems, AstroSchema.Stars WHERE StarID = 'exl-6824' AND SystemName = InSystem));
INSERT INTO AstroSchema.AstroObjects VALUES ('cjy-3784', 'Acramalo-B-1', 22782424749.9, 861.0);
INSERT INTO AstroSchema.Planets VALUES ('cjy-3784', 'Mini-Neptune', 'Puffy', (SELECT StarID FROM AstroSchema.Stars WHERE StarID = 'exl-6824'), (SELECT GalaxyName FROM AstroSchema.Systems, AstroSchema.Stars WHERE StarID = 'exl-6824' AND SystemName = InSystem));
INSERT INTO AstroSchema.AstroObjects VALUES ('fdo-2623', 'Acramalo-C', 27336306813.4, 25750746.0);
INSERT INTO AstroSchema.Stars VALUES ('fdo-2623', 'III', 'Acramalo');
INSERT INTO AstroSchema.AstroObjects VALUES ('caa-8860', 'Acramalo-C-0', 19398713883.8, 465.3);
INSERT INTO AstroSchema.Planets VALUES ('caa-8860', 'Sub-Earth', 'Desert', (SELECT StarID FROM AstroSchema.Stars WHERE StarID = 'fdo-2623'), (SELECT GalaxyName FROM AstroSchema.Systems, AstroSchema.Stars WHERE StarID = 'fdo-2623' AND SystemName = InSystem));
INSERT INTO AstroSchema.AstroObjects VALUES ('kku-8916', 'Acramalo-C-1', 18397328571.3, 737.5);
INSERT INTO AstroSchema.Planets VALUES ('kku-8916', 'Sub-Earth', 'Coreless', (SELECT StarID FROM AstroSchema.Stars WHERE StarID = 'fdo-2623'), (SELECT GalaxyName FROM AstroSchema.Systems, AstroSchema.Stars WHERE StarID = 'fdo-2623' AND SystemName = InSystem));
INSERT INTO AstroSchema.AstroObjects VALUES ('ogy-2402', 'Acramalo-C-2', 24235944704.0, 1486.4);
INSERT INTO AstroSchema.Planets VALUES ('ogy-2402', 'Gas Giant', 'Carbon', (SELECT StarID FROM AstroSchema.Stars WHERE StarID = 'fdo-2623'), (SELECT GalaxyName FROM AstroSchema.Systems, AstroSchema.Stars WHERE StarID = 'fdo-2623' AND SystemName = InSystem));
INSERT INTO AstroSchema.AstroObjects VALUES ('lgv-7741', 'Acramalo-D', 28822150392.8, 52348480.3);
INSERT INTO AstroSchema.Stars VALUES ('lgv-7741', 'Ib', 'Acramalo');
INSERT INTO AstroSchema.AstroObjects VALUES ('abf-8369', 'Acramalo-D-0', 13994415811.8, 417.4);
INSERT INTO AstroSchema.Planets VALUES ('abf-8369', 'Gas Giant', 'Carbon', (SELECT StarID FROM AstroSchema.Stars WHERE StarID = 'lgv-7741'), (SELECT GalaxyName FROM AstroSchema.Systems, AstroSchema.Stars WHERE StarID = 'lgv-7741' AND SystemName = InSystem));
INSERT INTO AstroSchema.AstroObjects VALUES ('njj-3701', 'Acramalo-D-1', 783819489.8, 1269.9);
INSERT INTO AstroSchema.Planets VALUES ('njj-3701', 'Sub-Earth', 'Ice', (SELECT StarID FROM AstroSchema.Stars WHERE StarID = 'lgv-7741'), (SELECT GalaxyName FROM AstroSchema.Systems, AstroSchema.Stars WHERE StarID = 'lgv-7741' AND SystemName = InSystem));
INSERT INTO AstroSchema.AstroObjects VALUES ('cqh-7729', 'Acramalo-D-2', 18167244811.1, 1325.8);
INSERT INTO AstroSchema.Planets VALUES ('cqh-7729', 'Super-Jupiter', 'Hycean', (SELECT StarID FROM AstroSchema.Stars WHERE StarID = 'lgv-7741'), (SELECT GalaxyName FROM AstroSchema.Systems, AstroSchema.Stars WHERE StarID = 'lgv-7741' AND SystemName = InSystem));
INSERT INTO AstroSchema.AstroObjects VALUES ('nww-7296', 'Acramalo-D-3', 22033138407.1, 365.4);
INSERT INTO AstroSchema.Planets VALUES ('nww-7296', 'Super-Jupiter', 'Terrestrial', (SELECT StarID FROM AstroSchema.Stars WHERE StarID = 'lgv-7741'), (SELECT GalaxyName FROM AstroSchema.Systems, AstroSchema.Stars WHERE StarID = 'lgv-7741' AND SystemName = InSystem));
INSERT INTO AstroSchema.AstroObjects VALUES ('jqy-5783', 'Acramalo-E', 44825225765.4, 57398071.0);
INSERT INTO AstroSchema.Stars VALUES ('jqy-5783', 'D', 'Acramalo');
INSERT INTO AstroSchema.AstroObjects VALUES ('uwd-6348', 'Acramalo-F', 42097289938.4, 10963113.9);
INSERT INTO AstroSchema.Stars VALUES ('uwd-6348', 'V', 'Acramalo');
INSERT INTO AstroSchema.AstroObjects VALUES ('yyo-9151', 'Acramalo-F-0', 12260150445.3, 592.3);
INSERT INTO AstroSchema.Planets VALUES ('yyo-9151', 'Gas Giant', 'Desert', (SELECT StarID FROM AstroSchema.Stars WHERE StarID = 'uwd-6348'), (SELECT GalaxyName FROM AstroSchema.Systems, AstroSchema.Stars WHERE StarID = 'uwd-6348' AND SystemName = InSystem));
INSERT INTO AstroSchema.AstroObjects VALUES ('hdr-5390', 'Acramalo-F-1', 45591200584.9, 35.4);
INSERT INTO AstroSchema.Planets VALUES ('hdr-5390', 'Gas Giant', 'Carbon', (SELECT StarID FROM AstroSchema.Stars WHERE StarID = 'uwd-6348'), (SELECT GalaxyName FROM AstroSchema.Systems, AstroSchema.Stars WHERE StarID = 'uwd-6348' AND SystemName = InSystem));
INSERT INTO AstroSchema.Systems VALUES ('Con Viab', 'Binary', (SELECT GalaxyName FROM AstroSchema.Galaxies WHERE GalaxyName = 'Milky Way'), NULL);
INSERT INTO AstroSchema.AstroObjects VALUES ('ndb-9693', 'Con Viab-A', 34459225902.8, 30224342.1);
INSERT INTO AstroSchema.Stars VALUES ('ndb-9693', 'Ib', 'Con Viab');
INSERT INTO AstroSchema.AstroObjects VALUES ('ekc-2664', 'Con Viab-B', 21279062481.8, 28271648.8);
INSERT INTO AstroSchema.Stars VALUES ('ekc-2664', 'VI', 'Con Viab');
INSERT INTO AstroSchema.Systems VALUES ('Kosk', 'Mono', (SELECT GalaxyName FROM AstroSchema.Galaxies WHERE GalaxyName = 'Barnards Galaxy'), NULL);
INSERT INTO AstroSchema.AstroObjects VALUES ('weu-3750', 'Kosk', 36914329700.0, 13495451.5);
INSERT INTO AstroSchema.Stars VALUES ('weu-3750', 'VI', 'Kosk');
INSERT INTO AstroSchema.AstroObjects VALUES ('hfa-7057', 'Kosk-0', 4116342982.6, 390.9);
INSERT INTO AstroSchema.Planets VALUES ('hfa-7057', 'Super-Jupiter', 'Puffy', (SELECT StarID FROM AstroSchema.Stars WHERE StarID = 'weu-3750'), (SELECT GalaxyName FROM AstroSchema.Systems, AstroSchema.Stars WHERE StarID = 'weu-3750' AND SystemName = InSystem));
INSERT INTO AstroSchema.Systems VALUES ('Antares', 'Binary', (SELECT GalaxyName FROM AstroSchema.Galaxies WHERE GalaxyName = 'IC 1613'), (SELECT ConstellationName FROM AstroSchema.Galaxies WHERE GalaxyName = 'IC 1613'));
INSERT INTO AstroSchema.AstroObjects VALUES ('xrh-3727', 'Antares-A', 1412340706.2, 34154522.7);
INSERT INTO AstroSchema.Stars VALUES ('xrh-3727', 'Ia', 'Antares');
INSERT INTO AstroSchema.AstroObjects VALUES ('njf-6729', 'Antares-A-0', 30975221239.7, 83.0);
INSERT INTO AstroSchema.Planets VALUES ('njf-6729', 'Ice Giant', 'Helium', (SELECT StarID FROM AstroSchema.Stars WHERE StarID = 'xrh-3727'), (SELECT GalaxyName FROM AstroSchema.Systems, AstroSchema.Stars WHERE StarID = 'xrh-3727' AND SystemName = InSystem));
INSERT INTO AstroSchema.AstroObjects VALUES ('kru-6829', 'Antares-A-1', 40568906133.8, 124.0);
INSERT INTO AstroSchema.Planets VALUES ('kru-6829', 'Super-Earth', 'Carbon', (SELECT StarID FROM AstroSchema.Stars WHERE StarID = 'xrh-3727'), (SELECT GalaxyName FROM AstroSchema.Systems, AstroSchema.Stars WHERE StarID = 'xrh-3727' AND SystemName = InSystem));
INSERT INTO AstroSchema.AstroObjects VALUES ('upc-8554', 'Antares-B', 14800848846.8, 88520935.1);
INSERT INTO AstroSchema.Stars VALUES ('upc-8554', 'III', 'Antares');
INSERT INTO AstroSchema.AstroObjects VALUES ('jkn-8124', 'Antares-B-0', 12870866008.5, 849.1);
INSERT INTO AstroSchema.Planets VALUES ('jkn-8124', 'Gas Giant', 'Hycean', (SELECT StarID FROM AstroSchema.Stars WHERE StarID = 'upc-8554'), (SELECT GalaxyName FROM AstroSchema.Systems, AstroSchema.Stars WHERE StarID = 'upc-8554' AND SystemName = InSystem));
INSERT INTO AstroSchema.Systems VALUES ('Ebbarmacchus', 'Binary', (SELECT GalaxyName FROM AstroSchema.Galaxies WHERE GalaxyName = 'Wolf-Lundmark-Melotte'), (SELECT ConstellationName FROM AstroSchema.Galaxies WHERE GalaxyName = 'Wolf-Lundmark-Melotte'));
INSERT INTO AstroSchema.AstroObjects VALUES ('xhe-1762', 'Ebbarmacchus-A', 9490229839.1, 80540779.2);
INSERT INTO AstroSchema.Stars VALUES ('xhe-1762', 'Ia-O', 'Ebbarmacchus');
INSERT INTO AstroSchema.AstroObjects VALUES ('vej-6144', 'Ebbarmacchus-A-0', 10472659462.5, 176.4);
INSERT INTO AstroSchema.Planets VALUES ('vej-6144', 'Ice Giant', 'Ocean', (SELECT StarID FROM AstroSchema.Stars WHERE StarID = 'xhe-1762'), (SELECT GalaxyName FROM AstroSchema.Systems, AstroSchema.Stars WHERE StarID = 'xhe-1762' AND SystemName = InSystem));
INSERT INTO AstroSchema.AstroObjects VALUES ('ndi-6962', 'Ebbarmacchus-A-1', 11939963889.8, 1365.4);
INSERT INTO AstroSchema.Planets VALUES ('ndi-6962', 'Super-Jupiter', 'Gas dwarf', (SELECT StarID FROM AstroSchema.Stars WHERE StarID = 'xhe-1762'), (SELECT GalaxyName FROM AstroSchema.Systems, AstroSchema.Stars WHERE StarID = 'xhe-1762' AND SystemName = InSystem));
INSERT INTO AstroSchema.AstroObjects VALUES ('jas-9128', 'Ebbarmacchus-A-2', 35735955127.2, 612.1);
INSERT INTO AstroSchema.Planets VALUES ('jas-9128', 'Super-Earth', 'Silicate', (SELECT StarID FROM AstroSchema.Stars WHERE StarID = 'xhe-1762'), (SELECT GalaxyName FROM AstroSchema.Systems, AstroSchema.Stars WHERE StarID = 'xhe-1762' AND SystemName = InSystem));
INSERT INTO AstroSchema.AstroObjects VALUES ('ikj-8211', 'Ebbarmacchus-A-3', 3709748491.9, 1477.8);
INSERT INTO AstroSchema.Planets VALUES ('ikj-8211', 'Gas Giant', 'Carbon', (SELECT StarID FROM AstroSchema.Stars WHERE StarID = 'xhe-1762'), (SELECT GalaxyName FROM AstroSchema.Systems, AstroSchema.Stars WHERE StarID = 'xhe-1762' AND SystemName = InSystem));
INSERT INTO AstroSchema.AstroObjects VALUES ('ssu-5767', 'Ebbarmacchus-A-4', 41973158089.0, 1283.7);
INSERT INTO AstroSchema.Planets VALUES ('ssu-5767', 'Super-Earth', 'Gas dwarf', (SELECT StarID FROM AstroSchema.Stars WHERE StarID = 'xhe-1762'), (SELECT GalaxyName FROM AstroSchema.Systems, AstroSchema.Stars WHERE StarID = 'xhe-1762' AND SystemName = InSystem));
INSERT INTO AstroSchema.AstroObjects VALUES ('mlo-8166', 'Ebbarmacchus-A-5', 33661968818.7, 615.2);
INSERT INTO AstroSchema.Planets VALUES ('mlo-8166', 'Mini-Neptune', 'Chtonian', (SELECT StarID FROM AstroSchema.Stars WHERE StarID = 'xhe-1762'), (SELECT GalaxyName FROM AstroSchema.Systems, AstroSchema.Stars WHERE StarID = 'xhe-1762' AND SystemName = InSystem));
INSERT INTO AstroSchema.AstroObjects VALUES ('xth-4485', 'Ebbarmacchus-A-6', 10057090520.8, 989.9);
INSERT INTO AstroSchema.Planets VALUES ('xth-4485', 'Mini-Neptune', 'Ice', (SELECT StarID FROM AstroSchema.Stars WHERE StarID = 'xhe-1762'), (SELECT GalaxyName FROM AstroSchema.Systems, AstroSchema.Stars WHERE StarID = 'xhe-1762' AND SystemName = InSystem));
INSERT INTO AstroSchema.AstroObjects VALUES ('dny-3761', 'Ebbarmacchus-A-7', 28233196630.0, 1438.0);
INSERT INTO AstroSchema.Planets VALUES ('dny-3761', 'Super-Earth', 'Protoplanet', (SELECT StarID FROM AstroSchema.Stars WHERE StarID = 'xhe-1762'), (SELECT GalaxyName FROM AstroSchema.Systems, AstroSchema.Stars WHERE StarID = 'xhe-1762' AND SystemName = InSystem));
INSERT INTO AstroSchema.AstroObjects VALUES ('bng-6949', 'Ebbarmacchus-B', 33443226585.5, 47565642.7);
INSERT INTO AstroSchema.Stars VALUES ('bng-6949', 'V', 'Ebbarmacchus');
INSERT INTO AstroSchema.AstroObjects VALUES ('pta-2303', 'Ebbarmacchus-B-0', 33634379063.9, 755.3);
INSERT INTO AstroSchema.Planets VALUES ('pta-2303', 'Super-Jupiter', 'Silicate', (SELECT StarID FROM AstroSchema.Stars WHERE StarID = 'bng-6949'), (SELECT GalaxyName FROM AstroSchema.Systems, AstroSchema.Stars WHERE StarID = 'bng-6949' AND SystemName = InSystem));
INSERT INTO AstroSchema.AstroObjects VALUES ('xrr-3339', 'Ebbarmacchus-B-1', 44659788090.0, 15.3);
INSERT INTO AstroSchema.Planets VALUES ('xrr-3339', 'Gas Giant', 'Gas dwarf', (SELECT StarID FROM AstroSchema.Stars WHERE StarID = 'bng-6949'), (SELECT GalaxyName FROM AstroSchema.Systems, AstroSchema.Stars WHERE StarID = 'bng-6949' AND SystemName = InSystem));
INSERT INTO AstroSchema.AstroObjects VALUES ('rcu-5179', 'Ebbarmacchus-B-2', 39409976364.7, 1222.6);
INSERT INTO AstroSchema.Planets VALUES ('rcu-5179', 'Super-Earth', 'Hycean', (SELECT StarID FROM AstroSchema.Stars WHERE StarID = 'bng-6949'), (SELECT GalaxyName FROM AstroSchema.Systems, AstroSchema.Stars WHERE StarID = 'bng-6949' AND SystemName = InSystem));
INSERT INTO AstroSchema.AstroObjects VALUES ('qeh-6504', 'Ebbarmacchus-B-3', 32395623587.8, 664.3);
INSERT INTO AstroSchema.Planets VALUES ('qeh-6504', 'Sub-Earth', 'Hycean', (SELECT StarID FROM AstroSchema.Stars WHERE StarID = 'bng-6949'), (SELECT GalaxyName FROM AstroSchema.Systems, AstroSchema.Stars WHERE StarID = 'bng-6949' AND SystemName = InSystem));
INSERT INTO AstroSchema.AstroObjects VALUES ('zip-9787', 'Ebbarmacchus-B-4', 13991329138.8, 405.6);
INSERT INTO AstroSchema.Planets VALUES ('zip-9787', 'Super-Earth', 'Gas dwarf', (SELECT StarID FROM AstroSchema.Stars WHERE StarID = 'bng-6949'), (SELECT GalaxyName FROM AstroSchema.Systems, AstroSchema.Stars WHERE StarID = 'bng-6949' AND SystemName = InSystem));
INSERT INTO AstroSchema.AstroObjects VALUES ('hji-3117', 'Ebbarmacchus-B-5', 33189269340.7, 1081.1);
INSERT INTO AstroSchema.Planets VALUES ('hji-3117', 'Ice Giant', 'Ice', (SELECT StarID FROM AstroSchema.Stars WHERE StarID = 'bng-6949'), (SELECT GalaxyName FROM AstroSchema.Systems, AstroSchema.Stars WHERE StarID = 'bng-6949' AND SystemName = InSystem));
INSERT INTO AstroSchema.AstroObjects VALUES ('oha-6615', 'Ebbarmacchus-B-6', 23375063808.9, 985.5);
INSERT INTO AstroSchema.Planets VALUES ('oha-6615', 'Gas Giant', 'Chtonian', (SELECT StarID FROM AstroSchema.Stars WHERE StarID = 'bng-6949'), (SELECT GalaxyName FROM AstroSchema.Systems, AstroSchema.Stars WHERE StarID = 'bng-6949' AND SystemName = InSystem));
INSERT INTO AstroSchema.Systems VALUES ('Fauetera', 'Binary', (SELECT GalaxyName FROM AstroSchema.Galaxies WHERE GalaxyName = 'Small Magellanic Cloud'), (SELECT ConstellationName FROM AstroSchema.Galaxies WHERE GalaxyName = 'Small Magellanic Cloud'));
INSERT INTO AstroSchema.AstroObjects VALUES ('mrp-4384', 'Fauetera-A', 25264278471.5, 55797752.8);
INSERT INTO AstroSchema.Stars VALUES ('mrp-4384', 'Ia-O', 'Fauetera');
INSERT INTO AstroSchema.AstroObjects VALUES ('yda-1348', 'Fauetera-A-0', 32646396333.0, 449.8);
INSERT INTO AstroSchema.Planets VALUES ('yda-1348', 'Mini-Neptune', 'Chtonian', (SELECT StarID FROM AstroSchema.Stars WHERE StarID = 'mrp-4384'), (SELECT GalaxyName FROM AstroSchema.Systems, AstroSchema.Stars WHERE StarID = 'mrp-4384' AND SystemName = InSystem));
INSERT INTO AstroSchema.AstroObjects VALUES ('goa-7358', 'Fauetera-A-1', 3362828059.9, 1381.1);
INSERT INTO AstroSchema.Planets VALUES ('goa-7358', 'Sub-Earth', 'Coreless', (SELECT StarID FROM AstroSchema.Stars WHERE StarID = 'mrp-4384'), (SELECT GalaxyName FROM AstroSchema.Systems, AstroSchema.Stars WHERE StarID = 'mrp-4384' AND SystemName = InSystem));
INSERT INTO AstroSchema.AstroObjects VALUES ('etv-4038', 'Fauetera-A-2', 40089638677.8, 370.0);
INSERT INTO AstroSchema.Planets VALUES ('etv-4038', 'Super-Earth', 'Helium', (SELECT StarID FROM AstroSchema.Stars WHERE StarID = 'mrp-4384'), (SELECT GalaxyName FROM AstroSchema.Systems, AstroSchema.Stars WHERE StarID = 'mrp-4384' AND SystemName = InSystem));
INSERT INTO AstroSchema.AstroObjects VALUES ('wwe-6059', 'Fauetera-A-3', 2212729148.0, 881.2);
INSERT INTO AstroSchema.Planets VALUES ('wwe-6059', 'Sub-Earth', 'Terrestrial', (SELECT StarID FROM AstroSchema.Stars WHERE StarID = 'mrp-4384'), (SELECT GalaxyName FROM AstroSchema.Systems, AstroSchema.Stars WHERE StarID = 'mrp-4384' AND SystemName = InSystem));
INSERT INTO AstroSchema.AstroObjects VALUES ('cld-2937', 'Fauetera-A-4', 19144615715.8, 537.2);
INSERT INTO AstroSchema.Planets VALUES ('cld-2937', 'Sub-Earth', 'Puffy', (SELECT StarID FROM AstroSchema.Stars WHERE StarID = 'mrp-4384'), (SELECT GalaxyName FROM AstroSchema.Systems, AstroSchema.Stars WHERE StarID = 'mrp-4384' AND SystemName = InSystem));
INSERT INTO AstroSchema.AstroObjects VALUES ('ddw-5411', 'Fauetera-A-5', 29561641082.0, 298.5);
INSERT INTO AstroSchema.Planets VALUES ('ddw-5411', 'Sub-Earth', 'Desert', (SELECT StarID FROM AstroSchema.Stars WHERE StarID = 'mrp-4384'), (SELECT GalaxyName FROM AstroSchema.Systems, AstroSchema.Stars WHERE StarID = 'mrp-4384' AND SystemName = InSystem));
INSERT INTO AstroSchema.AstroObjects VALUES ('azi-3736', 'Fauetera-B', 363597108.5, 30336888.4);
INSERT INTO AstroSchema.Stars VALUES ('azi-3736', 'VI', 'Fauetera');
INSERT INTO AstroSchema.AstroObjects VALUES ('qnz-5390', 'Fauetera-B-0', 45590007085.6, 867.1);
INSERT INTO AstroSchema.Planets VALUES ('qnz-5390', 'Super-Jupiter', 'Coreless', (SELECT StarID FROM AstroSchema.Stars WHERE StarID = 'azi-3736'), (SELECT GalaxyName FROM AstroSchema.Systems, AstroSchema.Stars WHERE StarID = 'azi-3736' AND SystemName = InSystem));
INSERT INTO AstroSchema.Systems VALUES ('Vumm', 'Trinary', (SELECT GalaxyName FROM AstroSchema.Galaxies WHERE GalaxyName = 'Small Magellanic Cloud'), NULL);
INSERT INTO AstroSchema.AstroObjects VALUES ('xpv-2452', 'Vumm-A', 17222483989.6, 11479246.5);
INSERT INTO AstroSchema.Stars VALUES ('xpv-2452', 'V', 'Vumm');
INSERT INTO AstroSchema.AstroObjects VALUES ('flg-8610', 'Vumm-A-0', 36614529506.1, 281.5);
INSERT INTO AstroSchema.Planets VALUES ('flg-8610', 'Sub-Earth', 'Carbon', (SELECT StarID FROM AstroSchema.Stars WHERE StarID = 'xpv-2452'), (SELECT GalaxyName FROM AstroSchema.Systems, AstroSchema.Stars WHERE StarID = 'xpv-2452' AND SystemName = InSystem));
INSERT INTO AstroSchema.AstroObjects VALUES ('ouh-9595', 'Vumm-A-1', 35823273384.7, 444.6);
INSERT INTO AstroSchema.Planets VALUES ('ouh-9595', 'Sub-Earth', 'Silicate', (SELECT StarID FROM AstroSchema.Stars WHERE StarID = 'xpv-2452'), (SELECT GalaxyName FROM AstroSchema.Systems, AstroSchema.Stars WHERE StarID = 'xpv-2452' AND SystemName = InSystem));
INSERT INTO AstroSchema.AstroObjects VALUES ('ntu-8239', 'Vumm-A-2', 10023040497.0, 721.0);
INSERT INTO AstroSchema.Planets VALUES ('ntu-8239', 'Sub-Earth', 'Ocean', (SELECT StarID FROM AstroSchema.Stars WHERE StarID = 'xpv-2452'), (SELECT GalaxyName FROM AstroSchema.Systems, AstroSchema.Stars WHERE StarID = 'xpv-2452' AND SystemName = InSystem));
INSERT INTO AstroSchema.AstroObjects VALUES ('wjs-5330', 'Vumm-A-3', 6881244680.9, 406.9);
INSERT INTO AstroSchema.Planets VALUES ('wjs-5330', 'Mini-Neptune', 'Puffy', (SELECT StarID FROM AstroSchema.Stars WHERE StarID = 'xpv-2452'), (SELECT GalaxyName FROM AstroSchema.Systems, AstroSchema.Stars WHERE StarID = 'xpv-2452' AND SystemName = InSystem));
INSERT INTO AstroSchema.AstroObjects VALUES ('cup-1198', 'Vumm-A-4', 28857074680.1, 79.5);
INSERT INTO AstroSchema.Planets VALUES ('cup-1198', 'Sub-Earth', 'Hycean', (SELECT StarID FROM AstroSchema.Stars WHERE StarID = 'xpv-2452'), (SELECT GalaxyName FROM AstroSchema.Systems, AstroSchema.Stars WHERE StarID = 'xpv-2452' AND SystemName = InSystem));
INSERT INTO AstroSchema.AstroObjects VALUES ('tlx-4577', 'Vumm-B', 40811739222.5, 81295606.0);
INSERT INTO AstroSchema.Stars VALUES ('tlx-4577', 'III', 'Vumm');
INSERT INTO AstroSchema.AstroObjects VALUES ('pxe-2727', 'Vumm-B-0', 24686306067.3, 333.7);
INSERT INTO AstroSchema.Planets VALUES ('pxe-2727', 'Sub-Earth', 'Gas giant', (SELECT StarID FROM AstroSchema.Stars WHERE StarID = 'tlx-4577'), (SELECT GalaxyName FROM AstroSchema.Systems, AstroSchema.Stars WHERE StarID = 'tlx-4577' AND SystemName = InSystem));
INSERT INTO AstroSchema.AstroObjects VALUES ('mvs-4394', 'Vumm-B-1', 17232771837.6, 349.4);
INSERT INTO AstroSchema.Planets VALUES ('mvs-4394', 'Mini-Neptune', 'Coreless', (SELECT StarID FROM AstroSchema.Stars WHERE StarID = 'tlx-4577'), (SELECT GalaxyName FROM AstroSchema.Systems, AstroSchema.Stars WHERE StarID = 'tlx-4577' AND SystemName = InSystem));
INSERT INTO AstroSchema.AstroObjects VALUES ('tnh-4668', 'Vumm-B-2', 34339508623.1, 1041.4);
INSERT INTO AstroSchema.Planets VALUES ('tnh-4668', 'Super-Earth', 'Chtonian', (SELECT StarID FROM AstroSchema.Stars WHERE StarID = 'tlx-4577'), (SELECT GalaxyName FROM AstroSchema.Systems, AstroSchema.Stars WHERE StarID = 'tlx-4577' AND SystemName = InSystem));
INSERT INTO AstroSchema.AstroObjects VALUES ('lxo-2097', 'Vumm-C', 39819538185.6, 91372718.7);
INSERT INTO AstroSchema.Stars VALUES ('lxo-2097', 'IV', 'Vumm');
INSERT INTO AstroSchema.Systems VALUES ('Saraklis', 'Multiple', (SELECT GalaxyName FROM AstroSchema.Galaxies WHERE GalaxyName = 'IC 10'), (SELECT ConstellationName FROM AstroSchema.Galaxies WHERE GalaxyName = 'IC 10'));
INSERT INTO AstroSchema.AstroObjects VALUES ('uos-6153', 'Saraklis-A', 45921666320.3, 29727358.7);
INSERT INTO AstroSchema.Stars VALUES ('uos-6153', 'VI', 'Saraklis');
INSERT INTO AstroSchema.AstroObjects VALUES ('zte-6514', 'Saraklis-B', 26638608850.7, 28601356.0);
INSERT INTO AstroSchema.Stars VALUES ('zte-6514', 'III', 'Saraklis');
INSERT INTO AstroSchema.AstroObjects VALUES ('obv-1971', 'Saraklis-B-0', 8081400022.5, 997.5);
INSERT INTO AstroSchema.Planets VALUES ('obv-1971', 'Super-Jupiter', 'Ice', (SELECT StarID FROM AstroSchema.Stars WHERE StarID = 'zte-6514'), (SELECT GalaxyName FROM AstroSchema.Systems, AstroSchema.Stars WHERE StarID = 'zte-6514' AND SystemName = InSystem));
INSERT INTO AstroSchema.AstroObjects VALUES ('lma-9412', 'Saraklis-B-1', 32919442343.4, 1165.8);
INSERT INTO AstroSchema.Planets VALUES ('lma-9412', 'Mini-Neptune', 'Desert', (SELECT StarID FROM AstroSchema.Stars WHERE StarID = 'zte-6514'), (SELECT GalaxyName FROM AstroSchema.Systems, AstroSchema.Stars WHERE StarID = 'zte-6514' AND SystemName = InSystem));
INSERT INTO AstroSchema.AstroObjects VALUES ('erw-5615', 'Saraklis-B-2', 42501583082.0, 62.2);
INSERT INTO AstroSchema.Planets VALUES ('erw-5615', 'Ice Giant', 'Coreless', (SELECT StarID FROM AstroSchema.Stars WHERE StarID = 'zte-6514'), (SELECT GalaxyName FROM AstroSchema.Systems, AstroSchema.Stars WHERE StarID = 'zte-6514' AND SystemName = InSystem));
INSERT INTO AstroSchema.AstroObjects VALUES ('lsk-1810', 'Saraklis-B-3', 45724200919.7, 1434.0);
INSERT INTO AstroSchema.Planets VALUES ('lsk-1810', 'Sub-Earth', 'Gas giant', (SELECT StarID FROM AstroSchema.Stars WHERE StarID = 'zte-6514'), (SELECT GalaxyName FROM AstroSchema.Systems, AstroSchema.Stars WHERE StarID = 'zte-6514' AND SystemName = InSystem));
INSERT INTO AstroSchema.AstroObjects VALUES ('vji-4317', 'Saraklis-B-4', 7021420451.6, 501.4);
INSERT INTO AstroSchema.Planets VALUES ('vji-4317', 'Super-Earth', 'Coreless', (SELECT StarID FROM AstroSchema.Stars WHERE StarID = 'zte-6514'), (SELECT GalaxyName FROM AstroSchema.Systems, AstroSchema.Stars WHERE StarID = 'zte-6514' AND SystemName = InSystem));
INSERT INTO AstroSchema.AstroObjects VALUES ('uch-2079', 'Saraklis-B-5', 10372873465.5, 1297.8);
INSERT INTO AstroSchema.Planets VALUES ('uch-2079', 'Super-Jupiter', 'Gas dwarf', (SELECT StarID FROM AstroSchema.Stars WHERE StarID = 'zte-6514'), (SELECT GalaxyName FROM AstroSchema.Systems, AstroSchema.Stars WHERE StarID = 'zte-6514' AND SystemName = InSystem));
INSERT INTO AstroSchema.AstroObjects VALUES ('psy-6713', 'Saraklis-B-6', 11200843262.0, 540.3);
INSERT INTO AstroSchema.Planets VALUES ('psy-6713', 'Sub-Earth', 'Silicate', (SELECT StarID FROM AstroSchema.Stars WHERE StarID = 'zte-6514'), (SELECT GalaxyName FROM AstroSchema.Systems, AstroSchema.Stars WHERE StarID = 'zte-6514' AND SystemName = InSystem));
INSERT INTO AstroSchema.AstroObjects VALUES ('uua-3875', 'Saraklis-B-7', 21366506073.3, 545.0);
INSERT INTO AstroSchema.Planets VALUES ('uua-3875', 'Super-Jupiter', 'Puffy', (SELECT StarID FROM AstroSchema.Stars WHERE StarID = 'zte-6514'), (SELECT GalaxyName FROM AstroSchema.Systems, AstroSchema.Stars WHERE StarID = 'zte-6514' AND SystemName = InSystem));
INSERT INTO AstroSchema.AstroObjects VALUES ('nsu-7235', 'Saraklis-B-8', 44193430854.5, 514.5);
INSERT INTO AstroSchema.Planets VALUES ('nsu-7235', 'Ice Giant', 'Chtonian', (SELECT StarID FROM AstroSchema.Stars WHERE StarID = 'zte-6514'), (SELECT GalaxyName FROM AstroSchema.Systems, AstroSchema.Stars WHERE StarID = 'zte-6514' AND SystemName = InSystem));
INSERT INTO AstroSchema.AstroObjects VALUES ('nyb-7201', 'Saraklis-C', 21678575811.4, 97729685.7);
INSERT INTO AstroSchema.Stars VALUES ('nyb-7201', 'Ia-O', 'Saraklis');
INSERT INTO AstroSchema.AstroObjects VALUES ('bso-9829', 'Saraklis-C-0', 15123644376.1, 1262.5);
INSERT INTO AstroSchema.Planets VALUES ('bso-9829', 'Gas Giant', 'Helium', (SELECT StarID FROM AstroSchema.Stars WHERE StarID = 'nyb-7201'), (SELECT GalaxyName FROM AstroSchema.Systems, AstroSchema.Stars WHERE StarID = 'nyb-7201' AND SystemName = InSystem));
INSERT INTO AstroSchema.AstroObjects VALUES ('bqr-1207', 'Saraklis-C-1', 14435076603.6, 1347.2);
INSERT INTO AstroSchema.Planets VALUES ('bqr-1207', 'Gas Giant', 'Carbon', (SELECT StarID FROM AstroSchema.Stars WHERE StarID = 'nyb-7201'), (SELECT GalaxyName FROM AstroSchema.Systems, AstroSchema.Stars WHERE StarID = 'nyb-7201' AND SystemName = InSystem));
INSERT INTO AstroSchema.AstroObjects VALUES ('nei-7634', 'Saraklis-C-2', 31135918149.9, 1332.4);
INSERT INTO AstroSchema.Planets VALUES ('nei-7634', 'Super-Jupiter', 'Chtonian', (SELECT StarID FROM AstroSchema.Stars WHERE StarID = 'nyb-7201'), (SELECT GalaxyName FROM AstroSchema.Systems, AstroSchema.Stars WHERE StarID = 'nyb-7201' AND SystemName = InSystem));
INSERT INTO AstroSchema.AstroObjects VALUES ('xds-1538', 'Saraklis-C-3', 13929650348.5, 1184.4);
INSERT INTO AstroSchema.Planets VALUES ('xds-1538', 'Super-Earth', 'Protoplanet', (SELECT StarID FROM AstroSchema.Stars WHERE StarID = 'nyb-7201'), (SELECT GalaxyName FROM AstroSchema.Systems, AstroSchema.Stars WHERE StarID = 'nyb-7201' AND SystemName = InSystem));
INSERT INTO AstroSchema.AstroObjects VALUES ('kqv-9626', 'Saraklis-C-4', 10294120436.9, 337.0);
INSERT INTO AstroSchema.Planets VALUES ('kqv-9626', 'Ice Giant', 'Coreless', (SELECT StarID FROM AstroSchema.Stars WHERE StarID = 'nyb-7201'), (SELECT GalaxyName FROM AstroSchema.Systems, AstroSchema.Stars WHERE StarID = 'nyb-7201' AND SystemName = InSystem));
INSERT INTO AstroSchema.AstroObjects VALUES ('gfu-2422', 'Saraklis-C-5', 27512087893.4, 397.6);
INSERT INTO AstroSchema.Planets VALUES ('gfu-2422', 'Gas Giant', 'Terrestrial', (SELECT StarID FROM AstroSchema.Stars WHERE StarID = 'nyb-7201'), (SELECT GalaxyName FROM AstroSchema.Systems, AstroSchema.Stars WHERE StarID = 'nyb-7201' AND SystemName = InSystem));
INSERT INTO AstroSchema.AstroObjects VALUES ('ttp-8476', 'Saraklis-C-6', 28683492323.8, 767.6);
INSERT INTO AstroSchema.Planets VALUES ('ttp-8476', 'Sub-Earth', 'Protoplanet', (SELECT StarID FROM AstroSchema.Stars WHERE StarID = 'nyb-7201'), (SELECT GalaxyName FROM AstroSchema.Systems, AstroSchema.Stars WHERE StarID = 'nyb-7201' AND SystemName = InSystem));
INSERT INTO AstroSchema.AstroObjects VALUES ('mjq-2144', 'Saraklis-C-7', 32431051755.1, 471.3);
INSERT INTO AstroSchema.Planets VALUES ('mjq-2144', 'Super-Jupiter', 'Helium', (SELECT StarID FROM AstroSchema.Stars WHERE StarID = 'nyb-7201'), (SELECT GalaxyName FROM AstroSchema.Systems, AstroSchema.Stars WHERE StarID = 'nyb-7201' AND SystemName = InSystem));
INSERT INTO AstroSchema.AstroObjects VALUES ('fyk-6482', 'Saraklis-C-8', 30662381613.2, 1404.0);
INSERT INTO AstroSchema.Planets VALUES ('fyk-6482', 'Sub-Earth', 'Gas dwarf', (SELECT StarID FROM AstroSchema.Stars WHERE StarID = 'nyb-7201'), (SELECT GalaxyName FROM AstroSchema.Systems, AstroSchema.Stars WHERE StarID = 'nyb-7201' AND SystemName = InSystem));
INSERT INTO AstroSchema.AstroObjects VALUES ('udv-3722', 'Saraklis-D', 35920993426.8, 69489510.5);
INSERT INTO AstroSchema.Stars VALUES ('udv-3722', 'Ia', 'Saraklis');
INSERT INTO AstroSchema.AstroObjects VALUES ('amy-1462', 'Saraklis-E', 24353361425.3, 1933055.1);
INSERT INTO AstroSchema.Stars VALUES ('amy-1462', 'VI', 'Saraklis');
INSERT INTO AstroSchema.AstroObjects VALUES ('rtu-4180', 'Saraklis-F', 675470131.0, 17571092.1);
INSERT INTO AstroSchema.Stars VALUES ('rtu-4180', 'V', 'Saraklis');
INSERT INTO AstroSchema.AstroObjects VALUES ('ktx-3394', 'Saraklis-G', 25824055205.4, 39047772.0);
INSERT INTO AstroSchema.Stars VALUES ('ktx-3394', 'II', 'Saraklis');
INSERT INTO AstroSchema.AstroObjects VALUES ('ewn-4700', 'Saraklis-G-0', 37363976996.7, 432.5);
INSERT INTO AstroSchema.Planets VALUES ('ewn-4700', 'Mini-Neptune', 'Terrestrial', (SELECT StarID FROM AstroSchema.Stars WHERE StarID = 'ktx-3394'), (SELECT GalaxyName FROM AstroSchema.Systems, AstroSchema.Stars WHERE StarID = 'ktx-3394' AND SystemName = InSystem));
INSERT INTO AstroSchema.AstroObjects VALUES ('tgj-8531', 'Saraklis-G-1', 11010162524.3, 1164.0);
INSERT INTO AstroSchema.Planets VALUES ('tgj-8531', 'Super-Earth', 'Ice', (SELECT StarID FROM AstroSchema.Stars WHERE StarID = 'ktx-3394'), (SELECT GalaxyName FROM AstroSchema.Systems, AstroSchema.Stars WHERE StarID = 'ktx-3394' AND SystemName = InSystem));
INSERT INTO AstroSchema.AstroObjects VALUES ('hon-5393', 'Saraklis-G-2', 38569425172.3, 1042.6);
INSERT INTO AstroSchema.Planets VALUES ('hon-5393', 'Mini-Neptune', 'Gas dwarf', (SELECT StarID FROM AstroSchema.Stars WHERE StarID = 'ktx-3394'), (SELECT GalaxyName FROM AstroSchema.Systems, AstroSchema.Stars WHERE StarID = 'ktx-3394' AND SystemName = InSystem));
INSERT INTO AstroSchema.AstroObjects VALUES ('nyj-9257', 'Saraklis-G-3', 11874270452.7, 666.5);
INSERT INTO AstroSchema.Planets VALUES ('nyj-9257', 'Ice Giant', 'Carbon', (SELECT StarID FROM AstroSchema.Stars WHERE StarID = 'ktx-3394'), (SELECT GalaxyName FROM AstroSchema.Systems, AstroSchema.Stars WHERE StarID = 'ktx-3394' AND SystemName = InSystem));
INSERT INTO AstroSchema.AstroObjects VALUES ('kui-6560', 'Saraklis-G-4', 32344981956.2, 656.8);
INSERT INTO AstroSchema.Planets VALUES ('kui-6560', 'Super-Jupiter', 'Gas dwarf', (SELECT StarID FROM AstroSchema.Stars WHERE StarID = 'ktx-3394'), (SELECT GalaxyName FROM AstroSchema.Systems, AstroSchema.Stars WHERE StarID = 'ktx-3394' AND SystemName = InSystem));
INSERT INTO AstroSchema.Systems VALUES ('Ryl Somot', 'Binary', NULL, (SELECT ConstellationName FROM AstroSchema.Constellations WHERE ConstellationName = 'Chamaeleon'));
INSERT INTO AstroSchema.AstroObjects VALUES ('pwf-7382', 'Ryl Somot-A', 39696329994.5, 12829148.9);
INSERT INTO AstroSchema.Stars VALUES ('pwf-7382', 'VI', 'Ryl Somot');
INSERT INTO AstroSchema.AstroObjects VALUES ('nap-2346', 'Ryl Somot-A-0', 41989128847.0, 606.4);
INSERT INTO AstroSchema.Planets VALUES ('nap-2346', 'Mini-Neptune', 'Desert', (SELECT StarID FROM AstroSchema.Stars WHERE StarID = 'pwf-7382'), (SELECT GalaxyName FROM AstroSchema.Systems, AstroSchema.Stars WHERE StarID = 'pwf-7382' AND SystemName = InSystem));
INSERT INTO AstroSchema.AstroObjects VALUES ('ggp-6690', 'Ryl Somot-A-1', 19073393929.2, 151.7);
INSERT INTO AstroSchema.Planets VALUES ('ggp-6690', 'Ice Giant', 'Puffy', (SELECT StarID FROM AstroSchema.Stars WHERE StarID = 'pwf-7382'), (SELECT GalaxyName FROM AstroSchema.Systems, AstroSchema.Stars WHERE StarID = 'pwf-7382' AND SystemName = InSystem));
INSERT INTO AstroSchema.AstroObjects VALUES ('ziu-2178', 'Ryl Somot-A-2', 14466694435.1, 1328.3);
INSERT INTO AstroSchema.Planets VALUES ('ziu-2178', 'Sub-Earth', 'Helium', (SELECT StarID FROM AstroSchema.Stars WHERE StarID = 'pwf-7382'), (SELECT GalaxyName FROM AstroSchema.Systems, AstroSchema.Stars WHERE StarID = 'pwf-7382' AND SystemName = InSystem));
INSERT INTO AstroSchema.AstroObjects VALUES ('lwo-9807', 'Ryl Somot-A-3', 8668200592.9, 146.9);
INSERT INTO AstroSchema.Planets VALUES ('lwo-9807', 'Mini-Neptune', 'Ice', (SELECT StarID FROM AstroSchema.Stars WHERE StarID = 'pwf-7382'), (SELECT GalaxyName FROM AstroSchema.Systems, AstroSchema.Stars WHERE StarID = 'pwf-7382' AND SystemName = InSystem));
INSERT INTO AstroSchema.AstroObjects VALUES ('jcv-9597', 'Ryl Somot-A-4', 24413139249.6, 1362.0);
INSERT INTO AstroSchema.Planets VALUES ('jcv-9597', 'Sub-Earth', 'Hycean', (SELECT StarID FROM AstroSchema.Stars WHERE StarID = 'pwf-7382'), (SELECT GalaxyName FROM AstroSchema.Systems, AstroSchema.Stars WHERE StarID = 'pwf-7382' AND SystemName = InSystem));
INSERT INTO AstroSchema.AstroObjects VALUES ('xlb-3557', 'Ryl Somot-A-5', 26824959028.3, 138.2);
INSERT INTO AstroSchema.Planets VALUES ('xlb-3557', 'Sub-Earth', 'Coreless', (SELECT StarID FROM AstroSchema.Stars WHERE StarID = 'pwf-7382'), (SELECT GalaxyName FROM AstroSchema.Systems, AstroSchema.Stars WHERE StarID = 'pwf-7382' AND SystemName = InSystem));
INSERT INTO AstroSchema.AstroObjects VALUES ('yyz-3591', 'Ryl Somot-A-6', 33981219723.5, 328.8);
INSERT INTO AstroSchema.Planets VALUES ('yyz-3591', 'Sub-Earth', 'Ocean', (SELECT StarID FROM AstroSchema.Stars WHERE StarID = 'pwf-7382'), (SELECT GalaxyName FROM AstroSchema.Systems, AstroSchema.Stars WHERE StarID = 'pwf-7382' AND SystemName = InSystem));
INSERT INTO AstroSchema.AstroObjects VALUES ('hcb-3086', 'Ryl Somot-A-7', 13999414731.5, 86.1);
INSERT INTO AstroSchema.Planets VALUES ('hcb-3086', 'Mini-Neptune', 'Chtonian', (SELECT StarID FROM AstroSchema.Stars WHERE StarID = 'pwf-7382'), (SELECT GalaxyName FROM AstroSchema.Systems, AstroSchema.Stars WHERE StarID = 'pwf-7382' AND SystemName = InSystem));
INSERT INTO AstroSchema.AstroObjects VALUES ('wnd-4746', 'Ryl Somot-A-8', 13773260263.7, 338.2);
INSERT INTO AstroSchema.Planets VALUES ('wnd-4746', 'Gas Giant', 'Ice', (SELECT StarID FROM AstroSchema.Stars WHERE StarID = 'pwf-7382'), (SELECT GalaxyName FROM AstroSchema.Systems, AstroSchema.Stars WHERE StarID = 'pwf-7382' AND SystemName = InSystem));
INSERT INTO AstroSchema.AstroObjects VALUES ('gbv-3218', 'Ryl Somot-B', 28033066712.0, 2510790.3);
INSERT INTO AstroSchema.Stars VALUES ('gbv-3218', 'V', 'Ryl Somot');
INSERT INTO AstroSchema.Systems VALUES ('Raskamir', 'Binary', (SELECT GalaxyName FROM AstroSchema.Galaxies WHERE GalaxyName = 'Wolf-Lundmark-Melotte'), (SELECT ConstellationName FROM AstroSchema.Galaxies WHERE GalaxyName = 'Wolf-Lundmark-Melotte'));
INSERT INTO AstroSchema.AstroObjects VALUES ('cff-1517', 'Raskamir-A', 40516509202.0, 10071679.3);
INSERT INTO AstroSchema.Stars VALUES ('cff-1517', 'V', 'Raskamir');
INSERT INTO AstroSchema.AstroObjects VALUES ('pez-6949', 'Raskamir-A-0', 37952319068.6, 1210.4);
INSERT INTO AstroSchema.Planets VALUES ('pez-6949', 'Super-Jupiter', 'Carbon', (SELECT StarID FROM AstroSchema.Stars WHERE StarID = 'cff-1517'), (SELECT GalaxyName FROM AstroSchema.Systems, AstroSchema.Stars WHERE StarID = 'cff-1517' AND SystemName = InSystem));
INSERT INTO AstroSchema.AstroObjects VALUES ('aob-9323', 'Raskamir-A-1', 19467760529.3, 1144.6);
INSERT INTO AstroSchema.Planets VALUES ('aob-9323', 'Sub-Earth', 'Chtonian', (SELECT StarID FROM AstroSchema.Stars WHERE StarID = 'cff-1517'), (SELECT GalaxyName FROM AstroSchema.Systems, AstroSchema.Stars WHERE StarID = 'cff-1517' AND SystemName = InSystem));
INSERT INTO AstroSchema.AstroObjects VALUES ('ogc-3521', 'Raskamir-A-2', 2759871125.1, 1139.0);
INSERT INTO AstroSchema.Planets VALUES ('ogc-3521', 'Ice Giant', 'Desert', (SELECT StarID FROM AstroSchema.Stars WHERE StarID = 'cff-1517'), (SELECT GalaxyName FROM AstroSchema.Systems, AstroSchema.Stars WHERE StarID = 'cff-1517' AND SystemName = InSystem));
INSERT INTO AstroSchema.AstroObjects VALUES ('hpb-6321', 'Raskamir-A-3', 6649664827.5, 1040.1);
INSERT INTO AstroSchema.Planets VALUES ('hpb-6321', 'Mini-Neptune', 'Silicate', (SELECT StarID FROM AstroSchema.Stars WHERE StarID = 'cff-1517'), (SELECT GalaxyName FROM AstroSchema.Systems, AstroSchema.Stars WHERE StarID = 'cff-1517' AND SystemName = InSystem));
INSERT INTO AstroSchema.AstroObjects VALUES ('gga-1866', 'Raskamir-B', 35707791758.6, 70149590.3);
INSERT INTO AstroSchema.Stars VALUES ('gga-1866', 'IV', 'Raskamir');
INSERT INTO AstroSchema.Systems VALUES ('Calam', 'Mono', (SELECT GalaxyName FROM AstroSchema.Galaxies WHERE GalaxyName = 'Maffei 1'), NULL);
INSERT INTO AstroSchema.AstroObjects VALUES ('qbf-3121', 'Calam', 19868895955.1, 42887316.8);
INSERT INTO AstroSchema.Stars VALUES ('qbf-3121', 'Ia', 'Calam');
INSERT INTO AstroSchema.AstroObjects VALUES ('pfp-8760', 'Calam-0', 34561712468.3, 815.2);
INSERT INTO AstroSchema.Planets VALUES ('pfp-8760', 'Sub-Earth', 'Ice', (SELECT StarID FROM AstroSchema.Stars WHERE StarID = 'qbf-3121'), (SELECT GalaxyName FROM AstroSchema.Systems, AstroSchema.Stars WHERE StarID = 'qbf-3121' AND SystemName = InSystem));
INSERT INTO AstroSchema.Systems VALUES ('ArDoqd', 'Mono', (SELECT GalaxyName FROM AstroSchema.Galaxies WHERE GalaxyName = 'Barnards Galaxy'), NULL);
INSERT INTO AstroSchema.AstroObjects VALUES ('gcd-6457', 'ArDoqd', 396291068.6, 39100907.0);
INSERT INTO AstroSchema.Stars VALUES ('gcd-6457', 'Ib', 'ArDoqd');
INSERT INTO AstroSchema.AstroObjects VALUES ('cxh-6225', 'ArDoqd-0', 41169178338.9, 1250.5);
INSERT INTO AstroSchema.Planets VALUES ('cxh-6225', 'Super-Jupiter', 'Desert', (SELECT StarID FROM AstroSchema.Stars WHERE StarID = 'gcd-6457'), (SELECT GalaxyName FROM AstroSchema.Systems, AstroSchema.Stars WHERE StarID = 'gcd-6457' AND SystemName = InSystem));
INSERT INTO AstroSchema.AstroObjects VALUES ('qmb-7515', 'ArDoqd-1', 19056914480.1, 489.9);
INSERT INTO AstroSchema.Planets VALUES ('qmb-7515', 'Super-Earth', 'Protoplanet', (SELECT StarID FROM AstroSchema.Stars WHERE StarID = 'gcd-6457'), (SELECT GalaxyName FROM AstroSchema.Systems, AstroSchema.Stars WHERE StarID = 'gcd-6457' AND SystemName = InSystem));
INSERT INTO AstroSchema.Systems VALUES ('Mithar', 'Binary', (SELECT GalaxyName FROM AstroSchema.Galaxies WHERE GalaxyName = 'IC 1613'), NULL);
INSERT INTO AstroSchema.AstroObjects VALUES ('fni-4730', 'Mithar-A', 24560028441.9, 6703242.6);
INSERT INTO AstroSchema.Stars VALUES ('fni-4730', 'D', 'Mithar');
INSERT INTO AstroSchema.AstroObjects VALUES ('eef-6088', 'Mithar-B', 18774110168.4, 12356773.2);
INSERT INTO AstroSchema.Stars VALUES ('eef-6088', 'II', 'Mithar');
INSERT INTO AstroSchema.AstroObjects VALUES ('yep-8877', 'Mithar-B-0', 32059154456.1, 409.6);
INSERT INTO AstroSchema.Planets VALUES ('yep-8877', 'Super-Earth', 'Puffy', (SELECT StarID FROM AstroSchema.Stars WHERE StarID = 'eef-6088'), (SELECT GalaxyName FROM AstroSchema.Systems, AstroSchema.Stars WHERE StarID = 'eef-6088' AND SystemName = InSystem));
INSERT INTO AstroSchema.Systems VALUES ('Ijax', 'Mono', (SELECT GalaxyName FROM AstroSchema.Galaxies WHERE GalaxyName = 'NGC 185'), (SELECT ConstellationName FROM AstroSchema.Galaxies WHERE GalaxyName = 'NGC 185'));
INSERT INTO AstroSchema.AstroObjects VALUES ('ddb-4545', 'Ijax', 32435279661.6, 14564295.0);
INSERT INTO AstroSchema.Stars VALUES ('ddb-4545', 'IV', 'Ijax');
INSERT INTO AstroSchema.AstroObjects VALUES ('dvu-9024', 'Ijax-0', 43790315071.0, 575.5);
INSERT INTO AstroSchema.Planets VALUES ('dvu-9024', 'Ice Giant', 'Ice', (SELECT StarID FROM AstroSchema.Stars WHERE StarID = 'ddb-4545'), (SELECT GalaxyName FROM AstroSchema.Systems, AstroSchema.Stars WHERE StarID = 'ddb-4545' AND SystemName = InSystem));
INSERT INTO AstroSchema.AstroObjects VALUES ('kjg-3606', 'Ijax-1', 9801759091.4, 337.0);
INSERT INTO AstroSchema.Planets VALUES ('kjg-3606', 'Super-Earth', 'Coreless', (SELECT StarID FROM AstroSchema.Stars WHERE StarID = 'ddb-4545'), (SELECT GalaxyName FROM AstroSchema.Systems, AstroSchema.Stars WHERE StarID = 'ddb-4545' AND SystemName = InSystem));
INSERT INTO AstroSchema.AstroObjects VALUES ('pjd-9705', 'Ijax-2', 37445374762.9, 381.6);
INSERT INTO AstroSchema.Planets VALUES ('pjd-9705', 'Super-Jupiter', 'Coreless', (SELECT StarID FROM AstroSchema.Stars WHERE StarID = 'ddb-4545'), (SELECT GalaxyName FROM AstroSchema.Systems, AstroSchema.Stars WHERE StarID = 'ddb-4545' AND SystemName = InSystem));
INSERT INTO AstroSchema.AstroObjects VALUES ('yct-6901', 'Ijax-3', 23852532250.6, 1467.8);
INSERT INTO AstroSchema.Planets VALUES ('yct-6901', 'Ice Giant', 'Gas dwarf', (SELECT StarID FROM AstroSchema.Stars WHERE StarID = 'ddb-4545'), (SELECT GalaxyName FROM AstroSchema.Systems, AstroSchema.Stars WHERE StarID = 'ddb-4545' AND SystemName = InSystem));
INSERT INTO AstroSchema.AstroObjects VALUES ('pgf-5378', 'Ijax-4', 18584995128.5, 1481.0);
INSERT INTO AstroSchema.Planets VALUES ('pgf-5378', 'Gas Giant', 'Desert', (SELECT StarID FROM AstroSchema.Stars WHERE StarID = 'ddb-4545'), (SELECT GalaxyName FROM AstroSchema.Systems, AstroSchema.Stars WHERE StarID = 'ddb-4545' AND SystemName = InSystem));
INSERT INTO AstroSchema.AstroObjects VALUES ('amq-1034', 'Ijax-5', 19747389521.7, 115.7);
INSERT INTO AstroSchema.Planets VALUES ('amq-1034', 'Gas Giant', 'Ice', (SELECT StarID FROM AstroSchema.Stars WHERE StarID = 'ddb-4545'), (SELECT GalaxyName FROM AstroSchema.Systems, AstroSchema.Stars WHERE StarID = 'ddb-4545' AND SystemName = InSystem));
INSERT INTO AstroSchema.AstroObjects VALUES ('inl-8990', 'Ijax-6', 20723800537.8, 1208.0);
INSERT INTO AstroSchema.Planets VALUES ('inl-8990', 'Gas Giant', 'Desert', (SELECT StarID FROM AstroSchema.Stars WHERE StarID = 'ddb-4545'), (SELECT GalaxyName FROM AstroSchema.Systems, AstroSchema.Stars WHERE StarID = 'ddb-4545' AND SystemName = InSystem));
INSERT INTO AstroSchema.Systems VALUES ('Aruz', 'Mono', (SELECT GalaxyName FROM AstroSchema.Galaxies WHERE GalaxyName = 'Maffei 2'), NULL);
INSERT INTO AstroSchema.AstroObjects VALUES ('srj-7489', 'Aruz', 1152559595.2, 908760.8);
INSERT INTO AstroSchema.Stars VALUES ('srj-7489', 'D', 'Aruz');
INSERT INTO AstroSchema.Systems VALUES ('Qurus', 'Binary', (SELECT GalaxyName FROM AstroSchema.Galaxies WHERE GalaxyName = 'Segue 1'), (SELECT ConstellationName FROM AstroSchema.Galaxies WHERE GalaxyName = 'Segue 1'));
INSERT INTO AstroSchema.AstroObjects VALUES ('bhe-3353', 'Qurus-A', 15091256929.6, 46190619.4);
INSERT INTO AstroSchema.Stars VALUES ('bhe-3353', 'V', 'Qurus');
INSERT INTO AstroSchema.AstroObjects VALUES ('lxd-6093', 'Qurus-A-0', 11210775801.6, 940.5);
INSERT INTO AstroSchema.Planets VALUES ('lxd-6093', 'Super-Earth', 'Chtonian', (SELECT StarID FROM AstroSchema.Stars WHERE StarID = 'bhe-3353'), (SELECT GalaxyName FROM AstroSchema.Systems, AstroSchema.Stars WHERE StarID = 'bhe-3353' AND SystemName = InSystem));
INSERT INTO AstroSchema.AstroObjects VALUES ('tfp-4937', 'Qurus-B', 28553871244.7, 10265682.9);
INSERT INTO AstroSchema.Stars VALUES ('tfp-4937', 'Ia-O', 'Qurus');
INSERT INTO AstroSchema.AstroObjects VALUES ('azm-4429', 'Qurus-B-0', 2918611168.1, 1219.4);
INSERT INTO AstroSchema.Planets VALUES ('azm-4429', 'Ice Giant', 'Puffy', (SELECT StarID FROM AstroSchema.Stars WHERE StarID = 'tfp-4937'), (SELECT GalaxyName FROM AstroSchema.Systems, AstroSchema.Stars WHERE StarID = 'tfp-4937' AND SystemName = InSystem));
INSERT INTO AstroSchema.AstroObjects VALUES ('bqq-6979', 'Qurus-B-1', 32303001940.8, 860.0);
INSERT INTO AstroSchema.Planets VALUES ('bqq-6979', 'Ice Giant', 'Gas giant', (SELECT StarID FROM AstroSchema.Stars WHERE StarID = 'tfp-4937'), (SELECT GalaxyName FROM AstroSchema.Systems, AstroSchema.Stars WHERE StarID = 'tfp-4937' AND SystemName = InSystem));
INSERT INTO AstroSchema.AstroObjects VALUES ('cee-9892', 'Qurus-B-2', 8304241016.7, 864.1);
INSERT INTO AstroSchema.Planets VALUES ('cee-9892', 'Super-Earth', 'Silicate', (SELECT StarID FROM AstroSchema.Stars WHERE StarID = 'tfp-4937'), (SELECT GalaxyName FROM AstroSchema.Systems, AstroSchema.Stars WHERE StarID = 'tfp-4937' AND SystemName = InSystem));
INSERT INTO AstroSchema.Systems VALUES ('Hark', 'Trinary', (SELECT GalaxyName FROM AstroSchema.Galaxies WHERE GalaxyName = 'Barnards Galaxy'), (SELECT ConstellationName FROM AstroSchema.Galaxies WHERE GalaxyName = 'Barnards Galaxy'));
INSERT INTO AstroSchema.AstroObjects VALUES ('fep-8623', 'Hark-A', 30994161226.5, 428516.5);
INSERT INTO AstroSchema.Stars VALUES ('fep-8623', 'V', 'Hark');
INSERT INTO AstroSchema.AstroObjects VALUES ('pol-2529', 'Hark-A-0', 2682549447.7, 103.9);
INSERT INTO AstroSchema.Planets VALUES ('pol-2529', 'Mini-Neptune', 'Hycean', (SELECT StarID FROM AstroSchema.Stars WHERE StarID = 'fep-8623'), (SELECT GalaxyName FROM AstroSchema.Systems, AstroSchema.Stars WHERE StarID = 'fep-8623' AND SystemName = InSystem));
INSERT INTO AstroSchema.AstroObjects VALUES ('mvz-3782', 'Hark-A-1', 10036319803.6, 1344.7);
INSERT INTO AstroSchema.Planets VALUES ('mvz-3782', 'Mini-Neptune', 'Ocean', (SELECT StarID FROM AstroSchema.Stars WHERE StarID = 'fep-8623'), (SELECT GalaxyName FROM AstroSchema.Systems, AstroSchema.Stars WHERE StarID = 'fep-8623' AND SystemName = InSystem));
INSERT INTO AstroSchema.AstroObjects VALUES ('amj-3067', 'Hark-B', 23563509709.1, 86760489.1);
INSERT INTO AstroSchema.Stars VALUES ('amj-3067', 'D', 'Hark');
INSERT INTO AstroSchema.AstroObjects VALUES ('bwe-1811', 'Hark-B-0', 22011662401.2, 390.6);
INSERT INTO AstroSchema.Planets VALUES ('bwe-1811', 'Super-Earth', 'Coreless', (SELECT StarID FROM AstroSchema.Stars WHERE StarID = 'amj-3067'), (SELECT GalaxyName FROM AstroSchema.Systems, AstroSchema.Stars WHERE StarID = 'amj-3067' AND SystemName = InSystem));
INSERT INTO AstroSchema.AstroObjects VALUES ('mrp-9063', 'Hark-B-1', 14795932359.4, 1366.2);
INSERT INTO AstroSchema.Planets VALUES ('mrp-9063', 'Gas Giant', 'Hycean', (SELECT StarID FROM AstroSchema.Stars WHERE StarID = 'amj-3067'), (SELECT GalaxyName FROM AstroSchema.Systems, AstroSchema.Stars WHERE StarID = 'amj-3067' AND SystemName = InSystem));
INSERT INTO AstroSchema.AstroObjects VALUES ('bgk-1466', 'Hark-B-2', 26710660431.6, 301.1);
INSERT INTO AstroSchema.Planets VALUES ('bgk-1466', 'Sub-Earth', 'Ice', (SELECT StarID FROM AstroSchema.Stars WHERE StarID = 'amj-3067'), (SELECT GalaxyName FROM AstroSchema.Systems, AstroSchema.Stars WHERE StarID = 'amj-3067' AND SystemName = InSystem));
INSERT INTO AstroSchema.AstroObjects VALUES ('kip-3968', 'Hark-C', 9119222617.4, 88414399.2);
INSERT INTO AstroSchema.Stars VALUES ('kip-3968', 'VI', 'Hark');
INSERT INTO AstroSchema.AstroObjects VALUES ('fjc-5010', 'Hark-C-0', 18422297501.3, 978.0);
INSERT INTO AstroSchema.Planets VALUES ('fjc-5010', 'Gas Giant', 'Gas dwarf', (SELECT StarID FROM AstroSchema.Stars WHERE StarID = 'kip-3968'), (SELECT GalaxyName FROM AstroSchema.Systems, AstroSchema.Stars WHERE StarID = 'kip-3968' AND SystemName = InSystem));
INSERT INTO AstroSchema.Systems VALUES ('Evfrippe', 'Binary', (SELECT GalaxyName FROM AstroSchema.Galaxies WHERE GalaxyName = 'Barnards Galaxy'), NULL);
INSERT INTO AstroSchema.AstroObjects VALUES ('rwo-3378', 'Evfrippe-A', 29018230359.7, 21224650.3);
INSERT INTO AstroSchema.Stars VALUES ('rwo-3378', 'Ia-O', 'Evfrippe');
INSERT INTO AstroSchema.AstroObjects VALUES ('wvt-5627', 'Evfrippe-A-0', 13433925271.8, 81.9);
INSERT INTO AstroSchema.Planets VALUES ('wvt-5627', 'Sub-Earth', 'Ice', (SELECT StarID FROM AstroSchema.Stars WHERE StarID = 'rwo-3378'), (SELECT GalaxyName FROM AstroSchema.Systems, AstroSchema.Stars WHERE StarID = 'rwo-3378' AND SystemName = InSystem));
INSERT INTO AstroSchema.AstroObjects VALUES ('lap-2078', 'Evfrippe-A-1', 14207703025.2, 1057.9);
INSERT INTO AstroSchema.Planets VALUES ('lap-2078', 'Super-Jupiter', 'Hycean', (SELECT StarID FROM AstroSchema.Stars WHERE StarID = 'rwo-3378'), (SELECT GalaxyName FROM AstroSchema.Systems, AstroSchema.Stars WHERE StarID = 'rwo-3378' AND SystemName = InSystem));
INSERT INTO AstroSchema.AstroObjects VALUES ('eav-6052', 'Evfrippe-A-2', 40480468633.1, 1399.4);
INSERT INTO AstroSchema.Planets VALUES ('eav-6052', 'Sub-Earth', 'Ice', (SELECT StarID FROM AstroSchema.Stars WHERE StarID = 'rwo-3378'), (SELECT GalaxyName FROM AstroSchema.Systems, AstroSchema.Stars WHERE StarID = 'rwo-3378' AND SystemName = InSystem));
INSERT INTO AstroSchema.AstroObjects VALUES ('oox-2021', 'Evfrippe-A-3', 8463931819.3, 834.6);
INSERT INTO AstroSchema.Planets VALUES ('oox-2021', 'Gas Giant', 'Puffy', (SELECT StarID FROM AstroSchema.Stars WHERE StarID = 'rwo-3378'), (SELECT GalaxyName FROM AstroSchema.Systems, AstroSchema.Stars WHERE StarID = 'rwo-3378' AND SystemName = InSystem));
INSERT INTO AstroSchema.AstroObjects VALUES ('agn-8344', 'Evfrippe-A-4', 43691436779.2, 654.3);
INSERT INTO AstroSchema.Planets VALUES ('agn-8344', 'Sub-Earth', 'Hycean', (SELECT StarID FROM AstroSchema.Stars WHERE StarID = 'rwo-3378'), (SELECT GalaxyName FROM AstroSchema.Systems, AstroSchema.Stars WHERE StarID = 'rwo-3378' AND SystemName = InSystem));
INSERT INTO AstroSchema.AstroObjects VALUES ('esx-1411', 'Evfrippe-A-5', 16433174024.1, 1180.1);
INSERT INTO AstroSchema.Planets VALUES ('esx-1411', 'Sub-Earth', 'Gas dwarf', (SELECT StarID FROM AstroSchema.Stars WHERE StarID = 'rwo-3378'), (SELECT GalaxyName FROM AstroSchema.Systems, AstroSchema.Stars WHERE StarID = 'rwo-3378' AND SystemName = InSystem));
INSERT INTO AstroSchema.AstroObjects VALUES ('and-6197', 'Evfrippe-A-6', 18009446848.8, 950.1);
INSERT INTO AstroSchema.Planets VALUES ('and-6197', 'Ice Giant', 'Silicate', (SELECT StarID FROM AstroSchema.Stars WHERE StarID = 'rwo-3378'), (SELECT GalaxyName FROM AstroSchema.Systems, AstroSchema.Stars WHERE StarID = 'rwo-3378' AND SystemName = InSystem));
INSERT INTO AstroSchema.AstroObjects VALUES ('yll-3624', 'Evfrippe-A-7', 27498890989.1, 969.5);
INSERT INTO AstroSchema.Planets VALUES ('yll-3624', 'Ice Giant', 'Carbon', (SELECT StarID FROM AstroSchema.Stars WHERE StarID = 'rwo-3378'), (SELECT GalaxyName FROM AstroSchema.Systems, AstroSchema.Stars WHERE StarID = 'rwo-3378' AND SystemName = InSystem));
INSERT INTO AstroSchema.AstroObjects VALUES ('hbb-3060', 'Evfrippe-A-8', 42764815082.9, 741.4);
INSERT INTO AstroSchema.Planets VALUES ('hbb-3060', 'Super-Jupiter', 'Ice', (SELECT StarID FROM AstroSchema.Stars WHERE StarID = 'rwo-3378'), (SELECT GalaxyName FROM AstroSchema.Systems, AstroSchema.Stars WHERE StarID = 'rwo-3378' AND SystemName = InSystem));
INSERT INTO AstroSchema.AstroObjects VALUES ('wvb-4244', 'Evfrippe-B', 27177465878.5, 775215.8);
INSERT INTO AstroSchema.Stars VALUES ('wvb-4244', 'III', 'Evfrippe');
INSERT INTO AstroSchema.Systems VALUES ('Hixam', 'Trinary', (SELECT GalaxyName FROM AstroSchema.Galaxies WHERE GalaxyName = 'NGC 147'), (SELECT ConstellationName FROM AstroSchema.Galaxies WHERE GalaxyName = 'NGC 147'));
INSERT INTO AstroSchema.AstroObjects VALUES ('dok-5621', 'Hixam-A', 18238456867.0, 65836284.8);
INSERT INTO AstroSchema.Stars VALUES ('dok-5621', 'Ib', 'Hixam');
INSERT INTO AstroSchema.AstroObjects VALUES ('yfc-7163', 'Hixam-A-0', 37616386431.2, 966.5);
INSERT INTO AstroSchema.Planets VALUES ('yfc-7163', 'Ice Giant', 'Gas dwarf', (SELECT StarID FROM AstroSchema.Stars WHERE StarID = 'dok-5621'), (SELECT GalaxyName FROM AstroSchema.Systems, AstroSchema.Stars WHERE StarID = 'dok-5621' AND SystemName = InSystem));
INSERT INTO AstroSchema.AstroObjects VALUES ('qrc-1506', 'Hixam-B', 33178957389.0, 23130755.8);
INSERT INTO AstroSchema.Stars VALUES ('qrc-1506', 'Ib', 'Hixam');
INSERT INTO AstroSchema.AstroObjects VALUES ('dug-1120', 'Hixam-C', 2562231781.5, 23109186.9);
INSERT INTO AstroSchema.Stars VALUES ('dug-1120', 'II', 'Hixam');
INSERT INTO AstroSchema.AstroObjects VALUES ('yvy-9232', 'Hixam-C-0', 5967569885.3, 899.9);
INSERT INTO AstroSchema.Planets VALUES ('yvy-9232', 'Sub-Earth', 'Hycean', (SELECT StarID FROM AstroSchema.Stars WHERE StarID = 'dug-1120'), (SELECT GalaxyName FROM AstroSchema.Systems, AstroSchema.Stars WHERE StarID = 'dug-1120' AND SystemName = InSystem));
INSERT INTO AstroSchema.AstroObjects VALUES ('tlv-1881', 'Hixam-C-1', 34592235830.4, 342.2);
INSERT INTO AstroSchema.Planets VALUES ('tlv-1881', 'Gas Giant', 'Ocean', (SELECT StarID FROM AstroSchema.Stars WHERE StarID = 'dug-1120'), (SELECT GalaxyName FROM AstroSchema.Systems, AstroSchema.Stars WHERE StarID = 'dug-1120' AND SystemName = InSystem));
INSERT INTO AstroSchema.Systems VALUES ('Ansoulom', 'Multiple', (SELECT GalaxyName FROM AstroSchema.Galaxies WHERE GalaxyName = 'Maffei 2'), (SELECT ConstellationName FROM AstroSchema.Galaxies WHERE GalaxyName = 'Maffei 2'));
INSERT INTO AstroSchema.AstroObjects VALUES ('iqi-2323', 'Ansoulom-A', 12008504613.5, 63776360.7);
INSERT INTO AstroSchema.Stars VALUES ('iqi-2323', 'III', 'Ansoulom');
INSERT INTO AstroSchema.AstroObjects VALUES ('rms-7020', 'Ansoulom-A-0', 34970817387.9, 785.3);
INSERT INTO AstroSchema.Planets VALUES ('rms-7020', 'Mini-Neptune', 'Ice', (SELECT StarID FROM AstroSchema.Stars WHERE StarID = 'iqi-2323'), (SELECT GalaxyName FROM AstroSchema.Systems, AstroSchema.Stars WHERE StarID = 'iqi-2323' AND SystemName = InSystem));
INSERT INTO AstroSchema.AstroObjects VALUES ('hms-5848', 'Ansoulom-A-1', 4249580284.0, 615.5);
INSERT INTO AstroSchema.Planets VALUES ('hms-5848', 'Super-Jupiter', 'Helium', (SELECT StarID FROM AstroSchema.Stars WHERE StarID = 'iqi-2323'), (SELECT GalaxyName FROM AstroSchema.Systems, AstroSchema.Stars WHERE StarID = 'iqi-2323' AND SystemName = InSystem));
INSERT INTO AstroSchema.AstroObjects VALUES ('jds-7036', 'Ansoulom-A-2', 42125164181.3, 1043.5);
INSERT INTO AstroSchema.Planets VALUES ('jds-7036', 'Super-Jupiter', 'Protoplanet', (SELECT StarID FROM AstroSchema.Stars WHERE StarID = 'iqi-2323'), (SELECT GalaxyName FROM AstroSchema.Systems, AstroSchema.Stars WHERE StarID = 'iqi-2323' AND SystemName = InSystem));
INSERT INTO AstroSchema.AstroObjects VALUES ('nye-1951', 'Ansoulom-A-3', 22812146065.8, 1450.1);
INSERT INTO AstroSchema.Planets VALUES ('nye-1951', 'Super-Earth', 'Hycean', (SELECT StarID FROM AstroSchema.Stars WHERE StarID = 'iqi-2323'), (SELECT GalaxyName FROM AstroSchema.Systems, AstroSchema.Stars WHERE StarID = 'iqi-2323' AND SystemName = InSystem));
INSERT INTO AstroSchema.AstroObjects VALUES ('evr-6412', 'Ansoulom-A-4', 7435008884.6, 1175.5);
INSERT INTO AstroSchema.Planets VALUES ('evr-6412', 'Ice Giant', 'Ocean', (SELECT StarID FROM AstroSchema.Stars WHERE StarID = 'iqi-2323'), (SELECT GalaxyName FROM AstroSchema.Systems, AstroSchema.Stars WHERE StarID = 'iqi-2323' AND SystemName = InSystem));
INSERT INTO AstroSchema.AstroObjects VALUES ('opr-4986', 'Ansoulom-A-5', 26024278995.4, 831.7);
INSERT INTO AstroSchema.Planets VALUES ('opr-4986', 'Gas Giant', 'Ocean', (SELECT StarID FROM AstroSchema.Stars WHERE StarID = 'iqi-2323'), (SELECT GalaxyName FROM AstroSchema.Systems, AstroSchema.Stars WHERE StarID = 'iqi-2323' AND SystemName = InSystem));
INSERT INTO AstroSchema.AstroObjects VALUES ('rdo-3944', 'Ansoulom-A-6', 37189662857.8, 464.2);
INSERT INTO AstroSchema.Planets VALUES ('rdo-3944', 'Gas Giant', 'Chtonian', (SELECT StarID FROM AstroSchema.Stars WHERE StarID = 'iqi-2323'), (SELECT GalaxyName FROM AstroSchema.Systems, AstroSchema.Stars WHERE StarID = 'iqi-2323' AND SystemName = InSystem));
INSERT INTO AstroSchema.AstroObjects VALUES ('tda-8842', 'Ansoulom-A-7', 39091318009.5, 676.6);
INSERT INTO AstroSchema.Planets VALUES ('tda-8842', 'Super-Jupiter', 'Protoplanet', (SELECT StarID FROM AstroSchema.Stars WHERE StarID = 'iqi-2323'), (SELECT GalaxyName FROM AstroSchema.Systems, AstroSchema.Stars WHERE StarID = 'iqi-2323' AND SystemName = InSystem));
INSERT INTO AstroSchema.AstroObjects VALUES ('bwy-5908', 'Ansoulom-A-8', 8495717391.4, 810.8);
INSERT INTO AstroSchema.Planets VALUES ('bwy-5908', 'Mini-Neptune', 'Helium', (SELECT StarID FROM AstroSchema.Stars WHERE StarID = 'iqi-2323'), (SELECT GalaxyName FROM AstroSchema.Systems, AstroSchema.Stars WHERE StarID = 'iqi-2323' AND SystemName = InSystem));
INSERT INTO AstroSchema.AstroObjects VALUES ('ioe-7005', 'Ansoulom-A-9', 3028602969.1, 1233.2);
INSERT INTO AstroSchema.Planets VALUES ('ioe-7005', 'Gas Giant', 'Coreless', (SELECT StarID FROM AstroSchema.Stars WHERE StarID = 'iqi-2323'), (SELECT GalaxyName FROM AstroSchema.Systems, AstroSchema.Stars WHERE StarID = 'iqi-2323' AND SystemName = InSystem));
INSERT INTO AstroSchema.AstroObjects VALUES ('ylg-7832', 'Ansoulom-B', 28688610108.1, 38091026.8);
INSERT INTO AstroSchema.Stars VALUES ('ylg-7832', 'IV', 'Ansoulom');
INSERT INTO AstroSchema.Systems VALUES ('Situla', 'Quaternary', (SELECT GalaxyName FROM AstroSchema.Galaxies WHERE GalaxyName = 'NGC 185'), (SELECT ConstellationName FROM AstroSchema.Galaxies WHERE GalaxyName = 'NGC 185'));
INSERT INTO AstroSchema.AstroObjects VALUES ('nhi-5399', 'Situla-A', 35292396496.4, 67015635.5);
INSERT INTO AstroSchema.Stars VALUES ('nhi-5399', 'VI', 'Situla');
INSERT INTO AstroSchema.AstroObjects VALUES ('lxv-4842', 'Situla-A-0', 18588080829.2, 686.8);
INSERT INTO AstroSchema.Planets VALUES ('lxv-4842', 'Gas Giant', 'Hycean', (SELECT StarID FROM AstroSchema.Stars WHERE StarID = 'nhi-5399'), (SELECT GalaxyName FROM AstroSchema.Systems, AstroSchema.Stars WHERE StarID = 'nhi-5399' AND SystemName = InSystem));
INSERT INTO AstroSchema.AstroObjects VALUES ('qtf-7085', 'Situla-B', 23804370481.8, 52382291.5);
INSERT INTO AstroSchema.Stars VALUES ('qtf-7085', 'III', 'Situla');
INSERT INTO AstroSchema.AstroObjects VALUES ('haa-2611', 'Situla-B-0', 25036523768.9, 1278.9);
INSERT INTO AstroSchema.Planets VALUES ('haa-2611', 'Ice Giant', 'Coreless', (SELECT StarID FROM AstroSchema.Stars WHERE StarID = 'qtf-7085'), (SELECT GalaxyName FROM AstroSchema.Systems, AstroSchema.Stars WHERE StarID = 'qtf-7085' AND SystemName = InSystem));
INSERT INTO AstroSchema.AstroObjects VALUES ('rac-2141', 'Situla-B-1', 14367232398.5, 641.5);
INSERT INTO AstroSchema.Planets VALUES ('rac-2141', 'Sub-Earth', 'Hycean', (SELECT StarID FROM AstroSchema.Stars WHERE StarID = 'qtf-7085'), (SELECT GalaxyName FROM AstroSchema.Systems, AstroSchema.Stars WHERE StarID = 'qtf-7085' AND SystemName = InSystem));
INSERT INTO AstroSchema.AstroObjects VALUES ('jhw-1957', 'Situla-C', 12591783797.3, 85367120.5);
INSERT INTO AstroSchema.Stars VALUES ('jhw-1957', 'Ib', 'Situla');
INSERT INTO AstroSchema.AstroObjects VALUES ('jhk-5686', 'Situla-C-0', 42793320990.0, 856.0);
INSERT INTO AstroSchema.Planets VALUES ('jhk-5686', 'Sub-Earth', 'Silicate', (SELECT StarID FROM AstroSchema.Stars WHERE StarID = 'jhw-1957'), (SELECT GalaxyName FROM AstroSchema.Systems, AstroSchema.Stars WHERE StarID = 'jhw-1957' AND SystemName = InSystem));
INSERT INTO AstroSchema.AstroObjects VALUES ('lnw-8453', 'Situla-D', 21298626609.6, 47011720.8);
INSERT INTO AstroSchema.Stars VALUES ('lnw-8453', 'Ia-O', 'Situla');
INSERT INTO AstroSchema.Systems VALUES ('Sharku', 'Mono', (SELECT GalaxyName FROM AstroSchema.Galaxies WHERE GalaxyName = 'Messier 110'), (SELECT ConstellationName FROM AstroSchema.Galaxies WHERE GalaxyName = 'Messier 110'));
INSERT INTO AstroSchema.AstroObjects VALUES ('bku-3879', 'Sharku', 45760837669.0, 52510317.0);
INSERT INTO AstroSchema.Stars VALUES ('bku-3879', 'D', 'Sharku');
INSERT INTO AstroSchema.AstroObjects VALUES ('yra-9499', 'Sharku-0', 17579652717.4, 826.2);
INSERT INTO AstroSchema.Planets VALUES ('yra-9499', 'Mini-Neptune', 'Silicate', (SELECT StarID FROM AstroSchema.Stars WHERE StarID = 'bku-3879'), (SELECT GalaxyName FROM AstroSchema.Systems, AstroSchema.Stars WHERE StarID = 'bku-3879' AND SystemName = InSystem));
INSERT INTO AstroSchema.AstroObjects VALUES ('oqm-5762', 'Sharku-1', 5234267573.6, 661.5);
INSERT INTO AstroSchema.Planets VALUES ('oqm-5762', 'Ice Giant', 'Gas giant', (SELECT StarID FROM AstroSchema.Stars WHERE StarID = 'bku-3879'), (SELECT GalaxyName FROM AstroSchema.Systems, AstroSchema.Stars WHERE StarID = 'bku-3879' AND SystemName = InSystem));
INSERT INTO AstroSchema.AstroObjects VALUES ('qte-7778', 'Sharku-2', 28971899200.2, 541.6);
INSERT INTO AstroSchema.Planets VALUES ('qte-7778', 'Gas Giant', 'Coreless', (SELECT StarID FROM AstroSchema.Stars WHERE StarID = 'bku-3879'), (SELECT GalaxyName FROM AstroSchema.Systems, AstroSchema.Stars WHERE StarID = 'bku-3879' AND SystemName = InSystem));
INSERT INTO AstroSchema.AstroObjects VALUES ('ufw-3868', 'Sharku-3', 11422380993.1, 651.5);
INSERT INTO AstroSchema.Planets VALUES ('ufw-3868', 'Sub-Earth', 'Ocean', (SELECT StarID FROM AstroSchema.Stars WHERE StarID = 'bku-3879'), (SELECT GalaxyName FROM AstroSchema.Systems, AstroSchema.Stars WHERE StarID = 'bku-3879' AND SystemName = InSystem));
INSERT INTO AstroSchema.AstroObjects VALUES ('dzc-9499', 'Sharku-4', 6199025549.7, 66.3);
INSERT INTO AstroSchema.Planets VALUES ('dzc-9499', 'Super-Jupiter', 'Coreless', (SELECT StarID FROM AstroSchema.Stars WHERE StarID = 'bku-3879'), (SELECT GalaxyName FROM AstroSchema.Systems, AstroSchema.Stars WHERE StarID = 'bku-3879' AND SystemName = InSystem));
INSERT INTO AstroSchema.AstroObjects VALUES ('vti-6640', 'Sharku-5', 18880041135.2, 376.9);
INSERT INTO AstroSchema.Planets VALUES ('vti-6640', 'Ice Giant', 'Ocean', (SELECT StarID FROM AstroSchema.Stars WHERE StarID = 'bku-3879'), (SELECT GalaxyName FROM AstroSchema.Systems, AstroSchema.Stars WHERE StarID = 'bku-3879' AND SystemName = InSystem));
INSERT INTO AstroSchema.AstroObjects VALUES ('jqf-5557', 'Sharku-6', 1688936178.3, 1255.4);
INSERT INTO AstroSchema.Planets VALUES ('jqf-5557', 'Super-Jupiter', 'Chtonian', (SELECT StarID FROM AstroSchema.Stars WHERE StarID = 'bku-3879'), (SELECT GalaxyName FROM AstroSchema.Systems, AstroSchema.Stars WHERE StarID = 'bku-3879' AND SystemName = InSystem));
INSERT INTO AstroSchema.Systems VALUES ('Delta Cephei', 'Binary', (SELECT GalaxyName FROM AstroSchema.Galaxies WHERE GalaxyName = 'Leo II'), (SELECT ConstellationName FROM AstroSchema.Galaxies WHERE GalaxyName = 'Leo II'));
INSERT INTO AstroSchema.AstroObjects VALUES ('kxy-2346', 'Delta Cephei-A', 8580627410.3, 78460395.2);
INSERT INTO AstroSchema.Stars VALUES ('kxy-2346', 'Ia', 'Delta Cephei');
INSERT INTO AstroSchema.AstroObjects VALUES ('zne-9159', 'Delta Cephei-A-0', 22527139352.8, 919.6);
INSERT INTO AstroSchema.Planets VALUES ('zne-9159', 'Super-Earth', 'Carbon', (SELECT StarID FROM AstroSchema.Stars WHERE StarID = 'kxy-2346'), (SELECT GalaxyName FROM AstroSchema.Systems, AstroSchema.Stars WHERE StarID = 'kxy-2346' AND SystemName = InSystem));
INSERT INTO AstroSchema.AstroObjects VALUES ('fqa-5643', 'Delta Cephei-B', 36217038220.0, 63787910.0);
INSERT INTO AstroSchema.Stars VALUES ('fqa-5643', 'Ib', 'Delta Cephei');
INSERT INTO AstroSchema.AstroObjects VALUES ('kxm-1105', 'Delta Cephei-B-0', 42254398332.4, 15.9);
INSERT INTO AstroSchema.Planets VALUES ('kxm-1105', 'Super-Earth', 'Gas dwarf', (SELECT StarID FROM AstroSchema.Stars WHERE StarID = 'fqa-5643'), (SELECT GalaxyName FROM AstroSchema.Systems, AstroSchema.Stars WHERE StarID = 'fqa-5643' AND SystemName = InSystem));
INSERT INTO AstroSchema.AstroObjects VALUES ('yyv-9206', 'Delta Cephei-B-1', 34738668075.8, 1205.0);
INSERT INTO AstroSchema.Planets VALUES ('yyv-9206', 'Mini-Neptune', 'Gas dwarf', (SELECT StarID FROM AstroSchema.Stars WHERE StarID = 'fqa-5643'), (SELECT GalaxyName FROM AstroSchema.Systems, AstroSchema.Stars WHERE StarID = 'fqa-5643' AND SystemName = InSystem));
INSERT INTO AstroSchema.Systems VALUES ('Wollaeus', 'Binary', (SELECT GalaxyName FROM AstroSchema.Galaxies WHERE GalaxyName = 'Sextans A'), (SELECT ConstellationName FROM AstroSchema.Galaxies WHERE GalaxyName = 'Sextans A'));
INSERT INTO AstroSchema.AstroObjects VALUES ('krh-7877', 'Wollaeus-A', 44867792147.4, 68893631.5);
INSERT INTO AstroSchema.Stars VALUES ('krh-7877', 'IV', 'Wollaeus');
INSERT INTO AstroSchema.AstroObjects VALUES ('ubn-6366', 'Wollaeus-B', 25943482958.7, 93635580.9);
INSERT INTO AstroSchema.Stars VALUES ('ubn-6366', 'Ia', 'Wollaeus');
INSERT INTO AstroSchema.Systems VALUES ('Derellis', 'Binary', (SELECT GalaxyName FROM AstroSchema.Galaxies WHERE GalaxyName = 'IC 10'), (SELECT ConstellationName FROM AstroSchema.Galaxies WHERE GalaxyName = 'IC 10'));
INSERT INTO AstroSchema.AstroObjects VALUES ('doz-9947', 'Derellis-A', 1118666884.1, 53010826.2);
INSERT INTO AstroSchema.Stars VALUES ('doz-9947', 'II', 'Derellis');
INSERT INTO AstroSchema.AstroObjects VALUES ('crc-3469', 'Derellis-A-0', 42053909397.4, 863.3);
INSERT INTO AstroSchema.Planets VALUES ('crc-3469', 'Super-Jupiter', 'Ice', (SELECT StarID FROM AstroSchema.Stars WHERE StarID = 'doz-9947'), (SELECT GalaxyName FROM AstroSchema.Systems, AstroSchema.Stars WHERE StarID = 'doz-9947' AND SystemName = InSystem));
INSERT INTO AstroSchema.AstroObjects VALUES ('did-3270', 'Derellis-A-1', 30030295867.3, 195.0);
INSERT INTO AstroSchema.Planets VALUES ('did-3270', 'Ice Giant', 'Hycean', (SELECT StarID FROM AstroSchema.Stars WHERE StarID = 'doz-9947'), (SELECT GalaxyName FROM AstroSchema.Systems, AstroSchema.Stars WHERE StarID = 'doz-9947' AND SystemName = InSystem));
INSERT INTO AstroSchema.AstroObjects VALUES ('xeu-6354', 'Derellis-A-2', 7090404589.4, 1234.6);
INSERT INTO AstroSchema.Planets VALUES ('xeu-6354', 'Mini-Neptune', 'Coreless', (SELECT StarID FROM AstroSchema.Stars WHERE StarID = 'doz-9947'), (SELECT GalaxyName FROM AstroSchema.Systems, AstroSchema.Stars WHERE StarID = 'doz-9947' AND SystemName = InSystem));
INSERT INTO AstroSchema.AstroObjects VALUES ('nod-6251', 'Derellis-A-3', 40533172497.6, 868.8);
INSERT INTO AstroSchema.Planets VALUES ('nod-6251', 'Super-Jupiter', 'Gas dwarf', (SELECT StarID FROM AstroSchema.Stars WHERE StarID = 'doz-9947'), (SELECT GalaxyName FROM AstroSchema.Systems, AstroSchema.Stars WHERE StarID = 'doz-9947' AND SystemName = InSystem));
INSERT INTO AstroSchema.AstroObjects VALUES ('men-7141', 'Derellis-A-4', 36015239429.5, 306.4);
INSERT INTO AstroSchema.Planets VALUES ('men-7141', 'Super-Jupiter', 'Protoplanet', (SELECT StarID FROM AstroSchema.Stars WHERE StarID = 'doz-9947'), (SELECT GalaxyName FROM AstroSchema.Systems, AstroSchema.Stars WHERE StarID = 'doz-9947' AND SystemName = InSystem));
INSERT INTO AstroSchema.AstroObjects VALUES ('bgy-2664', 'Derellis-A-5', 5510474181.1, 1058.5);
INSERT INTO AstroSchema.Planets VALUES ('bgy-2664', 'Ice Giant', 'Coreless', (SELECT StarID FROM AstroSchema.Stars WHERE StarID = 'doz-9947'), (SELECT GalaxyName FROM AstroSchema.Systems, AstroSchema.Stars WHERE StarID = 'doz-9947' AND SystemName = InSystem));
INSERT INTO AstroSchema.AstroObjects VALUES ('rrg-9031', 'Derellis-A-6', 9352287250.2, 1408.3);
INSERT INTO AstroSchema.Planets VALUES ('rrg-9031', 'Super-Jupiter', 'Puffy', (SELECT StarID FROM AstroSchema.Stars WHERE StarID = 'doz-9947'), (SELECT GalaxyName FROM AstroSchema.Systems, AstroSchema.Stars WHERE StarID = 'doz-9947' AND SystemName = InSystem));
INSERT INTO AstroSchema.AstroObjects VALUES ('fqu-2765', 'Derellis-A-7', 1977858388.0, 1036.8);
INSERT INTO AstroSchema.Planets VALUES ('fqu-2765', 'Ice Giant', 'Puffy', (SELECT StarID FROM AstroSchema.Stars WHERE StarID = 'doz-9947'), (SELECT GalaxyName FROM AstroSchema.Systems, AstroSchema.Stars WHERE StarID = 'doz-9947' AND SystemName = InSystem));
INSERT INTO AstroSchema.AstroObjects VALUES ('use-5151', 'Derellis-A-8', 20726323561.2, 496.1);
INSERT INTO AstroSchema.Planets VALUES ('use-5151', 'Super-Earth', 'Desert', (SELECT StarID FROM AstroSchema.Stars WHERE StarID = 'doz-9947'), (SELECT GalaxyName FROM AstroSchema.Systems, AstroSchema.Stars WHERE StarID = 'doz-9947' AND SystemName = InSystem));
INSERT INTO AstroSchema.AstroObjects VALUES ('bwj-2189', 'Derellis-A-9', 18436048612.9, 1236.4);
INSERT INTO AstroSchema.Planets VALUES ('bwj-2189', 'Mini-Neptune', 'Carbon', (SELECT StarID FROM AstroSchema.Stars WHERE StarID = 'doz-9947'), (SELECT GalaxyName FROM AstroSchema.Systems, AstroSchema.Stars WHERE StarID = 'doz-9947' AND SystemName = InSystem));
INSERT INTO AstroSchema.AstroObjects VALUES ('fjc-5059', 'Derellis-B', 11678291912.3, 84008709.8);
INSERT INTO AstroSchema.Stars VALUES ('fjc-5059', 'VI', 'Derellis');
INSERT INTO AstroSchema.AstroObjects VALUES ('xke-6419', 'Derellis-B-0', 31008941088.9, 2.0);
INSERT INTO AstroSchema.Planets VALUES ('xke-6419', 'Super-Earth', 'Desert', (SELECT StarID FROM AstroSchema.Stars WHERE StarID = 'fjc-5059'), (SELECT GalaxyName FROM AstroSchema.Systems, AstroSchema.Stars WHERE StarID = 'fjc-5059' AND SystemName = InSystem));
INSERT INTO AstroSchema.AstroObjects VALUES ('tws-4239', 'Derellis-B-1', 8596475815.1, 259.6);
INSERT INTO AstroSchema.Planets VALUES ('tws-4239', 'Gas Giant', 'Puffy', (SELECT StarID FROM AstroSchema.Stars WHERE StarID = 'fjc-5059'), (SELECT GalaxyName FROM AstroSchema.Systems, AstroSchema.Stars WHERE StarID = 'fjc-5059' AND SystemName = InSystem));
INSERT INTO AstroSchema.AstroObjects VALUES ('cqn-1050', 'Derellis-B-2', 27119875294.6, 883.8);
INSERT INTO AstroSchema.Planets VALUES ('cqn-1050', 'Gas Giant', 'Gas dwarf', (SELECT StarID FROM AstroSchema.Stars WHERE StarID = 'fjc-5059'), (SELECT GalaxyName FROM AstroSchema.Systems, AstroSchema.Stars WHERE StarID = 'fjc-5059' AND SystemName = InSystem));
INSERT INTO AstroSchema.Systems VALUES ('Firin Malba', 'Binary', (SELECT GalaxyName FROM AstroSchema.Galaxies WHERE GalaxyName = 'Small Magellanic Cloud'), NULL);
INSERT INTO AstroSchema.AstroObjects VALUES ('ozz-8919', 'Firin Malba-A', 649487401.9, 94648698.0);
INSERT INTO AstroSchema.Stars VALUES ('ozz-8919', 'Ia-O', 'Firin Malba');
INSERT INTO AstroSchema.AstroObjects VALUES ('frc-5978', 'Firin Malba-B', 44376172893.7, 79474106.2);
INSERT INTO AstroSchema.Stars VALUES ('frc-5978', 'VI', 'Firin Malba');
INSERT INTO AstroSchema.Systems VALUES ('Enberg', 'Mono', (SELECT GalaxyName FROM AstroSchema.Galaxies WHERE GalaxyName = 'Milky Way'), NULL);
INSERT INTO AstroSchema.AstroObjects VALUES ('ypd-1001', 'Enberg', 7165555727.5, 12736748.0);
INSERT INTO AstroSchema.Stars VALUES ('ypd-1001', 'II', 'Enberg');
INSERT INTO AstroSchema.AstroObjects VALUES ('cnz-5257', 'Enberg-0', 25446559272.7, 912.4);
INSERT INTO AstroSchema.Planets VALUES ('cnz-5257', 'Gas Giant', 'Chtonian', (SELECT StarID FROM AstroSchema.Stars WHERE StarID = 'ypd-1001'), (SELECT GalaxyName FROM AstroSchema.Systems, AstroSchema.Stars WHERE StarID = 'ypd-1001' AND SystemName = InSystem));
INSERT INTO AstroSchema.AstroObjects VALUES ('vuv-7117', 'Enberg-1', 24139400958.1, 1447.1);
INSERT INTO AstroSchema.Planets VALUES ('vuv-7117', 'Gas Giant', 'Desert', (SELECT StarID FROM AstroSchema.Stars WHERE StarID = 'ypd-1001'), (SELECT GalaxyName FROM AstroSchema.Systems, AstroSchema.Stars WHERE StarID = 'ypd-1001' AND SystemName = InSystem));
INSERT INTO AstroSchema.Systems VALUES ('Katz', 'Trinary', (SELECT GalaxyName FROM AstroSchema.Galaxies WHERE GalaxyName = 'IC 1613'), (SELECT ConstellationName FROM AstroSchema.Galaxies WHERE GalaxyName = 'IC 1613'));
INSERT INTO AstroSchema.AstroObjects VALUES ('zvh-6528', 'Katz-A', 19615846410.8, 40802662.9);
INSERT INTO AstroSchema.Stars VALUES ('zvh-6528', 'Ib', 'Katz');
INSERT INTO AstroSchema.AstroObjects VALUES ('xxw-2024', 'Katz-A-0', 1464356917.2, 1156.5);
INSERT INTO AstroSchema.Planets VALUES ('xxw-2024', 'Mini-Neptune', 'Coreless', (SELECT StarID FROM AstroSchema.Stars WHERE StarID = 'zvh-6528'), (SELECT GalaxyName FROM AstroSchema.Systems, AstroSchema.Stars WHERE StarID = 'zvh-6528' AND SystemName = InSystem));
INSERT INTO AstroSchema.AstroObjects VALUES ('bna-5464', 'Katz-A-1', 21411279253.5, 40.3);
INSERT INTO AstroSchema.Planets VALUES ('bna-5464', 'Ice Giant', 'Helium', (SELECT StarID FROM AstroSchema.Stars WHERE StarID = 'zvh-6528'), (SELECT GalaxyName FROM AstroSchema.Systems, AstroSchema.Stars WHERE StarID = 'zvh-6528' AND SystemName = InSystem));
INSERT INTO AstroSchema.AstroObjects VALUES ('rck-4060', 'Katz-A-2', 1380042100.4, 610.0);
INSERT INTO AstroSchema.Planets VALUES ('rck-4060', 'Super-Jupiter', 'Desert', (SELECT StarID FROM AstroSchema.Stars WHERE StarID = 'zvh-6528'), (SELECT GalaxyName FROM AstroSchema.Systems, AstroSchema.Stars WHERE StarID = 'zvh-6528' AND SystemName = InSystem));
INSERT INTO AstroSchema.AstroObjects VALUES ('abx-1840', 'Katz-A-3', 30715275329.0, 152.4);
INSERT INTO AstroSchema.Planets VALUES ('abx-1840', 'Super-Jupiter', 'Chtonian', (SELECT StarID FROM AstroSchema.Stars WHERE StarID = 'zvh-6528'), (SELECT GalaxyName FROM AstroSchema.Systems, AstroSchema.Stars WHERE StarID = 'zvh-6528' AND SystemName = InSystem));
INSERT INTO AstroSchema.AstroObjects VALUES ('gqm-1894', 'Katz-B', 42265467693.2, 25182130.8);
INSERT INTO AstroSchema.Stars VALUES ('gqm-1894', 'Ia-O', 'Katz');
INSERT INTO AstroSchema.AstroObjects VALUES ('esa-8675', 'Katz-C', 27656736860.7, 46450125.2);
INSERT INTO AstroSchema.Stars VALUES ('esa-8675', 'D', 'Katz');
INSERT INTO AstroSchema.AstroObjects VALUES ('sgn-8829', 'Katz-C-0', 37798819538.5, 1482.1);
INSERT INTO AstroSchema.Planets VALUES ('sgn-8829', 'Super-Earth', 'Gas giant', (SELECT StarID FROM AstroSchema.Stars WHERE StarID = 'esa-8675'), (SELECT GalaxyName FROM AstroSchema.Systems, AstroSchema.Stars WHERE StarID = 'esa-8675' AND SystemName = InSystem));
INSERT INTO AstroSchema.AstroObjects VALUES ('bnx-2931', 'Katz-C-1', 12458852068.0, 530.9);
INSERT INTO AstroSchema.Planets VALUES ('bnx-2931', 'Ice Giant', 'Protoplanet', (SELECT StarID FROM AstroSchema.Stars WHERE StarID = 'esa-8675'), (SELECT GalaxyName FROM AstroSchema.Systems, AstroSchema.Stars WHERE StarID = 'esa-8675' AND SystemName = InSystem));
INSERT INTO AstroSchema.AstroObjects VALUES ('dek-9607', 'Katz-C-2', 24102190954.9, 861.9);
INSERT INTO AstroSchema.Planets VALUES ('dek-9607', 'Super-Earth', 'Puffy', (SELECT StarID FROM AstroSchema.Stars WHERE StarID = 'esa-8675'), (SELECT GalaxyName FROM AstroSchema.Systems, AstroSchema.Stars WHERE StarID = 'esa-8675' AND SystemName = InSystem));
INSERT INTO AstroSchema.AstroObjects VALUES ('ynz-5117', 'Katz-C-3', 12162305171.2, 697.8);
INSERT INTO AstroSchema.Planets VALUES ('ynz-5117', 'Super-Earth', 'Desert', (SELECT StarID FROM AstroSchema.Stars WHERE StarID = 'esa-8675'), (SELECT GalaxyName FROM AstroSchema.Systems, AstroSchema.Stars WHERE StarID = 'esa-8675' AND SystemName = InSystem));
INSERT INTO AstroSchema.AstroObjects VALUES ('xga-4490', 'Katz-C-4', 14767846217.4, 204.0);
INSERT INTO AstroSchema.Planets VALUES ('xga-4490', 'Mini-Neptune', 'Puffy', (SELECT StarID FROM AstroSchema.Stars WHERE StarID = 'esa-8675'), (SELECT GalaxyName FROM AstroSchema.Systems, AstroSchema.Stars WHERE StarID = 'esa-8675' AND SystemName = InSystem));
INSERT INTO AstroSchema.AstroObjects VALUES ('rcn-5133', 'Katz-C-5', 13752163211.9, 382.3);
INSERT INTO AstroSchema.Planets VALUES ('rcn-5133', 'Mini-Neptune', 'Puffy', (SELECT StarID FROM AstroSchema.Stars WHERE StarID = 'esa-8675'), (SELECT GalaxyName FROM AstroSchema.Systems, AstroSchema.Stars WHERE StarID = 'esa-8675' AND SystemName = InSystem));
INSERT INTO AstroSchema.AstroObjects VALUES ('nva-3042', 'Katz-C-6', 42254559451.1, 639.8);
INSERT INTO AstroSchema.Planets VALUES ('nva-3042', 'Ice Giant', 'Ice', (SELECT StarID FROM AstroSchema.Stars WHERE StarID = 'esa-8675'), (SELECT GalaxyName FROM AstroSchema.Systems, AstroSchema.Stars WHERE StarID = 'esa-8675' AND SystemName = InSystem));
INSERT INTO AstroSchema.AstroObjects VALUES ('iil-8310', 'Katz-C-7', 14654021924.2, 1365.1);
INSERT INTO AstroSchema.Planets VALUES ('iil-8310', 'Super-Jupiter', 'Silicate', (SELECT StarID FROM AstroSchema.Stars WHERE StarID = 'esa-8675'), (SELECT GalaxyName FROM AstroSchema.Systems, AstroSchema.Stars WHERE StarID = 'esa-8675' AND SystemName = InSystem));
INSERT INTO AstroSchema.Systems VALUES ('Merope', 'Binary', (SELECT GalaxyName FROM AstroSchema.Galaxies WHERE GalaxyName = 'Sextans A'), (SELECT ConstellationName FROM AstroSchema.Galaxies WHERE GalaxyName = 'Sextans A'));
INSERT INTO AstroSchema.AstroObjects VALUES ('rly-6883', 'Merope-A', 28268584050.6, 64443265.0);
INSERT INTO AstroSchema.Stars VALUES ('rly-6883', 'III', 'Merope');
INSERT INTO AstroSchema.AstroObjects VALUES ('txz-1452', 'Merope-A-0', 6556797885.7, 578.1);
INSERT INTO AstroSchema.Planets VALUES ('txz-1452', 'Super-Earth', 'Carbon', (SELECT StarID FROM AstroSchema.Stars WHERE StarID = 'rly-6883'), (SELECT GalaxyName FROM AstroSchema.Systems, AstroSchema.Stars WHERE StarID = 'rly-6883' AND SystemName = InSystem));
INSERT INTO AstroSchema.AstroObjects VALUES ('xbd-7155', 'Merope-A-1', 7061941605.7, 1303.1);
INSERT INTO AstroSchema.Planets VALUES ('xbd-7155', 'Super-Jupiter', 'Hycean', (SELECT StarID FROM AstroSchema.Stars WHERE StarID = 'rly-6883'), (SELECT GalaxyName FROM AstroSchema.Systems, AstroSchema.Stars WHERE StarID = 'rly-6883' AND SystemName = InSystem));
INSERT INTO AstroSchema.AstroObjects VALUES ('ttr-6141', 'Merope-A-2', 41623775938.8, 242.7);
INSERT INTO AstroSchema.Planets VALUES ('ttr-6141', 'Mini-Neptune', 'Ocean', (SELECT StarID FROM AstroSchema.Stars WHERE StarID = 'rly-6883'), (SELECT GalaxyName FROM AstroSchema.Systems, AstroSchema.Stars WHERE StarID = 'rly-6883' AND SystemName = InSystem));
INSERT INTO AstroSchema.AstroObjects VALUES ('axd-4857', 'Merope-A-3', 44445071699.6, 771.5);
INSERT INTO AstroSchema.Planets VALUES ('axd-4857', 'Super-Earth', 'Carbon', (SELECT StarID FROM AstroSchema.Stars WHERE StarID = 'rly-6883'), (SELECT GalaxyName FROM AstroSchema.Systems, AstroSchema.Stars WHERE StarID = 'rly-6883' AND SystemName = InSystem));
INSERT INTO AstroSchema.AstroObjects VALUES ('xcs-3026', 'Merope-A-4', 39610903998.0, 772.7);
INSERT INTO AstroSchema.Planets VALUES ('xcs-3026', 'Super-Jupiter', 'Carbon', (SELECT StarID FROM AstroSchema.Stars WHERE StarID = 'rly-6883'), (SELECT GalaxyName FROM AstroSchema.Systems, AstroSchema.Stars WHERE StarID = 'rly-6883' AND SystemName = InSystem));
INSERT INTO AstroSchema.AstroObjects VALUES ('cyn-9493', 'Merope-A-5', 40773032968.4, 79.7);
INSERT INTO AstroSchema.Planets VALUES ('cyn-9493', 'Mini-Neptune', 'Ocean', (SELECT StarID FROM AstroSchema.Stars WHERE StarID = 'rly-6883'), (SELECT GalaxyName FROM AstroSchema.Systems, AstroSchema.Stars WHERE StarID = 'rly-6883' AND SystemName = InSystem));
INSERT INTO AstroSchema.AstroObjects VALUES ('xch-1328', 'Merope-A-6', 152737474.7, 1082.5);
INSERT INTO AstroSchema.Planets VALUES ('xch-1328', 'Super-Earth', 'Chtonian', (SELECT StarID FROM AstroSchema.Stars WHERE StarID = 'rly-6883'), (SELECT GalaxyName FROM AstroSchema.Systems, AstroSchema.Stars WHERE StarID = 'rly-6883' AND SystemName = InSystem));
INSERT INTO AstroSchema.AstroObjects VALUES ('doi-6114', 'Merope-A-7', 1136855127.6, 749.2);
INSERT INTO AstroSchema.Planets VALUES ('doi-6114', 'Gas Giant', 'Gas dwarf', (SELECT StarID FROM AstroSchema.Stars WHERE StarID = 'rly-6883'), (SELECT GalaxyName FROM AstroSchema.Systems, AstroSchema.Stars WHERE StarID = 'rly-6883' AND SystemName = InSystem));
INSERT INTO AstroSchema.AstroObjects VALUES ('sjz-9642', 'Merope-A-8', 34076209331.8, 1049.8);
INSERT INTO AstroSchema.Planets VALUES ('sjz-9642', 'Super-Earth', 'Chtonian', (SELECT StarID FROM AstroSchema.Stars WHERE StarID = 'rly-6883'), (SELECT GalaxyName FROM AstroSchema.Systems, AstroSchema.Stars WHERE StarID = 'rly-6883' AND SystemName = InSystem));
INSERT INTO AstroSchema.AstroObjects VALUES ('iwf-1507', 'Merope-B', 27376946784.2, 89296105.5);
INSERT INTO AstroSchema.Stars VALUES ('iwf-1507', 'Ib', 'Merope');
INSERT INTO AstroSchema.AstroObjects VALUES ('hcd-7300', 'Merope-B-0', 14741516129.3, 1321.1);
INSERT INTO AstroSchema.Planets VALUES ('hcd-7300', 'Gas Giant', 'Helium', (SELECT StarID FROM AstroSchema.Stars WHERE StarID = 'iwf-1507'), (SELECT GalaxyName FROM AstroSchema.Systems, AstroSchema.Stars WHERE StarID = 'iwf-1507' AND SystemName = InSystem));
INSERT INTO AstroSchema.Systems VALUES ('Obrium', 'Binary', NULL, (SELECT ConstellationName FROM AstroSchema.Constellations WHERE ConstellationName = 'Dorado'));
INSERT INTO AstroSchema.AstroObjects VALUES ('vym-7367', 'Obrium-A', 9043914425.2, 35976899.4);
INSERT INTO AstroSchema.Stars VALUES ('vym-7367', 'II', 'Obrium');
INSERT INTO AstroSchema.AstroObjects VALUES ('qlg-1905', 'Obrium-A-0', 32431916761.7, 596.9);
INSERT INTO AstroSchema.Planets VALUES ('qlg-1905', 'Mini-Neptune', 'Desert', (SELECT StarID FROM AstroSchema.Stars WHERE StarID = 'vym-7367'), (SELECT GalaxyName FROM AstroSchema.Systems, AstroSchema.Stars WHERE StarID = 'vym-7367' AND SystemName = InSystem));
INSERT INTO AstroSchema.AstroObjects VALUES ('qer-8271', 'Obrium-A-1', 30244857147.9, 402.3);
INSERT INTO AstroSchema.Planets VALUES ('qer-8271', 'Ice Giant', 'Desert', (SELECT StarID FROM AstroSchema.Stars WHERE StarID = 'vym-7367'), (SELECT GalaxyName FROM AstroSchema.Systems, AstroSchema.Stars WHERE StarID = 'vym-7367' AND SystemName = InSystem));
INSERT INTO AstroSchema.AstroObjects VALUES ('xkj-5880', 'Obrium-A-2', 24928985668.7, 166.5);
INSERT INTO AstroSchema.Planets VALUES ('xkj-5880', 'Mini-Neptune', 'Puffy', (SELECT StarID FROM AstroSchema.Stars WHERE StarID = 'vym-7367'), (SELECT GalaxyName FROM AstroSchema.Systems, AstroSchema.Stars WHERE StarID = 'vym-7367' AND SystemName = InSystem));
INSERT INTO AstroSchema.AstroObjects VALUES ('uwt-7157', 'Obrium-A-3', 11562406480.9, 538.1);
INSERT INTO AstroSchema.Planets VALUES ('uwt-7157', 'Gas Giant', 'Coreless', (SELECT StarID FROM AstroSchema.Stars WHERE StarID = 'vym-7367'), (SELECT GalaxyName FROM AstroSchema.Systems, AstroSchema.Stars WHERE StarID = 'vym-7367' AND SystemName = InSystem));
INSERT INTO AstroSchema.AstroObjects VALUES ('nue-9339', 'Obrium-A-4', 37389679487.2, 1401.4);
INSERT INTO AstroSchema.Planets VALUES ('nue-9339', 'Mini-Neptune', 'Ice', (SELECT StarID FROM AstroSchema.Stars WHERE StarID = 'vym-7367'), (SELECT GalaxyName FROM AstroSchema.Systems, AstroSchema.Stars WHERE StarID = 'vym-7367' AND SystemName = InSystem));
INSERT INTO AstroSchema.AstroObjects VALUES ('vre-4976', 'Obrium-A-5', 44949809396.7, 1343.7);
INSERT INTO AstroSchema.Planets VALUES ('vre-4976', 'Super-Earth', 'Coreless', (SELECT StarID FROM AstroSchema.Stars WHERE StarID = 'vym-7367'), (SELECT GalaxyName FROM AstroSchema.Systems, AstroSchema.Stars WHERE StarID = 'vym-7367' AND SystemName = InSystem));
INSERT INTO AstroSchema.AstroObjects VALUES ('flr-4951', 'Obrium-B', 16635512051.6, 63595762.3);
INSERT INTO AstroSchema.Stars VALUES ('flr-4951', 'IV', 'Obrium');
INSERT INTO AstroSchema.AstroObjects VALUES ('ukn-7502', 'Obrium-B-0', 17241849064.9, 583.2);
INSERT INTO AstroSchema.Planets VALUES ('ukn-7502', 'Mini-Neptune', 'Silicate', (SELECT StarID FROM AstroSchema.Stars WHERE StarID = 'flr-4951'), (SELECT GalaxyName FROM AstroSchema.Systems, AstroSchema.Stars WHERE StarID = 'flr-4951' AND SystemName = InSystem));
INSERT INTO AstroSchema.AstroObjects VALUES ('pzo-9840', 'Obrium-B-1', 16806844750.1, 297.2);
INSERT INTO AstroSchema.Planets VALUES ('pzo-9840', 'Sub-Earth', 'Carbon', (SELECT StarID FROM AstroSchema.Stars WHERE StarID = 'flr-4951'), (SELECT GalaxyName FROM AstroSchema.Systems, AstroSchema.Stars WHERE StarID = 'flr-4951' AND SystemName = InSystem));
INSERT INTO AstroSchema.AstroObjects VALUES ('akt-2691', 'Obrium-B-2', 34196492956.2, 1202.8);
INSERT INTO AstroSchema.Planets VALUES ('akt-2691', 'Sub-Earth', 'Puffy', (SELECT StarID FROM AstroSchema.Stars WHERE StarID = 'flr-4951'), (SELECT GalaxyName FROM AstroSchema.Systems, AstroSchema.Stars WHERE StarID = 'flr-4951' AND SystemName = InSystem));
INSERT INTO AstroSchema.AstroObjects VALUES ('gcj-8281', 'Obrium-B-3', 3889261732.2, 931.5);
INSERT INTO AstroSchema.Planets VALUES ('gcj-8281', 'Super-Earth', 'Helium', (SELECT StarID FROM AstroSchema.Stars WHERE StarID = 'flr-4951'), (SELECT GalaxyName FROM AstroSchema.Systems, AstroSchema.Stars WHERE StarID = 'flr-4951' AND SystemName = InSystem));
INSERT INTO AstroSchema.Systems VALUES ('Monzun', 'Trinary', (SELECT GalaxyName FROM AstroSchema.Galaxies WHERE GalaxyName = 'Maffei 1'), (SELECT ConstellationName FROM AstroSchema.Galaxies WHERE GalaxyName = 'Maffei 1'));
INSERT INTO AstroSchema.AstroObjects VALUES ('rsn-9621', 'Monzun-A', 23129722526.9, 87231685.2);
INSERT INTO AstroSchema.Stars VALUES ('rsn-9621', 'III', 'Monzun');
INSERT INTO AstroSchema.AstroObjects VALUES ('ced-2759', 'Monzun-A-0', 5299924117.7, 1453.0);
INSERT INTO AstroSchema.Planets VALUES ('ced-2759', 'Ice Giant', 'Ice', (SELECT StarID FROM AstroSchema.Stars WHERE StarID = 'rsn-9621'), (SELECT GalaxyName FROM AstroSchema.Systems, AstroSchema.Stars WHERE StarID = 'rsn-9621' AND SystemName = InSystem));
INSERT INTO AstroSchema.AstroObjects VALUES ('dbt-7489', 'Monzun-A-1', 14403410188.6, 374.2);
INSERT INTO AstroSchema.Planets VALUES ('dbt-7489', 'Sub-Earth', 'Terrestrial', (SELECT StarID FROM AstroSchema.Stars WHERE StarID = 'rsn-9621'), (SELECT GalaxyName FROM AstroSchema.Systems, AstroSchema.Stars WHERE StarID = 'rsn-9621' AND SystemName = InSystem));
INSERT INTO AstroSchema.AstroObjects VALUES ('lqi-6484', 'Monzun-A-2', 8905544406.3, 1139.3);
INSERT INTO AstroSchema.Planets VALUES ('lqi-6484', 'Sub-Earth', 'Ocean', (SELECT StarID FROM AstroSchema.Stars WHERE StarID = 'rsn-9621'), (SELECT GalaxyName FROM AstroSchema.Systems, AstroSchema.Stars WHERE StarID = 'rsn-9621' AND SystemName = InSystem));
INSERT INTO AstroSchema.AstroObjects VALUES ('jbt-8278', 'Monzun-A-3', 25820353420.8, 29.5);
INSERT INTO AstroSchema.Planets VALUES ('jbt-8278', 'Super-Jupiter', 'Helium', (SELECT StarID FROM AstroSchema.Stars WHERE StarID = 'rsn-9621'), (SELECT GalaxyName FROM AstroSchema.Systems, AstroSchema.Stars WHERE StarID = 'rsn-9621' AND SystemName = InSystem));
INSERT INTO AstroSchema.AstroObjects VALUES ('fjt-9813', 'Monzun-A-4', 34894514189.9, 1243.7);
INSERT INTO AstroSchema.Planets VALUES ('fjt-9813', 'Gas Giant', 'Ocean', (SELECT StarID FROM AstroSchema.Stars WHERE StarID = 'rsn-9621'), (SELECT GalaxyName FROM AstroSchema.Systems, AstroSchema.Stars WHERE StarID = 'rsn-9621' AND SystemName = InSystem));
INSERT INTO AstroSchema.AstroObjects VALUES ('dbk-4540', 'Monzun-A-5', 25890292537.8, 968.6);
INSERT INTO AstroSchema.Planets VALUES ('dbk-4540', 'Sub-Earth', 'Ice', (SELECT StarID FROM AstroSchema.Stars WHERE StarID = 'rsn-9621'), (SELECT GalaxyName FROM AstroSchema.Systems, AstroSchema.Stars WHERE StarID = 'rsn-9621' AND SystemName = InSystem));
INSERT INTO AstroSchema.AstroObjects VALUES ('kxv-9400', 'Monzun-A-6', 8911260172.2, 695.7);
INSERT INTO AstroSchema.Planets VALUES ('kxv-9400', 'Super-Jupiter', 'Hycean', (SELECT StarID FROM AstroSchema.Stars WHERE StarID = 'rsn-9621'), (SELECT GalaxyName FROM AstroSchema.Systems, AstroSchema.Stars WHERE StarID = 'rsn-9621' AND SystemName = InSystem));
INSERT INTO AstroSchema.AstroObjects VALUES ('wdp-5820', 'Monzun-A-7', 3053437356.0, 904.3);
INSERT INTO AstroSchema.Planets VALUES ('wdp-5820', 'Mini-Neptune', 'Silicate', (SELECT StarID FROM AstroSchema.Stars WHERE StarID = 'rsn-9621'), (SELECT GalaxyName FROM AstroSchema.Systems, AstroSchema.Stars WHERE StarID = 'rsn-9621' AND SystemName = InSystem));
INSERT INTO AstroSchema.AstroObjects VALUES ('mee-2827', 'Monzun-A-8', 24242443670.6, 582.4);
INSERT INTO AstroSchema.Planets VALUES ('mee-2827', 'Mini-Neptune', 'Protoplanet', (SELECT StarID FROM AstroSchema.Stars WHERE StarID = 'rsn-9621'), (SELECT GalaxyName FROM AstroSchema.Systems, AstroSchema.Stars WHERE StarID = 'rsn-9621' AND SystemName = InSystem));
INSERT INTO AstroSchema.AstroObjects VALUES ('plm-8149', 'Monzun-A-9', 5977135927.8, 753.7);
INSERT INTO AstroSchema.Planets VALUES ('plm-8149', 'Sub-Earth', 'Silicate', (SELECT StarID FROM AstroSchema.Stars WHERE StarID = 'rsn-9621'), (SELECT GalaxyName FROM AstroSchema.Systems, AstroSchema.Stars WHERE StarID = 'rsn-9621' AND SystemName = InSystem));
INSERT INTO AstroSchema.AstroObjects VALUES ('wmp-9920', 'Monzun-B', 1457056487.7, 94695380.0);
INSERT INTO AstroSchema.Stars VALUES ('wmp-9920', 'D', 'Monzun');
INSERT INTO AstroSchema.AstroObjects VALUES ('kdm-8913', 'Monzun-B-0', 34673710856.1, 646.0);
INSERT INTO AstroSchema.Planets VALUES ('kdm-8913', 'Super-Earth', 'Ice', (SELECT StarID FROM AstroSchema.Stars WHERE StarID = 'wmp-9920'), (SELECT GalaxyName FROM AstroSchema.Systems, AstroSchema.Stars WHERE StarID = 'wmp-9920' AND SystemName = InSystem));
INSERT INTO AstroSchema.AstroObjects VALUES ('kmg-6361', 'Monzun-C', 1013361134.5, 3984115.5);
INSERT INTO AstroSchema.Stars VALUES ('kmg-6361', 'III', 'Monzun');
INSERT INTO AstroSchema.Systems VALUES ('Najaga', 'Binary', (SELECT GalaxyName FROM AstroSchema.Galaxies WHERE GalaxyName = 'Milky Way'), NULL);
INSERT INTO AstroSchema.AstroObjects VALUES ('jcf-2746', 'Najaga-A', 14778690839.2, 25418322.7);
INSERT INTO AstroSchema.Stars VALUES ('jcf-2746', 'IV', 'Najaga');
INSERT INTO AstroSchema.AstroObjects VALUES ('yos-4348', 'Najaga-B', 32877608896.1, 40417264.5);
INSERT INTO AstroSchema.Stars VALUES ('yos-4348', 'VI', 'Najaga');
INSERT INTO AstroSchema.AstroObjects VALUES ('nol-5504', 'Najaga-B-0', 25789272965.2, 74.5);
INSERT INTO AstroSchema.Planets VALUES ('nol-5504', 'Gas Giant', 'Ice', (SELECT StarID FROM AstroSchema.Stars WHERE StarID = 'yos-4348'), (SELECT GalaxyName FROM AstroSchema.Systems, AstroSchema.Stars WHERE StarID = 'yos-4348' AND SystemName = InSystem));
INSERT INTO AstroSchema.AstroObjects VALUES ('ovx-9496', 'Najaga-B-1', 42657127871.9, 133.5);
INSERT INTO AstroSchema.Planets VALUES ('ovx-9496', 'Mini-Neptune', 'Hycean', (SELECT StarID FROM AstroSchema.Stars WHERE StarID = 'yos-4348'), (SELECT GalaxyName FROM AstroSchema.Systems, AstroSchema.Stars WHERE StarID = 'yos-4348' AND SystemName = InSystem));
INSERT INTO AstroSchema.AstroObjects VALUES ('lsn-4897', 'Najaga-B-2', 23586807358.9, 536.5);
INSERT INTO AstroSchema.Planets VALUES ('lsn-4897', 'Ice Giant', 'Gas giant', (SELECT StarID FROM AstroSchema.Stars WHERE StarID = 'yos-4348'), (SELECT GalaxyName FROM AstroSchema.Systems, AstroSchema.Stars WHERE StarID = 'yos-4348' AND SystemName = InSystem));
INSERT INTO AstroSchema.AstroObjects VALUES ('zgl-5196', 'Najaga-B-3', 10508800006.0, 780.7);
INSERT INTO AstroSchema.Planets VALUES ('zgl-5196', 'Sub-Earth', 'Coreless', (SELECT StarID FROM AstroSchema.Stars WHERE StarID = 'yos-4348'), (SELECT GalaxyName FROM AstroSchema.Systems, AstroSchema.Stars WHERE StarID = 'yos-4348' AND SystemName = InSystem));
INSERT INTO AstroSchema.AstroObjects VALUES ('afo-7377', 'Najaga-B-4', 8875942454.3, 1240.9);
INSERT INTO AstroSchema.Planets VALUES ('afo-7377', 'Gas Giant', 'Protoplanet', (SELECT StarID FROM AstroSchema.Stars WHERE StarID = 'yos-4348'), (SELECT GalaxyName FROM AstroSchema.Systems, AstroSchema.Stars WHERE StarID = 'yos-4348' AND SystemName = InSystem));
INSERT INTO AstroSchema.Systems VALUES ('Dontaur', 'Binary', (SELECT GalaxyName FROM AstroSchema.Galaxies WHERE GalaxyName = 'Leo II'), NULL);
INSERT INTO AstroSchema.AstroObjects VALUES ('cbm-9892', 'Dontaur-A', 28641909182.7, 20886934.9);
INSERT INTO AstroSchema.Stars VALUES ('cbm-9892', 'VI', 'Dontaur');
INSERT INTO AstroSchema.AstroObjects VALUES ('puo-1288', 'Dontaur-A-0', 25915225977.0, 1322.7);
INSERT INTO AstroSchema.Planets VALUES ('puo-1288', 'Ice Giant', 'Ice', (SELECT StarID FROM AstroSchema.Stars WHERE StarID = 'cbm-9892'), (SELECT GalaxyName FROM AstroSchema.Systems, AstroSchema.Stars WHERE StarID = 'cbm-9892' AND SystemName = InSystem));
INSERT INTO AstroSchema.AstroObjects VALUES ('eze-3690', 'Dontaur-A-1', 30359876866.8, 598.3);
INSERT INTO AstroSchema.Planets VALUES ('eze-3690', 'Ice Giant', 'Coreless', (SELECT StarID FROM AstroSchema.Stars WHERE StarID = 'cbm-9892'), (SELECT GalaxyName FROM AstroSchema.Systems, AstroSchema.Stars WHERE StarID = 'cbm-9892' AND SystemName = InSystem));
INSERT INTO AstroSchema.AstroObjects VALUES ('apl-9979', 'Dontaur-A-2', 27243781257.8, 791.9);
INSERT INTO AstroSchema.Planets VALUES ('apl-9979', 'Gas Giant', 'Protoplanet', (SELECT StarID FROM AstroSchema.Stars WHERE StarID = 'cbm-9892'), (SELECT GalaxyName FROM AstroSchema.Systems, AstroSchema.Stars WHERE StarID = 'cbm-9892' AND SystemName = InSystem));
INSERT INTO AstroSchema.AstroObjects VALUES ('lht-1845', 'Dontaur-A-3', 16009388362.7, 658.1);
INSERT INTO AstroSchema.Planets VALUES ('lht-1845', 'Gas Giant', 'Chtonian', (SELECT StarID FROM AstroSchema.Stars WHERE StarID = 'cbm-9892'), (SELECT GalaxyName FROM AstroSchema.Systems, AstroSchema.Stars WHERE StarID = 'cbm-9892' AND SystemName = InSystem));
INSERT INTO AstroSchema.AstroObjects VALUES ('cnf-1525', 'Dontaur-A-4', 43201111516.9, 112.8);
INSERT INTO AstroSchema.Planets VALUES ('cnf-1525', 'Gas Giant', 'Chtonian', (SELECT StarID FROM AstroSchema.Stars WHERE StarID = 'cbm-9892'), (SELECT GalaxyName FROM AstroSchema.Systems, AstroSchema.Stars WHERE StarID = 'cbm-9892' AND SystemName = InSystem));
INSERT INTO AstroSchema.AstroObjects VALUES ('udb-4195', 'Dontaur-B', 23998170693.5, 63879462.2);
INSERT INTO AstroSchema.Stars VALUES ('udb-4195', 'IV', 'Dontaur');
INSERT INTO AstroSchema.Systems VALUES ('Bitrius', 'Mono', (SELECT GalaxyName FROM AstroSchema.Galaxies WHERE GalaxyName = 'Small Magellanic Cloud'), (SELECT ConstellationName FROM AstroSchema.Galaxies WHERE GalaxyName = 'Small Magellanic Cloud'));
INSERT INTO AstroSchema.AstroObjects VALUES ('plx-3927', 'Bitrius', 4033931706.0, 87280443.4);
INSERT INTO AstroSchema.Stars VALUES ('plx-3927', 'VI', 'Bitrius');
INSERT INTO AstroSchema.AstroObjects VALUES ('cjl-4875', 'Bitrius-0', 35224206267.4, 1443.0);
INSERT INTO AstroSchema.Planets VALUES ('cjl-4875', 'Sub-Earth', 'Coreless', (SELECT StarID FROM AstroSchema.Stars WHERE StarID = 'plx-3927'), (SELECT GalaxyName FROM AstroSchema.Systems, AstroSchema.Stars WHERE StarID = 'plx-3927' AND SystemName = InSystem));
INSERT INTO AstroSchema.AstroObjects VALUES ('bhp-2838', 'Bitrius-1', 23719068189.3, 312.4);
INSERT INTO AstroSchema.Planets VALUES ('bhp-2838', 'Ice Giant', 'Hycean', (SELECT StarID FROM AstroSchema.Stars WHERE StarID = 'plx-3927'), (SELECT GalaxyName FROM AstroSchema.Systems, AstroSchema.Stars WHERE StarID = 'plx-3927' AND SystemName = InSystem));
INSERT INTO AstroSchema.AstroObjects VALUES ('mnr-4347', 'Bitrius-2', 40167924888.4, 35.5);
INSERT INTO AstroSchema.Planets VALUES ('mnr-4347', 'Super-Jupiter', 'Puffy', (SELECT StarID FROM AstroSchema.Stars WHERE StarID = 'plx-3927'), (SELECT GalaxyName FROM AstroSchema.Systems, AstroSchema.Stars WHERE StarID = 'plx-3927' AND SystemName = InSystem));
INSERT INTO AstroSchema.AstroObjects VALUES ('fvp-5931', 'Bitrius-3', 11361136159.2, 1427.1);
INSERT INTO AstroSchema.Planets VALUES ('fvp-5931', 'Ice Giant', 'Silicate', (SELECT StarID FROM AstroSchema.Stars WHERE StarID = 'plx-3927'), (SELECT GalaxyName FROM AstroSchema.Systems, AstroSchema.Stars WHERE StarID = 'plx-3927' AND SystemName = InSystem));
INSERT INTO AstroSchema.AstroObjects VALUES ('gih-6933', 'Bitrius-4', 38025819905.9, 786.5);
INSERT INTO AstroSchema.Planets VALUES ('gih-6933', 'Ice Giant', 'Terrestrial', (SELECT StarID FROM AstroSchema.Stars WHERE StarID = 'plx-3927'), (SELECT GalaxyName FROM AstroSchema.Systems, AstroSchema.Stars WHERE StarID = 'plx-3927' AND SystemName = InSystem));
INSERT INTO AstroSchema.AstroObjects VALUES ('mko-6354', 'Bitrius-5', 3695533159.6, 71.3);
INSERT INTO AstroSchema.Planets VALUES ('mko-6354', 'Super-Earth', 'Helium', (SELECT StarID FROM AstroSchema.Stars WHERE StarID = 'plx-3927'), (SELECT GalaxyName FROM AstroSchema.Systems, AstroSchema.Stars WHERE StarID = 'plx-3927' AND SystemName = InSystem));
INSERT INTO AstroSchema.Systems VALUES ('Amastes', 'Trinary', NULL, (SELECT ConstellationName FROM AstroSchema.Constellations WHERE ConstellationName = 'Triangulum'));
INSERT INTO AstroSchema.AstroObjects VALUES ('sdw-4973', 'Amastes-A', 7738525732.8, 48039614.0);
INSERT INTO AstroSchema.Stars VALUES ('sdw-4973', 'Ia', 'Amastes');
INSERT INTO AstroSchema.AstroObjects VALUES ('yry-4244', 'Amastes-B', 39566701195.5, 76459183.8);
INSERT INTO AstroSchema.Stars VALUES ('yry-4244', 'VI', 'Amastes');
INSERT INTO AstroSchema.AstroObjects VALUES ('rkt-2141', 'Amastes-B-0', 22309000328.4, 43.8);
INSERT INTO AstroSchema.Planets VALUES ('rkt-2141', 'Sub-Earth', 'Silicate', (SELECT StarID FROM AstroSchema.Stars WHERE StarID = 'yry-4244'), (SELECT GalaxyName FROM AstroSchema.Systems, AstroSchema.Stars WHERE StarID = 'yry-4244' AND SystemName = InSystem));
INSERT INTO AstroSchema.AstroObjects VALUES ('phy-7587', 'Amastes-B-1', 34404522395.5, 1346.6);
INSERT INTO AstroSchema.Planets VALUES ('phy-7587', 'Sub-Earth', 'Desert', (SELECT StarID FROM AstroSchema.Stars WHERE StarID = 'yry-4244'), (SELECT GalaxyName FROM AstroSchema.Systems, AstroSchema.Stars WHERE StarID = 'yry-4244' AND SystemName = InSystem));
INSERT INTO AstroSchema.AstroObjects VALUES ('dwl-7616', 'Amastes-B-2', 692362117.9, 741.2);
INSERT INTO AstroSchema.Planets VALUES ('dwl-7616', 'Gas Giant', 'Carbon', (SELECT StarID FROM AstroSchema.Stars WHERE StarID = 'yry-4244'), (SELECT GalaxyName FROM AstroSchema.Systems, AstroSchema.Stars WHERE StarID = 'yry-4244' AND SystemName = InSystem));
INSERT INTO AstroSchema.AstroObjects VALUES ('ceg-4025', 'Amastes-B-3', 25377993932.5, 1078.9);
INSERT INTO AstroSchema.Planets VALUES ('ceg-4025', 'Super-Earth', 'Terrestrial', (SELECT StarID FROM AstroSchema.Stars WHERE StarID = 'yry-4244'), (SELECT GalaxyName FROM AstroSchema.Systems, AstroSchema.Stars WHERE StarID = 'yry-4244' AND SystemName = InSystem));
INSERT INTO AstroSchema.AstroObjects VALUES ('jcn-9890', 'Amastes-B-4', 14303906716.0, 266.8);
INSERT INTO AstroSchema.Planets VALUES ('jcn-9890', 'Mini-Neptune', 'Ocean', (SELECT StarID FROM AstroSchema.Stars WHERE StarID = 'yry-4244'), (SELECT GalaxyName FROM AstroSchema.Systems, AstroSchema.Stars WHERE StarID = 'yry-4244' AND SystemName = InSystem));
INSERT INTO AstroSchema.AstroObjects VALUES ('uur-3970', 'Amastes-B-5', 27229041881.7, 1152.7);
INSERT INTO AstroSchema.Planets VALUES ('uur-3970', 'Super-Earth', 'Ice', (SELECT StarID FROM AstroSchema.Stars WHERE StarID = 'yry-4244'), (SELECT GalaxyName FROM AstroSchema.Systems, AstroSchema.Stars WHERE StarID = 'yry-4244' AND SystemName = InSystem));
INSERT INTO AstroSchema.AstroObjects VALUES ('wdk-7916', 'Amastes-B-6', 44317608364.7, 746.4);
INSERT INTO AstroSchema.Planets VALUES ('wdk-7916', 'Super-Jupiter', 'Silicate', (SELECT StarID FROM AstroSchema.Stars WHERE StarID = 'yry-4244'), (SELECT GalaxyName FROM AstroSchema.Systems, AstroSchema.Stars WHERE StarID = 'yry-4244' AND SystemName = InSystem));
INSERT INTO AstroSchema.AstroObjects VALUES ('uhx-3498', 'Amastes-B-7', 20665489995.8, 1306.2);
INSERT INTO AstroSchema.Planets VALUES ('uhx-3498', 'Gas Giant', 'Hycean', (SELECT StarID FROM AstroSchema.Stars WHERE StarID = 'yry-4244'), (SELECT GalaxyName FROM AstroSchema.Systems, AstroSchema.Stars WHERE StarID = 'yry-4244' AND SystemName = InSystem));
INSERT INTO AstroSchema.AstroObjects VALUES ('ptw-1304', 'Amastes-C', 27881643563.0, 81235073.7);
INSERT INTO AstroSchema.Stars VALUES ('ptw-1304', 'Ib', 'Amastes');
INSERT INTO AstroSchema.AstroObjects VALUES ('fdw-1269', 'Amastes-C-0', 4223142348.4, 789.0);
INSERT INTO AstroSchema.Planets VALUES ('fdw-1269', 'Sub-Earth', 'Helium', (SELECT StarID FROM AstroSchema.Stars WHERE StarID = 'ptw-1304'), (SELECT GalaxyName FROM AstroSchema.Systems, AstroSchema.Stars WHERE StarID = 'ptw-1304' AND SystemName = InSystem));
INSERT INTO AstroSchema.AstroObjects VALUES ('vsj-2126', 'Amastes-C-1', 24071863497.2, 132.4);
INSERT INTO AstroSchema.Planets VALUES ('vsj-2126', 'Ice Giant', 'Chtonian', (SELECT StarID FROM AstroSchema.Stars WHERE StarID = 'ptw-1304'), (SELECT GalaxyName FROM AstroSchema.Systems, AstroSchema.Stars WHERE StarID = 'ptw-1304' AND SystemName = InSystem));
INSERT INTO AstroSchema.AstroObjects VALUES ('ykf-2988', 'Amastes-C-2', 33214368284.3, 768.3);
INSERT INTO AstroSchema.Planets VALUES ('ykf-2988', 'Mini-Neptune', 'Hycean', (SELECT StarID FROM AstroSchema.Stars WHERE StarID = 'ptw-1304'), (SELECT GalaxyName FROM AstroSchema.Systems, AstroSchema.Stars WHERE StarID = 'ptw-1304' AND SystemName = InSystem));
INSERT INTO AstroSchema.AstroObjects VALUES ('uip-3259', 'Amastes-C-3', 38452801951.7, 353.3);
INSERT INTO AstroSchema.Planets VALUES ('uip-3259', 'Mini-Neptune', 'Gas dwarf', (SELECT StarID FROM AstroSchema.Stars WHERE StarID = 'ptw-1304'), (SELECT GalaxyName FROM AstroSchema.Systems, AstroSchema.Stars WHERE StarID = 'ptw-1304' AND SystemName = InSystem));
INSERT INTO AstroSchema.AstroObjects VALUES ('int-1410', 'Amastes-C-4', 34062505844.6, 218.1);
INSERT INTO AstroSchema.Planets VALUES ('int-1410', 'Gas Giant', 'Carbon', (SELECT StarID FROM AstroSchema.Stars WHERE StarID = 'ptw-1304'), (SELECT GalaxyName FROM AstroSchema.Systems, AstroSchema.Stars WHERE StarID = 'ptw-1304' AND SystemName = InSystem));
INSERT INTO AstroSchema.AstroObjects VALUES ('gaq-4098', 'Amastes-C-5', 29431247417.0, 306.6);
INSERT INTO AstroSchema.Planets VALUES ('gaq-4098', 'Sub-Earth', 'Chtonian', (SELECT StarID FROM AstroSchema.Stars WHERE StarID = 'ptw-1304'), (SELECT GalaxyName FROM AstroSchema.Systems, AstroSchema.Stars WHERE StarID = 'ptw-1304' AND SystemName = InSystem));
INSERT INTO AstroSchema.Systems VALUES ('Simtinasca', 'Mono', (SELECT GalaxyName FROM AstroSchema.Galaxies WHERE GalaxyName = 'IC 10'), (SELECT ConstellationName FROM AstroSchema.Galaxies WHERE GalaxyName = 'IC 10'));
INSERT INTO AstroSchema.AstroObjects VALUES ('kup-6736', 'Simtinasca', 29601179399.6, 38243029.6);
INSERT INTO AstroSchema.Stars VALUES ('kup-6736', 'Ib', 'Simtinasca');
INSERT INTO AstroSchema.AstroObjects VALUES ('ivh-1263', 'Simtinasca-0', 1121069041.5, 1118.9);
INSERT INTO AstroSchema.Planets VALUES ('ivh-1263', 'Gas Giant', 'Ice', (SELECT StarID FROM AstroSchema.Stars WHERE StarID = 'kup-6736'), (SELECT GalaxyName FROM AstroSchema.Systems, AstroSchema.Stars WHERE StarID = 'kup-6736' AND SystemName = InSystem));
INSERT INTO AstroSchema.AstroObjects VALUES ('wzw-1259', 'Simtinasca-1', 31558477527.6, 275.5);
INSERT INTO AstroSchema.Planets VALUES ('wzw-1259', 'Sub-Earth', 'Gas dwarf', (SELECT StarID FROM AstroSchema.Stars WHERE StarID = 'kup-6736'), (SELECT GalaxyName FROM AstroSchema.Systems, AstroSchema.Stars WHERE StarID = 'kup-6736' AND SystemName = InSystem));
INSERT INTO AstroSchema.AstroObjects VALUES ('byd-5103', 'Simtinasca-2', 26885949069.2, 121.8);
INSERT INTO AstroSchema.Planets VALUES ('byd-5103', 'Gas Giant', 'Ice', (SELECT StarID FROM AstroSchema.Stars WHERE StarID = 'kup-6736'), (SELECT GalaxyName FROM AstroSchema.Systems, AstroSchema.Stars WHERE StarID = 'kup-6736' AND SystemName = InSystem));
INSERT INTO AstroSchema.Systems VALUES ('Grekil', 'Trinary', (SELECT GalaxyName FROM AstroSchema.Galaxies WHERE GalaxyName = 'Milky Way'), (SELECT ConstellationName FROM AstroSchema.Galaxies WHERE GalaxyName = 'Milky Way'));
INSERT INTO AstroSchema.AstroObjects VALUES ('bhb-7691', 'Grekil-A', 26276054587.4, 53193370.7);
INSERT INTO AstroSchema.Stars VALUES ('bhb-7691', 'IV', 'Grekil');
INSERT INTO AstroSchema.AstroObjects VALUES ('van-5504', 'Grekil-B', 10597592025.6, 96161094.2);
INSERT INTO AstroSchema.Stars VALUES ('van-5504', 'Ia-O', 'Grekil');
INSERT INTO AstroSchema.AstroObjects VALUES ('vjz-4917', 'Grekil-B-0', 8335330366.4, 1404.9);
INSERT INTO AstroSchema.Planets VALUES ('vjz-4917', 'Super-Earth', 'Coreless', (SELECT StarID FROM AstroSchema.Stars WHERE StarID = 'van-5504'), (SELECT GalaxyName FROM AstroSchema.Systems, AstroSchema.Stars WHERE StarID = 'van-5504' AND SystemName = InSystem));
INSERT INTO AstroSchema.AstroObjects VALUES ('atd-2910', 'Grekil-B-1', 19909965263.5, 497.7);
INSERT INTO AstroSchema.Planets VALUES ('atd-2910', 'Sub-Earth', 'Ice', (SELECT StarID FROM AstroSchema.Stars WHERE StarID = 'van-5504'), (SELECT GalaxyName FROM AstroSchema.Systems, AstroSchema.Stars WHERE StarID = 'van-5504' AND SystemName = InSystem));
INSERT INTO AstroSchema.AstroObjects VALUES ('vzo-5252', 'Grekil-B-2', 26174585488.6, 1411.0);
INSERT INTO AstroSchema.Planets VALUES ('vzo-5252', 'Ice Giant', 'Ocean', (SELECT StarID FROM AstroSchema.Stars WHERE StarID = 'van-5504'), (SELECT GalaxyName FROM AstroSchema.Systems, AstroSchema.Stars WHERE StarID = 'van-5504' AND SystemName = InSystem));
INSERT INTO AstroSchema.AstroObjects VALUES ('zpe-2249', 'Grekil-B-3', 27939135321.7, 527.0);
INSERT INTO AstroSchema.Planets VALUES ('zpe-2249', 'Gas Giant', 'Puffy', (SELECT StarID FROM AstroSchema.Stars WHERE StarID = 'van-5504'), (SELECT GalaxyName FROM AstroSchema.Systems, AstroSchema.Stars WHERE StarID = 'van-5504' AND SystemName = InSystem));
INSERT INTO AstroSchema.AstroObjects VALUES ('wgm-3854', 'Grekil-B-4', 742074295.0, 1093.0);
INSERT INTO AstroSchema.Planets VALUES ('wgm-3854', 'Mini-Neptune', 'Helium', (SELECT StarID FROM AstroSchema.Stars WHERE StarID = 'van-5504'), (SELECT GalaxyName FROM AstroSchema.Systems, AstroSchema.Stars WHERE StarID = 'van-5504' AND SystemName = InSystem));
INSERT INTO AstroSchema.AstroObjects VALUES ('vyv-9869', 'Grekil-B-5', 13078060385.1, 1482.1);
INSERT INTO AstroSchema.Planets VALUES ('vyv-9869', 'Sub-Earth', 'Carbon', (SELECT StarID FROM AstroSchema.Stars WHERE StarID = 'van-5504'), (SELECT GalaxyName FROM AstroSchema.Systems, AstroSchema.Stars WHERE StarID = 'van-5504' AND SystemName = InSystem));
INSERT INTO AstroSchema.AstroObjects VALUES ('lhw-8822', 'Grekil-B-6', 9826035023.1, 1010.5);
INSERT INTO AstroSchema.Planets VALUES ('lhw-8822', 'Sub-Earth', 'Gas dwarf', (SELECT StarID FROM AstroSchema.Stars WHERE StarID = 'van-5504'), (SELECT GalaxyName FROM AstroSchema.Systems, AstroSchema.Stars WHERE StarID = 'van-5504' AND SystemName = InSystem));
INSERT INTO AstroSchema.AstroObjects VALUES ('ccn-4433', 'Grekil-C', 29047048058.7, 97957569.1);
INSERT INTO AstroSchema.Stars VALUES ('ccn-4433', 'Ia-O', 'Grekil');
INSERT INTO AstroSchema.AstroObjects VALUES ('zea-6524', 'Grekil-C-0', 30477850541.7, 976.6);
INSERT INTO AstroSchema.Planets VALUES ('zea-6524', 'Sub-Earth', 'Carbon', (SELECT StarID FROM AstroSchema.Stars WHERE StarID = 'ccn-4433'), (SELECT GalaxyName FROM AstroSchema.Systems, AstroSchema.Stars WHERE StarID = 'ccn-4433' AND SystemName = InSystem));
INSERT INTO AstroSchema.AstroObjects VALUES ('crt-3906', 'Grekil-C-1', 30277709509.7, 3.3);
INSERT INTO AstroSchema.Planets VALUES ('crt-3906', 'Ice Giant', 'Gas giant', (SELECT StarID FROM AstroSchema.Stars WHERE StarID = 'ccn-4433'), (SELECT GalaxyName FROM AstroSchema.Systems, AstroSchema.Stars WHERE StarID = 'ccn-4433' AND SystemName = InSystem));
INSERT INTO AstroSchema.AstroObjects VALUES ('tzz-1848', 'Grekil-C-2', 40754273631.2, 981.8);
INSERT INTO AstroSchema.Planets VALUES ('tzz-1848', 'Ice Giant', 'Silicate', (SELECT StarID FROM AstroSchema.Stars WHERE StarID = 'ccn-4433'), (SELECT GalaxyName FROM AstroSchema.Systems, AstroSchema.Stars WHERE StarID = 'ccn-4433' AND SystemName = InSystem));
INSERT INTO AstroSchema.AstroObjects VALUES ('qpj-8899', 'Grekil-C-3', 8654910664.1, 451.2);
INSERT INTO AstroSchema.Planets VALUES ('qpj-8899', 'Gas Giant', 'Helium', (SELECT StarID FROM AstroSchema.Stars WHERE StarID = 'ccn-4433'), (SELECT GalaxyName FROM AstroSchema.Systems, AstroSchema.Stars WHERE StarID = 'ccn-4433' AND SystemName = InSystem));
INSERT INTO AstroSchema.Systems VALUES ('Minelauva', 'Binary', (SELECT GalaxyName FROM AstroSchema.Galaxies WHERE GalaxyName = 'Wolf-Lundmark-Melotte'), NULL);
INSERT INTO AstroSchema.AstroObjects VALUES ('nnc-6898', 'Minelauva-A', 7593641526.3, 80232661.5);
INSERT INTO AstroSchema.Stars VALUES ('nnc-6898', 'II', 'Minelauva');
INSERT INTO AstroSchema.AstroObjects VALUES ('swy-9512', 'Minelauva-B', 38250647789.3, 17386994.6);
INSERT INTO AstroSchema.Stars VALUES ('swy-9512', 'VI', 'Minelauva');
INSERT INTO AstroSchema.AstroObjects VALUES ('yuy-1140', 'Minelauva-B-0', 22793215941.8, 542.5);
INSERT INTO AstroSchema.Planets VALUES ('yuy-1140', 'Sub-Earth', 'Desert', (SELECT StarID FROM AstroSchema.Stars WHERE StarID = 'swy-9512'), (SELECT GalaxyName FROM AstroSchema.Systems, AstroSchema.Stars WHERE StarID = 'swy-9512' AND SystemName = InSystem));
INSERT INTO AstroSchema.AstroObjects VALUES ('yfr-1705', 'Minelauva-B-1', 25771126327.5, 1103.6);
INSERT INTO AstroSchema.Planets VALUES ('yfr-1705', 'Ice Giant', 'Silicate', (SELECT StarID FROM AstroSchema.Stars WHERE StarID = 'swy-9512'), (SELECT GalaxyName FROM AstroSchema.Systems, AstroSchema.Stars WHERE StarID = 'swy-9512' AND SystemName = InSystem));
INSERT INTO AstroSchema.Systems VALUES ('Porabim', 'Mono', NULL, (SELECT ConstellationName FROM AstroSchema.Constellations WHERE ConstellationName = 'Bootes'));
INSERT INTO AstroSchema.AstroObjects VALUES ('arn-3257', 'Porabim', 531947804.5, 96484684.7);
INSERT INTO AstroSchema.Stars VALUES ('arn-3257', 'D', 'Porabim');
INSERT INTO AstroSchema.AstroObjects VALUES ('kyt-2193', 'Porabim-0', 21564165987.5, 1088.0);
INSERT INTO AstroSchema.Planets VALUES ('kyt-2193', 'Super-Earth', 'Gas giant', (SELECT StarID FROM AstroSchema.Stars WHERE StarID = 'arn-3257'), (SELECT GalaxyName FROM AstroSchema.Systems, AstroSchema.Stars WHERE StarID = 'arn-3257' AND SystemName = InSystem));
INSERT INTO AstroSchema.Systems VALUES ('Gamma Draconis', 'Binary', (SELECT GalaxyName FROM AstroSchema.Galaxies WHERE GalaxyName = 'Large Magellanic Cloud'), NULL);
INSERT INTO AstroSchema.AstroObjects VALUES ('ulr-9514', 'Gamma Draconis-A', 44146416520.1, 87526396.8);
INSERT INTO AstroSchema.Stars VALUES ('ulr-9514', 'Ib', 'Gamma Draconis');
INSERT INTO AstroSchema.AstroObjects VALUES ('zyb-2150', 'Gamma Draconis-B', 43141454285.2, 79808489.9);
INSERT INTO AstroSchema.Stars VALUES ('zyb-2150', 'V', 'Gamma Draconis');
INSERT INTO AstroSchema.AstroObjects VALUES ('goz-8328', 'Gamma Draconis-B-0', 6772773071.7, 403.4);
INSERT INTO AstroSchema.Planets VALUES ('goz-8328', 'Super-Earth', 'Hycean', (SELECT StarID FROM AstroSchema.Stars WHERE StarID = 'zyb-2150'), (SELECT GalaxyName FROM AstroSchema.Systems, AstroSchema.Stars WHERE StarID = 'zyb-2150' AND SystemName = InSystem));
INSERT INTO AstroSchema.Systems VALUES ('Coggan', 'Mono', (SELECT GalaxyName FROM AstroSchema.Galaxies WHERE GalaxyName = 'Andromeda'), (SELECT ConstellationName FROM AstroSchema.Galaxies WHERE GalaxyName = 'Andromeda'));
INSERT INTO AstroSchema.AstroObjects VALUES ('kxp-7418', 'Coggan', 512798030.9, 73998102.7);
INSERT INTO AstroSchema.Stars VALUES ('kxp-7418', 'Ia', 'Coggan');
INSERT INTO AstroSchema.AstroObjects VALUES ('ewe-3148', 'Coggan-0', 44108437201.5, 1044.5);
INSERT INTO AstroSchema.Planets VALUES ('ewe-3148', 'Super-Jupiter', 'Chtonian', (SELECT StarID FROM AstroSchema.Stars WHERE StarID = 'kxp-7418'), (SELECT GalaxyName FROM AstroSchema.Systems, AstroSchema.Stars WHERE StarID = 'kxp-7418' AND SystemName = InSystem));
INSERT INTO AstroSchema.AstroObjects VALUES ('yze-1526', 'Coggan-1', 21810260378.7, 756.8);
INSERT INTO AstroSchema.Planets VALUES ('yze-1526', 'Mini-Neptune', 'Silicate', (SELECT StarID FROM AstroSchema.Stars WHERE StarID = 'kxp-7418'), (SELECT GalaxyName FROM AstroSchema.Systems, AstroSchema.Stars WHERE StarID = 'kxp-7418' AND SystemName = InSystem));
INSERT INTO AstroSchema.AstroObjects VALUES ('dxu-3507', 'Coggan-2', 37813059831.7, 1426.5);
INSERT INTO AstroSchema.Planets VALUES ('dxu-3507', 'Super-Earth', 'Protoplanet', (SELECT StarID FROM AstroSchema.Stars WHERE StarID = 'kxp-7418'), (SELECT GalaxyName FROM AstroSchema.Systems, AstroSchema.Stars WHERE StarID = 'kxp-7418' AND SystemName = InSystem));
INSERT INTO AstroSchema.AstroObjects VALUES ('art-8654', 'Coggan-3', 31248869186.1, 1350.9);
INSERT INTO AstroSchema.Planets VALUES ('art-8654', 'Super-Earth', 'Ocean', (SELECT StarID FROM AstroSchema.Stars WHERE StarID = 'kxp-7418'), (SELECT GalaxyName FROM AstroSchema.Systems, AstroSchema.Stars WHERE StarID = 'kxp-7418' AND SystemName = InSystem));
INSERT INTO AstroSchema.AstroObjects VALUES ('cqp-9423', 'Coggan-4', 22247248379.3, 1224.9);
INSERT INTO AstroSchema.Planets VALUES ('cqp-9423', 'Mini-Neptune', 'Protoplanet', (SELECT StarID FROM AstroSchema.Stars WHERE StarID = 'kxp-7418'), (SELECT GalaxyName FROM AstroSchema.Systems, AstroSchema.Stars WHERE StarID = 'kxp-7418' AND SystemName = InSystem));
INSERT INTO AstroSchema.AstroObjects VALUES ('dfh-1919', 'Coggan-5', 3190981646.2, 275.9);
INSERT INTO AstroSchema.Planets VALUES ('dfh-1919', 'Ice Giant', 'Desert', (SELECT StarID FROM AstroSchema.Stars WHERE StarID = 'kxp-7418'), (SELECT GalaxyName FROM AstroSchema.Systems, AstroSchema.Stars WHERE StarID = 'kxp-7418' AND SystemName = InSystem));
INSERT INTO AstroSchema.AstroObjects VALUES ('mih-7556', 'Coggan-6', 10714510911.8, 1213.2);
INSERT INTO AstroSchema.Planets VALUES ('mih-7556', 'Super-Jupiter', 'Terrestrial', (SELECT StarID FROM AstroSchema.Stars WHERE StarID = 'kxp-7418'), (SELECT GalaxyName FROM AstroSchema.Systems, AstroSchema.Stars WHERE StarID = 'kxp-7418' AND SystemName = InSystem));
INSERT INTO AstroSchema.AstroObjects VALUES ('trg-2789', 'Coggan-7', 28848878263.9, 494.6);
INSERT INTO AstroSchema.Planets VALUES ('trg-2789', 'Gas Giant', 'Coreless', (SELECT StarID FROM AstroSchema.Stars WHERE StarID = 'kxp-7418'), (SELECT GalaxyName FROM AstroSchema.Systems, AstroSchema.Stars WHERE StarID = 'kxp-7418' AND SystemName = InSystem));
INSERT INTO AstroSchema.AstroObjects VALUES ('vhm-7122', 'Coggan-8', 3368883944.4, 498.4);
INSERT INTO AstroSchema.Planets VALUES ('vhm-7122', 'Mini-Neptune', 'Gas dwarf', (SELECT StarID FROM AstroSchema.Stars WHERE StarID = 'kxp-7418'), (SELECT GalaxyName FROM AstroSchema.Systems, AstroSchema.Stars WHERE StarID = 'kxp-7418' AND SystemName = InSystem));
INSERT INTO AstroSchema.AstroObjects VALUES ('gvh-3188', 'Coggan-9', 21562720018.6, 1136.7);
INSERT INTO AstroSchema.Planets VALUES ('gvh-3188', 'Super-Jupiter', 'Terrestrial', (SELECT StarID FROM AstroSchema.Stars WHERE StarID = 'kxp-7418'), (SELECT GalaxyName FROM AstroSchema.Systems, AstroSchema.Stars WHERE StarID = 'kxp-7418' AND SystemName = InSystem));
INSERT INTO AstroSchema.Systems VALUES ('Sarpocchus', 'Multiple', (SELECT GalaxyName FROM AstroSchema.Galaxies WHERE GalaxyName = 'Leo I'), (SELECT ConstellationName FROM AstroSchema.Galaxies WHERE GalaxyName = 'Leo I'));
INSERT INTO AstroSchema.AstroObjects VALUES ('mmw-4728', 'Sarpocchus-A', 5439512719.7, 37222454.3);
INSERT INTO AstroSchema.Stars VALUES ('mmw-4728', 'Ia', 'Sarpocchus');
INSERT INTO AstroSchema.AstroObjects VALUES ('wum-4831', 'Sarpocchus-A-0', 22221802495.6, 208.1);
INSERT INTO AstroSchema.Planets VALUES ('wum-4831', 'Super-Earth', 'Hycean', (SELECT StarID FROM AstroSchema.Stars WHERE StarID = 'mmw-4728'), (SELECT GalaxyName FROM AstroSchema.Systems, AstroSchema.Stars WHERE StarID = 'mmw-4728' AND SystemName = InSystem));
INSERT INTO AstroSchema.AstroObjects VALUES ('rdo-4400', 'Sarpocchus-B', 34975268209.5, 36584831.1);
INSERT INTO AstroSchema.Stars VALUES ('rdo-4400', 'IV', 'Sarpocchus');
INSERT INTO AstroSchema.AstroObjects VALUES ('tge-6031', 'Sarpocchus-B-0', 29360909966.5, 55.8);
INSERT INTO AstroSchema.Planets VALUES ('tge-6031', 'Sub-Earth', 'Gas giant', (SELECT StarID FROM AstroSchema.Stars WHERE StarID = 'rdo-4400'), (SELECT GalaxyName FROM AstroSchema.Systems, AstroSchema.Stars WHERE StarID = 'rdo-4400' AND SystemName = InSystem));
INSERT INTO AstroSchema.AstroObjects VALUES ('kiu-2655', 'Sarpocchus-B-1', 4506411562.9, 477.9);
INSERT INTO AstroSchema.Planets VALUES ('kiu-2655', 'Ice Giant', 'Ocean', (SELECT StarID FROM AstroSchema.Stars WHERE StarID = 'rdo-4400'), (SELECT GalaxyName FROM AstroSchema.Systems, AstroSchema.Stars WHERE StarID = 'rdo-4400' AND SystemName = InSystem));
INSERT INTO AstroSchema.AstroObjects VALUES ('bci-4930', 'Sarpocchus-B-2', 43414759265.3, 145.1);
INSERT INTO AstroSchema.Planets VALUES ('bci-4930', 'Super-Earth', 'Hycean', (SELECT StarID FROM AstroSchema.Stars WHERE StarID = 'rdo-4400'), (SELECT GalaxyName FROM AstroSchema.Systems, AstroSchema.Stars WHERE StarID = 'rdo-4400' AND SystemName = InSystem));
INSERT INTO AstroSchema.AstroObjects VALUES ('cgs-3823', 'Sarpocchus-C', 37922236520.3, 6746622.7);
INSERT INTO AstroSchema.Stars VALUES ('cgs-3823', 'Ia-O', 'Sarpocchus');
INSERT INTO AstroSchema.AstroObjects VALUES ('dfz-3178', 'Sarpocchus-C-0', 31495763407.4, 874.0);
INSERT INTO AstroSchema.Planets VALUES ('dfz-3178', 'Ice Giant', 'Carbon', (SELECT StarID FROM AstroSchema.Stars WHERE StarID = 'cgs-3823'), (SELECT GalaxyName FROM AstroSchema.Systems, AstroSchema.Stars WHERE StarID = 'cgs-3823' AND SystemName = InSystem));
INSERT INTO AstroSchema.AstroObjects VALUES ('dba-7279', 'Sarpocchus-C-1', 43616671602.7, 722.0);
INSERT INTO AstroSchema.Planets VALUES ('dba-7279', 'Super-Jupiter', 'Gas giant', (SELECT StarID FROM AstroSchema.Stars WHERE StarID = 'cgs-3823'), (SELECT GalaxyName FROM AstroSchema.Systems, AstroSchema.Stars WHERE StarID = 'cgs-3823' AND SystemName = InSystem));
INSERT INTO AstroSchema.AstroObjects VALUES ('yaw-1812', 'Sarpocchus-C-2', 39810645632.6, 8.7);
INSERT INTO AstroSchema.Planets VALUES ('yaw-1812', 'Mini-Neptune', 'Terrestrial', (SELECT StarID FROM AstroSchema.Stars WHERE StarID = 'cgs-3823'), (SELECT GalaxyName FROM AstroSchema.Systems, AstroSchema.Stars WHERE StarID = 'cgs-3823' AND SystemName = InSystem));
INSERT INTO AstroSchema.AstroObjects VALUES ('eek-5826', 'Sarpocchus-C-3', 10335775059.2, 653.5);
INSERT INTO AstroSchema.Planets VALUES ('eek-5826', 'Sub-Earth', 'Helium', (SELECT StarID FROM AstroSchema.Stars WHERE StarID = 'cgs-3823'), (SELECT GalaxyName FROM AstroSchema.Systems, AstroSchema.Stars WHERE StarID = 'cgs-3823' AND SystemName = InSystem));
INSERT INTO AstroSchema.AstroObjects VALUES ('anf-4968', 'Sarpocchus-C-4', 28696104953.8, 1199.3);
INSERT INTO AstroSchema.Planets VALUES ('anf-4968', 'Mini-Neptune', 'Desert', (SELECT StarID FROM AstroSchema.Stars WHERE StarID = 'cgs-3823'), (SELECT GalaxyName FROM AstroSchema.Systems, AstroSchema.Stars WHERE StarID = 'cgs-3823' AND SystemName = InSystem));
INSERT INTO AstroSchema.AstroObjects VALUES ('rae-8592', 'Sarpocchus-C-5', 34149310740.0, 904.1);
INSERT INTO AstroSchema.Planets VALUES ('rae-8592', 'Mini-Neptune', 'Helium', (SELECT StarID FROM AstroSchema.Stars WHERE StarID = 'cgs-3823'), (SELECT GalaxyName FROM AstroSchema.Systems, AstroSchema.Stars WHERE StarID = 'cgs-3823' AND SystemName = InSystem));
INSERT INTO AstroSchema.AstroObjects VALUES ('zna-2782', 'Sarpocchus-C-6', 2466624645.2, 932.4);
INSERT INTO AstroSchema.Planets VALUES ('zna-2782', 'Ice Giant', 'Terrestrial', (SELECT StarID FROM AstroSchema.Stars WHERE StarID = 'cgs-3823'), (SELECT GalaxyName FROM AstroSchema.Systems, AstroSchema.Stars WHERE StarID = 'cgs-3823' AND SystemName = InSystem));
INSERT INTO AstroSchema.AstroObjects VALUES ('yhb-4098', 'Sarpocchus-C-7', 27722821443.1, 1439.4);
INSERT INTO AstroSchema.Planets VALUES ('yhb-4098', 'Sub-Earth', 'Gas giant', (SELECT StarID FROM AstroSchema.Stars WHERE StarID = 'cgs-3823'), (SELECT GalaxyName FROM AstroSchema.Systems, AstroSchema.Stars WHERE StarID = 'cgs-3823' AND SystemName = InSystem));
INSERT INTO AstroSchema.AstroObjects VALUES ('jxs-1680', 'Sarpocchus-C-8', 13089998232.7, 6.6);
INSERT INTO AstroSchema.Planets VALUES ('jxs-1680', 'Super-Earth', 'Helium', (SELECT StarID FROM AstroSchema.Stars WHERE StarID = 'cgs-3823'), (SELECT GalaxyName FROM AstroSchema.Systems, AstroSchema.Stars WHERE StarID = 'cgs-3823' AND SystemName = InSystem));
INSERT INTO AstroSchema.AstroObjects VALUES ('uti-9081', 'Sarpocchus-C-9', 494060626.8, 919.7);
INSERT INTO AstroSchema.Planets VALUES ('uti-9081', 'Super-Jupiter', 'Hycean', (SELECT StarID FROM AstroSchema.Stars WHERE StarID = 'cgs-3823'), (SELECT GalaxyName FROM AstroSchema.Systems, AstroSchema.Stars WHERE StarID = 'cgs-3823' AND SystemName = InSystem));
INSERT INTO AstroSchema.AstroObjects VALUES ('dfk-6128', 'Sarpocchus-D', 22694457968.9, 79158422.0);
INSERT INTO AstroSchema.Stars VALUES ('dfk-6128', 'III', 'Sarpocchus');
INSERT INTO AstroSchema.AstroObjects VALUES ('xqz-7321', 'Sarpocchus-E', 38472151761.2, 93230114.8);
INSERT INTO AstroSchema.Stars VALUES ('xqz-7321', 'II', 'Sarpocchus');
INSERT INTO AstroSchema.AstroObjects VALUES ('mwe-5838', 'Sarpocchus-F', 20058422373.1, 63486519.1);
INSERT INTO AstroSchema.Stars VALUES ('mwe-5838', 'Ia', 'Sarpocchus');
INSERT INTO AstroSchema.AstroObjects VALUES ('orp-7984', 'Sarpocchus-F-0', 31431100071.1, 509.0);
INSERT INTO AstroSchema.Planets VALUES ('orp-7984', 'Mini-Neptune', 'Gas dwarf', (SELECT StarID FROM AstroSchema.Stars WHERE StarID = 'mwe-5838'), (SELECT GalaxyName FROM AstroSchema.Systems, AstroSchema.Stars WHERE StarID = 'mwe-5838' AND SystemName = InSystem));
INSERT INTO AstroSchema.AstroObjects VALUES ('wgl-5634', 'Sarpocchus-F-1', 3552939936.6, 330.7);
INSERT INTO AstroSchema.Planets VALUES ('wgl-5634', 'Super-Earth', 'Protoplanet', (SELECT StarID FROM AstroSchema.Stars WHERE StarID = 'mwe-5838'), (SELECT GalaxyName FROM AstroSchema.Systems, AstroSchema.Stars WHERE StarID = 'mwe-5838' AND SystemName = InSystem));
INSERT INTO AstroSchema.AstroObjects VALUES ('fon-1185', 'Sarpocchus-F-2', 14561869726.8, 203.2);
INSERT INTO AstroSchema.Planets VALUES ('fon-1185', 'Gas Giant', 'Ice', (SELECT StarID FROM AstroSchema.Stars WHERE StarID = 'mwe-5838'), (SELECT GalaxyName FROM AstroSchema.Systems, AstroSchema.Stars WHERE StarID = 'mwe-5838' AND SystemName = InSystem));
INSERT INTO AstroSchema.AstroObjects VALUES ('rdg-4685', 'Sarpocchus-F-3', 31931503345.3, 1016.0);
INSERT INTO AstroSchema.Planets VALUES ('rdg-4685', 'Ice Giant', 'Hycean', (SELECT StarID FROM AstroSchema.Stars WHERE StarID = 'mwe-5838'), (SELECT GalaxyName FROM AstroSchema.Systems, AstroSchema.Stars WHERE StarID = 'mwe-5838' AND SystemName = InSystem));
INSERT INTO AstroSchema.AstroObjects VALUES ('qwh-6954', 'Sarpocchus-F-4', 21134812811.4, 270.2);
INSERT INTO AstroSchema.Planets VALUES ('qwh-6954', 'Gas Giant', 'Ocean', (SELECT StarID FROM AstroSchema.Stars WHERE StarID = 'mwe-5838'), (SELECT GalaxyName FROM AstroSchema.Systems, AstroSchema.Stars WHERE StarID = 'mwe-5838' AND SystemName = InSystem));
INSERT INTO AstroSchema.AstroObjects VALUES ('oct-3736', 'Sarpocchus-F-5', 26203219753.0, 23.8);
INSERT INTO AstroSchema.Planets VALUES ('oct-3736', 'Super-Earth', 'Puffy', (SELECT StarID FROM AstroSchema.Stars WHERE StarID = 'mwe-5838'), (SELECT GalaxyName FROM AstroSchema.Systems, AstroSchema.Stars WHERE StarID = 'mwe-5838' AND SystemName = InSystem));
INSERT INTO AstroSchema.Systems VALUES ('', 'Mono', (SELECT GalaxyName FROM AstroSchema.Galaxies WHERE GalaxyName = 'Segue 1'), (SELECT ConstellationName FROM AstroSchema.Galaxies WHERE GalaxyName = 'Segue 1'));
INSERT INTO AstroSchema.AstroObjects VALUES ('hsm-6021', '', 26411952091.6, 15491580.4);
INSERT INTO AstroSchema.Stars VALUES ('hsm-6021', 'Ia', '');
INSERT INTO AstroSchema.AstroObjects VALUES ('vvn-4732', '-0', 30852612318.1, 802.8);
INSERT INTO AstroSchema.Planets VALUES ('vvn-4732', 'Super-Jupiter', 'Ice', (SELECT StarID FROM AstroSchema.Stars WHERE StarID = 'hsm-6021'), (SELECT GalaxyName FROM AstroSchema.Systems, AstroSchema.Stars WHERE StarID = 'hsm-6021' AND SystemName = InSystem));
INSERT INTO AstroSchema.AstroObjects VALUES ('kqm-3866', '-1', 15156213766.3, 235.7);
INSERT INTO AstroSchema.Planets VALUES ('kqm-3866', 'Sub-Earth', 'Chtonian', (SELECT StarID FROM AstroSchema.Stars WHERE StarID = 'hsm-6021'), (SELECT GalaxyName FROM AstroSchema.Systems, AstroSchema.Stars WHERE StarID = 'hsm-6021' AND SystemName = InSystem));
INSERT INTO AstroSchema.Systems VALUES ('Kongath', 'Mono', (SELECT GalaxyName FROM AstroSchema.Galaxies WHERE GalaxyName = 'Triangulum'), (SELECT ConstellationName FROM AstroSchema.Galaxies WHERE GalaxyName = 'Triangulum'));
INSERT INTO AstroSchema.AstroObjects VALUES ('zjg-4996', 'Kongath', 40554590268.1, 6123052.1);
INSERT INTO AstroSchema.Stars VALUES ('zjg-4996', 'Ia', 'Kongath');
INSERT INTO AstroSchema.AstroObjects VALUES ('fax-5030', 'Kongath-0', 29842407219.8, 564.3);
INSERT INTO AstroSchema.Planets VALUES ('fax-5030', 'Ice Giant', 'Hycean', (SELECT StarID FROM AstroSchema.Stars WHERE StarID = 'zjg-4996'), (SELECT GalaxyName FROM AstroSchema.Systems, AstroSchema.Stars WHERE StarID = 'zjg-4996' AND SystemName = InSystem));
INSERT INTO AstroSchema.Systems VALUES ('Takhvan', 'Mono', (SELECT GalaxyName FROM AstroSchema.Galaxies WHERE GalaxyName = 'Small Magellanic Cloud'), NULL);
INSERT INTO AstroSchema.AstroObjects VALUES ('ipv-6909', 'Takhvan', 42355222335.2, 76286220.1);
INSERT INTO AstroSchema.Stars VALUES ('ipv-6909', 'II', 'Takhvan');
INSERT INTO AstroSchema.AstroObjects VALUES ('gsy-4087', 'Takhvan-0', 21219034419.7, 623.7);
INSERT INTO AstroSchema.Planets VALUES ('gsy-4087', 'Super-Earth', 'Helium', (SELECT StarID FROM AstroSchema.Stars WHERE StarID = 'ipv-6909'), (SELECT GalaxyName FROM AstroSchema.Systems, AstroSchema.Stars WHERE StarID = 'ipv-6909' AND SystemName = InSystem));
INSERT INTO AstroSchema.AstroObjects VALUES ('jdx-9801', 'Takhvan-1', 19482405091.4, 453.0);
INSERT INTO AstroSchema.Planets VALUES ('jdx-9801', 'Sub-Earth', 'Protoplanet', (SELECT StarID FROM AstroSchema.Stars WHERE StarID = 'ipv-6909'), (SELECT GalaxyName FROM AstroSchema.Systems, AstroSchema.Stars WHERE StarID = 'ipv-6909' AND SystemName = InSystem));
INSERT INTO AstroSchema.AstroObjects VALUES ('ara-4717', 'Takhvan-2', 16736846868.2, 146.3);
INSERT INTO AstroSchema.Planets VALUES ('ara-4717', 'Sub-Earth', 'Protoplanet', (SELECT StarID FROM AstroSchema.Stars WHERE StarID = 'ipv-6909'), (SELECT GalaxyName FROM AstroSchema.Systems, AstroSchema.Stars WHERE StarID = 'ipv-6909' AND SystemName = InSystem));
INSERT INTO AstroSchema.Systems VALUES ('Gedexus', 'Mono', (SELECT GalaxyName FROM AstroSchema.Galaxies WHERE GalaxyName = 'Maffei 2'), (SELECT ConstellationName FROM AstroSchema.Galaxies WHERE GalaxyName = 'Maffei 2'));
INSERT INTO AstroSchema.AstroObjects VALUES ('aub-5346', 'Gedexus', 12095627773.3, 74671821.5);
INSERT INTO AstroSchema.Stars VALUES ('aub-5346', 'D', 'Gedexus');
INSERT INTO AstroSchema.AstroObjects VALUES ('ihv-5674', 'Gedexus-0', 5490409774.4, 1014.5);
INSERT INTO AstroSchema.Planets VALUES ('ihv-5674', 'Mini-Neptune', 'Puffy', (SELECT StarID FROM AstroSchema.Stars WHERE StarID = 'aub-5346'), (SELECT GalaxyName FROM AstroSchema.Systems, AstroSchema.Stars WHERE StarID = 'aub-5346' AND SystemName = InSystem));
INSERT INTO AstroSchema.AstroObjects VALUES ('vvt-6844', 'Gedexus-1', 45471458984.5, 273.6);
INSERT INTO AstroSchema.Planets VALUES ('vvt-6844', 'Super-Earth', 'Coreless', (SELECT StarID FROM AstroSchema.Stars WHERE StarID = 'aub-5346'), (SELECT GalaxyName FROM AstroSchema.Systems, AstroSchema.Stars WHERE StarID = 'aub-5346' AND SystemName = InSystem));
INSERT INTO AstroSchema.AstroObjects VALUES ('ouw-7855', 'Gedexus-2', 7978486729.4, 657.0);
INSERT INTO AstroSchema.Planets VALUES ('ouw-7855', 'Gas Giant', 'Puffy', (SELECT StarID FROM AstroSchema.Stars WHERE StarID = 'aub-5346'), (SELECT GalaxyName FROM AstroSchema.Systems, AstroSchema.Stars WHERE StarID = 'aub-5346' AND SystemName = InSystem));
INSERT INTO AstroSchema.AstroObjects VALUES ('fij-2221', 'Gedexus-3', 2861106693.3, 999.7);
INSERT INTO AstroSchema.Planets VALUES ('fij-2221', 'Sub-Earth', 'Protoplanet', (SELECT StarID FROM AstroSchema.Stars WHERE StarID = 'aub-5346'), (SELECT GalaxyName FROM AstroSchema.Systems, AstroSchema.Stars WHERE StarID = 'aub-5346' AND SystemName = InSystem));
INSERT INTO AstroSchema.AstroObjects VALUES ('sfd-1669', 'Gedexus-4', 18374345621.9, 1347.0);
INSERT INTO AstroSchema.Planets VALUES ('sfd-1669', 'Ice Giant', 'Gas dwarf', (SELECT StarID FROM AstroSchema.Stars WHERE StarID = 'aub-5346'), (SELECT GalaxyName FROM AstroSchema.Systems, AstroSchema.Stars WHERE StarID = 'aub-5346' AND SystemName = InSystem));
INSERT INTO AstroSchema.AstroObjects VALUES ('ekk-1867', 'Gedexus-5', 31748001140.9, 608.4);
INSERT INTO AstroSchema.Planets VALUES ('ekk-1867', 'Super-Earth', 'Terrestrial', (SELECT StarID FROM AstroSchema.Stars WHERE StarID = 'aub-5346'), (SELECT GalaxyName FROM AstroSchema.Systems, AstroSchema.Stars WHERE StarID = 'aub-5346' AND SystemName = InSystem));
INSERT INTO AstroSchema.AstroObjects VALUES ('iik-6425', 'Gedexus-6', 44485857794.5, 224.6);
INSERT INTO AstroSchema.Planets VALUES ('iik-6425', 'Mini-Neptune', 'Ice', (SELECT StarID FROM AstroSchema.Stars WHERE StarID = 'aub-5346'), (SELECT GalaxyName FROM AstroSchema.Systems, AstroSchema.Stars WHERE StarID = 'aub-5346' AND SystemName = InSystem));
INSERT INTO AstroSchema.Systems VALUES ('Churassix', 'Binary', (SELECT GalaxyName FROM AstroSchema.Galaxies WHERE GalaxyName = 'Barnards Galaxy'), (SELECT ConstellationName FROM AstroSchema.Galaxies WHERE GalaxyName = 'Barnards Galaxy'));
INSERT INTO AstroSchema.AstroObjects VALUES ('ljx-7837', 'Churassix-A', 8613506845.2, 20567680.7);
INSERT INTO AstroSchema.Stars VALUES ('ljx-7837', 'Ia', 'Churassix');
INSERT INTO AstroSchema.AstroObjects VALUES ('dhr-5119', 'Churassix-A-0', 3562396465.6, 632.2);
INSERT INTO AstroSchema.Planets VALUES ('dhr-5119', 'Ice Giant', 'Silicate', (SELECT StarID FROM AstroSchema.Stars WHERE StarID = 'ljx-7837'), (SELECT GalaxyName FROM AstroSchema.Systems, AstroSchema.Stars WHERE StarID = 'ljx-7837' AND SystemName = InSystem));
INSERT INTO AstroSchema.AstroObjects VALUES ('otz-2875', 'Churassix-A-1', 25203892986.2, 792.2);
INSERT INTO AstroSchema.Planets VALUES ('otz-2875', 'Super-Jupiter', 'Helium', (SELECT StarID FROM AstroSchema.Stars WHERE StarID = 'ljx-7837'), (SELECT GalaxyName FROM AstroSchema.Systems, AstroSchema.Stars WHERE StarID = 'ljx-7837' AND SystemName = InSystem));
INSERT INTO AstroSchema.AstroObjects VALUES ('dvj-3746', 'Churassix-B', 6944452686.4, 28491234.3);
INSERT INTO AstroSchema.Stars VALUES ('dvj-3746', 'VI', 'Churassix');
INSERT INTO AstroSchema.AstroObjects VALUES ('thl-5693', 'Churassix-B-0', 32904218372.8, 461.5);
INSERT INTO AstroSchema.Planets VALUES ('thl-5693', 'Super-Earth', 'Carbon', (SELECT StarID FROM AstroSchema.Stars WHERE StarID = 'dvj-3746'), (SELECT GalaxyName FROM AstroSchema.Systems, AstroSchema.Stars WHERE StarID = 'dvj-3746' AND SystemName = InSystem));
INSERT INTO AstroSchema.Systems VALUES ('Clochasaigh', 'Binary', (SELECT GalaxyName FROM AstroSchema.Galaxies WHERE GalaxyName = 'Wolf-Lundmark-Melotte'), NULL);
INSERT INTO AstroSchema.AstroObjects VALUES ('ozb-2411', 'Clochasaigh-A', 29379793565.9, 66158000.4);
INSERT INTO AstroSchema.Stars VALUES ('ozb-2411', 'Ib', 'Clochasaigh');
INSERT INTO AstroSchema.AstroObjects VALUES ('wsj-6298', 'Clochasaigh-A-0', 16070544751.6, 1328.9);
INSERT INTO AstroSchema.Planets VALUES ('wsj-6298', 'Super-Earth', 'Puffy', (SELECT StarID FROM AstroSchema.Stars WHERE StarID = 'ozb-2411'), (SELECT GalaxyName FROM AstroSchema.Systems, AstroSchema.Stars WHERE StarID = 'ozb-2411' AND SystemName = InSystem));
INSERT INTO AstroSchema.AstroObjects VALUES ('xjq-8091', 'Clochasaigh-A-1', 37876155956.9, 1328.9);
INSERT INTO AstroSchema.Planets VALUES ('xjq-8091', 'Sub-Earth', 'Ice', (SELECT StarID FROM AstroSchema.Stars WHERE StarID = 'ozb-2411'), (SELECT GalaxyName FROM AstroSchema.Systems, AstroSchema.Stars WHERE StarID = 'ozb-2411' AND SystemName = InSystem));
INSERT INTO AstroSchema.AstroObjects VALUES ('xai-5642', 'Clochasaigh-A-2', 44915517683.2, 1130.3);
INSERT INTO AstroSchema.Planets VALUES ('xai-5642', 'Super-Earth', 'Terrestrial', (SELECT StarID FROM AstroSchema.Stars WHERE StarID = 'ozb-2411'), (SELECT GalaxyName FROM AstroSchema.Systems, AstroSchema.Stars WHERE StarID = 'ozb-2411' AND SystemName = InSystem));
INSERT INTO AstroSchema.AstroObjects VALUES ('hhk-8627', 'Clochasaigh-A-3', 41530620362.7, 60.4);
INSERT INTO AstroSchema.Planets VALUES ('hhk-8627', 'Gas Giant', 'Chtonian', (SELECT StarID FROM AstroSchema.Stars WHERE StarID = 'ozb-2411'), (SELECT GalaxyName FROM AstroSchema.Systems, AstroSchema.Stars WHERE StarID = 'ozb-2411' AND SystemName = InSystem));
INSERT INTO AstroSchema.AstroObjects VALUES ('gpc-7307', 'Clochasaigh-A-4', 9605902258.7, 1482.3);
INSERT INTO AstroSchema.Planets VALUES ('gpc-7307', 'Super-Jupiter', 'Gas dwarf', (SELECT StarID FROM AstroSchema.Stars WHERE StarID = 'ozb-2411'), (SELECT GalaxyName FROM AstroSchema.Systems, AstroSchema.Stars WHERE StarID = 'ozb-2411' AND SystemName = InSystem));
INSERT INTO AstroSchema.AstroObjects VALUES ('lzl-3368', 'Clochasaigh-A-5', 41748136138.9, 1377.9);
INSERT INTO AstroSchema.Planets VALUES ('lzl-3368', 'Gas Giant', 'Gas dwarf', (SELECT StarID FROM AstroSchema.Stars WHERE StarID = 'ozb-2411'), (SELECT GalaxyName FROM AstroSchema.Systems, AstroSchema.Stars WHERE StarID = 'ozb-2411' AND SystemName = InSystem));
INSERT INTO AstroSchema.AstroObjects VALUES ('wac-7899', 'Clochasaigh-A-6', 26171877664.9, 37.9);
INSERT INTO AstroSchema.Planets VALUES ('wac-7899', 'Sub-Earth', 'Silicate', (SELECT StarID FROM AstroSchema.Stars WHERE StarID = 'ozb-2411'), (SELECT GalaxyName FROM AstroSchema.Systems, AstroSchema.Stars WHERE StarID = 'ozb-2411' AND SystemName = InSystem));
INSERT INTO AstroSchema.AstroObjects VALUES ('plq-9946', 'Clochasaigh-A-7', 39241774983.5, 1107.2);
INSERT INTO AstroSchema.Planets VALUES ('plq-9946', 'Mini-Neptune', 'Ocean', (SELECT StarID FROM AstroSchema.Stars WHERE StarID = 'ozb-2411'), (SELECT GalaxyName FROM AstroSchema.Systems, AstroSchema.Stars WHERE StarID = 'ozb-2411' AND SystemName = InSystem));
INSERT INTO AstroSchema.AstroObjects VALUES ('zhm-8417', 'Clochasaigh-A-8', 30427491995.7, 1297.3);
INSERT INTO AstroSchema.Planets VALUES ('zhm-8417', 'Gas Giant', 'Carbon', (SELECT StarID FROM AstroSchema.Stars WHERE StarID = 'ozb-2411'), (SELECT GalaxyName FROM AstroSchema.Systems, AstroSchema.Stars WHERE StarID = 'ozb-2411' AND SystemName = InSystem));
INSERT INTO AstroSchema.AstroObjects VALUES ('vxw-9169', 'Clochasaigh-B', 17390040984.2, 56387890.3);
INSERT INTO AstroSchema.Stars VALUES ('vxw-9169', 'Ib', 'Clochasaigh');
INSERT INTO AstroSchema.AstroObjects VALUES ('fas-9929', 'Clochasaigh-B-0', 2268066011.5, 752.7);
INSERT INTO AstroSchema.Planets VALUES ('fas-9929', 'Ice Giant', 'Helium', (SELECT StarID FROM AstroSchema.Stars WHERE StarID = 'vxw-9169'), (SELECT GalaxyName FROM AstroSchema.Systems, AstroSchema.Stars WHERE StarID = 'vxw-9169' AND SystemName = InSystem));
INSERT INTO AstroSchema.Systems VALUES ('Fijjon', 'Binary', (SELECT GalaxyName FROM AstroSchema.Galaxies WHERE GalaxyName = 'Large Magellanic Cloud'), (SELECT ConstellationName FROM AstroSchema.Galaxies WHERE GalaxyName = 'Large Magellanic Cloud'));
INSERT INTO AstroSchema.AstroObjects VALUES ('wzm-5047', 'Fijjon-A', 43173980376.2, 2022471.2);
INSERT INTO AstroSchema.Stars VALUES ('wzm-5047', 'Ib', 'Fijjon');
INSERT INTO AstroSchema.AstroObjects VALUES ('vtn-9423', 'Fijjon-B', 16552718777.7, 38922252.3);
INSERT INTO AstroSchema.Stars VALUES ('vtn-9423', 'D', 'Fijjon');
INSERT INTO AstroSchema.AstroObjects VALUES ('jad-2224', 'Fijjon-B-0', 5216082549.3, 1139.3);
INSERT INTO AstroSchema.Planets VALUES ('jad-2224', 'Mini-Neptune', 'Carbon', (SELECT StarID FROM AstroSchema.Stars WHERE StarID = 'vtn-9423'), (SELECT GalaxyName FROM AstroSchema.Systems, AstroSchema.Stars WHERE StarID = 'vtn-9423' AND SystemName = InSystem));
INSERT INTO AstroSchema.Systems VALUES ('Cirban', 'Multiple', (SELECT GalaxyName FROM AstroSchema.Galaxies WHERE GalaxyName = 'Andromeda'), (SELECT ConstellationName FROM AstroSchema.Galaxies WHERE GalaxyName = 'Andromeda'));
INSERT INTO AstroSchema.AstroObjects VALUES ('okx-2713', 'Cirban-A', 39106630004.6, 1483980.0);
INSERT INTO AstroSchema.Stars VALUES ('okx-2713', 'D', 'Cirban');
INSERT INTO AstroSchema.AstroObjects VALUES ('wvd-8562', 'Cirban-B', 43623687644.5, 68774624.4);
INSERT INTO AstroSchema.Stars VALUES ('wvd-8562', 'Ia-O', 'Cirban');
INSERT INTO AstroSchema.AstroObjects VALUES ('sfm-3564', 'Cirban-B-0', 1813146367.4, 986.3);
INSERT INTO AstroSchema.Planets VALUES ('sfm-3564', 'Super-Jupiter', 'Terrestrial', (SELECT StarID FROM AstroSchema.Stars WHERE StarID = 'wvd-8562'), (SELECT GalaxyName FROM AstroSchema.Systems, AstroSchema.Stars WHERE StarID = 'wvd-8562' AND SystemName = InSystem));
INSERT INTO AstroSchema.AstroObjects VALUES ('xar-7126', 'Cirban-B-1', 15821181791.5, 255.0);
INSERT INTO AstroSchema.Planets VALUES ('xar-7126', 'Sub-Earth', 'Chtonian', (SELECT StarID FROM AstroSchema.Stars WHERE StarID = 'wvd-8562'), (SELECT GalaxyName FROM AstroSchema.Systems, AstroSchema.Stars WHERE StarID = 'wvd-8562' AND SystemName = InSystem));
INSERT INTO AstroSchema.AstroObjects VALUES ('bqx-5558', 'Cirban-C', 3964096035.7, 49145134.9);
INSERT INTO AstroSchema.Stars VALUES ('bqx-5558', 'III', 'Cirban');
INSERT INTO AstroSchema.AstroObjects VALUES ('qck-1394', 'Cirban-C-0', 19838979830.0, 53.2);
INSERT INTO AstroSchema.Planets VALUES ('qck-1394', 'Sub-Earth', 'Protoplanet', (SELECT StarID FROM AstroSchema.Stars WHERE StarID = 'bqx-5558'), (SELECT GalaxyName FROM AstroSchema.Systems, AstroSchema.Stars WHERE StarID = 'bqx-5558' AND SystemName = InSystem));
INSERT INTO AstroSchema.AstroObjects VALUES ('gby-7173', 'Cirban-C-1', 35156815066.1, 1372.9);
INSERT INTO AstroSchema.Planets VALUES ('gby-7173', 'Super-Earth', 'Gas giant', (SELECT StarID FROM AstroSchema.Stars WHERE StarID = 'bqx-5558'), (SELECT GalaxyName FROM AstroSchema.Systems, AstroSchema.Stars WHERE StarID = 'bqx-5558' AND SystemName = InSystem));
INSERT INTO AstroSchema.AstroObjects VALUES ('vlh-9596', 'Cirban-C-2', 34745850060.4, 1405.3);
INSERT INTO AstroSchema.Planets VALUES ('vlh-9596', 'Ice Giant', 'Terrestrial', (SELECT StarID FROM AstroSchema.Stars WHERE StarID = 'bqx-5558'), (SELECT GalaxyName FROM AstroSchema.Systems, AstroSchema.Stars WHERE StarID = 'bqx-5558' AND SystemName = InSystem));
INSERT INTO AstroSchema.AstroObjects VALUES ('fhp-3627', 'Cirban-C-3', 16272842228.8, 655.9);
INSERT INTO AstroSchema.Planets VALUES ('fhp-3627', 'Super-Jupiter', 'Ice', (SELECT StarID FROM AstroSchema.Stars WHERE StarID = 'bqx-5558'), (SELECT GalaxyName FROM AstroSchema.Systems, AstroSchema.Stars WHERE StarID = 'bqx-5558' AND SystemName = InSystem));
INSERT INTO AstroSchema.AstroObjects VALUES ('hfa-9275', 'Cirban-C-4', 41186067259.4, 838.1);
INSERT INTO AstroSchema.Planets VALUES ('hfa-9275', 'Sub-Earth', 'Ice', (SELECT StarID FROM AstroSchema.Stars WHERE StarID = 'bqx-5558'), (SELECT GalaxyName FROM AstroSchema.Systems, AstroSchema.Stars WHERE StarID = 'bqx-5558' AND SystemName = InSystem));
INSERT INTO AstroSchema.AstroObjects VALUES ('oum-8440', 'Cirban-C-5', 43302581865.3, 7.6);
INSERT INTO AstroSchema.Planets VALUES ('oum-8440', 'Sub-Earth', 'Silicate', (SELECT StarID FROM AstroSchema.Stars WHERE StarID = 'bqx-5558'), (SELECT GalaxyName FROM AstroSchema.Systems, AstroSchema.Stars WHERE StarID = 'bqx-5558' AND SystemName = InSystem));
INSERT INTO AstroSchema.AstroObjects VALUES ('fzn-5422', 'Cirban-C-6', 21150489803.9, 1386.7);
INSERT INTO AstroSchema.Planets VALUES ('fzn-5422', 'Ice Giant', 'Terrestrial', (SELECT StarID FROM AstroSchema.Stars WHERE StarID = 'bqx-5558'), (SELECT GalaxyName FROM AstroSchema.Systems, AstroSchema.Stars WHERE StarID = 'bqx-5558' AND SystemName = InSystem));
INSERT INTO AstroSchema.AstroObjects VALUES ('sbw-7222', 'Cirban-D', 18607541065.9, 33421973.5);
INSERT INTO AstroSchema.Stars VALUES ('sbw-7222', 'V', 'Cirban');
INSERT INTO AstroSchema.AstroObjects VALUES ('umg-5210', 'Cirban-E', 6267675508.4, 22529471.2);
INSERT INTO AstroSchema.Stars VALUES ('umg-5210', 'III', 'Cirban');
INSERT INTO AstroSchema.AstroObjects VALUES ('twg-1661', 'Cirban-E-0', 38611613276.2, 388.9);
INSERT INTO AstroSchema.Planets VALUES ('twg-1661', 'Mini-Neptune', 'Carbon', (SELECT StarID FROM AstroSchema.Stars WHERE StarID = 'umg-5210'), (SELECT GalaxyName FROM AstroSchema.Systems, AstroSchema.Stars WHERE StarID = 'umg-5210' AND SystemName = InSystem));
INSERT INTO AstroSchema.AstroObjects VALUES ('mqo-1534', 'Cirban-E-1', 20186863909.8, 788.8);
INSERT INTO AstroSchema.Planets VALUES ('mqo-1534', 'Super-Jupiter', 'Silicate', (SELECT StarID FROM AstroSchema.Stars WHERE StarID = 'umg-5210'), (SELECT GalaxyName FROM AstroSchema.Systems, AstroSchema.Stars WHERE StarID = 'umg-5210' AND SystemName = InSystem));
INSERT INTO AstroSchema.AstroObjects VALUES ('ynl-9578', 'Cirban-E-2', 27567830334.2, 107.2);
INSERT INTO AstroSchema.Planets VALUES ('ynl-9578', 'Sub-Earth', 'Gas giant', (SELECT StarID FROM AstroSchema.Stars WHERE StarID = 'umg-5210'), (SELECT GalaxyName FROM AstroSchema.Systems, AstroSchema.Stars WHERE StarID = 'umg-5210' AND SystemName = InSystem));
INSERT INTO AstroSchema.AstroObjects VALUES ('hqe-1879', 'Cirban-E-3', 33857320691.9, 253.5);
INSERT INTO AstroSchema.Planets VALUES ('hqe-1879', 'Super-Earth', 'Terrestrial', (SELECT StarID FROM AstroSchema.Stars WHERE StarID = 'umg-5210'), (SELECT GalaxyName FROM AstroSchema.Systems, AstroSchema.Stars WHERE StarID = 'umg-5210' AND SystemName = InSystem));
INSERT INTO AstroSchema.AstroObjects VALUES ('nwl-3548', 'Cirban-F', 16161477381.6, 59864868.0);
INSERT INTO AstroSchema.Stars VALUES ('nwl-3548', 'IV', 'Cirban');
INSERT INTO AstroSchema.AstroObjects VALUES ('iyl-2146', 'Cirban-F-0', 41214831492.1, 51.0);
INSERT INTO AstroSchema.Planets VALUES ('iyl-2146', 'Super-Jupiter', 'Ice', (SELECT StarID FROM AstroSchema.Stars WHERE StarID = 'nwl-3548'), (SELECT GalaxyName FROM AstroSchema.Systems, AstroSchema.Stars WHERE StarID = 'nwl-3548' AND SystemName = InSystem));
INSERT INTO AstroSchema.AstroObjects VALUES ('jtb-9770', 'Cirban-F-1', 44513768215.6, 422.6);
INSERT INTO AstroSchema.Planets VALUES ('jtb-9770', 'Gas Giant', 'Terrestrial', (SELECT StarID FROM AstroSchema.Stars WHERE StarID = 'nwl-3548'), (SELECT GalaxyName FROM AstroSchema.Systems, AstroSchema.Stars WHERE StarID = 'nwl-3548' AND SystemName = InSystem));
INSERT INTO AstroSchema.AstroObjects VALUES ('xtz-9259', 'Cirban-F-2', 14457239060.4, 708.8);
INSERT INTO AstroSchema.Planets VALUES ('xtz-9259', 'Sub-Earth', 'Puffy', (SELECT StarID FROM AstroSchema.Stars WHERE StarID = 'nwl-3548'), (SELECT GalaxyName FROM AstroSchema.Systems, AstroSchema.Stars WHERE StarID = 'nwl-3548' AND SystemName = InSystem));
INSERT INTO AstroSchema.AstroObjects VALUES ('dsf-8340', 'Cirban-G', 30958220536.5, 47201362.0);
INSERT INTO AstroSchema.Stars VALUES ('dsf-8340', 'III', 'Cirban');
INSERT INTO AstroSchema.AstroObjects VALUES ('mlv-5562', 'Cirban-G-0', 11042514166.7, 435.8);
INSERT INTO AstroSchema.Planets VALUES ('mlv-5562', 'Gas Giant', 'Desert', (SELECT StarID FROM AstroSchema.Stars WHERE StarID = 'dsf-8340'), (SELECT GalaxyName FROM AstroSchema.Systems, AstroSchema.Stars WHERE StarID = 'dsf-8340' AND SystemName = InSystem));
INSERT INTO AstroSchema.AstroObjects VALUES ('ivv-9700', 'Cirban-G-1', 10038108297.5, 1136.0);
INSERT INTO AstroSchema.Planets VALUES ('ivv-9700', 'Super-Jupiter', 'Protoplanet', (SELECT StarID FROM AstroSchema.Stars WHERE StarID = 'dsf-8340'), (SELECT GalaxyName FROM AstroSchema.Systems, AstroSchema.Stars WHERE StarID = 'dsf-8340' AND SystemName = InSystem));
INSERT INTO AstroSchema.AstroObjects VALUES ('rbi-1210', 'Cirban-G-2', 20367003009.1, 968.8);
INSERT INTO AstroSchema.Planets VALUES ('rbi-1210', 'Gas Giant', 'Ice', (SELECT StarID FROM AstroSchema.Stars WHERE StarID = 'dsf-8340'), (SELECT GalaxyName FROM AstroSchema.Systems, AstroSchema.Stars WHERE StarID = 'dsf-8340' AND SystemName = InSystem));
INSERT INTO AstroSchema.Systems VALUES ('Eskellion', 'Mono', (SELECT GalaxyName FROM AstroSchema.Galaxies WHERE GalaxyName = 'Messier 110'), (SELECT ConstellationName FROM AstroSchema.Galaxies WHERE GalaxyName = 'Messier 110'));
INSERT INTO AstroSchema.AstroObjects VALUES ('shp-5186', 'Eskellion', 42708369973.0, 9238442.6);
INSERT INTO AstroSchema.Stars VALUES ('shp-5186', 'Ib', 'Eskellion');
INSERT INTO AstroSchema.AstroObjects VALUES ('xbd-3053', 'Eskellion-0', 31161158931.7, 102.1);
INSERT INTO AstroSchema.Planets VALUES ('xbd-3053', 'Ice Giant', 'Terrestrial', (SELECT StarID FROM AstroSchema.Stars WHERE StarID = 'shp-5186'), (SELECT GalaxyName FROM AstroSchema.Systems, AstroSchema.Stars WHERE StarID = 'shp-5186' AND SystemName = InSystem));
INSERT INTO AstroSchema.AstroObjects VALUES ('poz-1479', 'Eskellion-1', 43576168654.5, 394.1);
INSERT INTO AstroSchema.Planets VALUES ('poz-1479', 'Super-Earth', 'Puffy', (SELECT StarID FROM AstroSchema.Stars WHERE StarID = 'shp-5186'), (SELECT GalaxyName FROM AstroSchema.Systems, AstroSchema.Stars WHERE StarID = 'shp-5186' AND SystemName = InSystem));
INSERT INTO AstroSchema.AstroObjects VALUES ('nua-1655', 'Eskellion-2', 15374137830.3, 32.6);
INSERT INTO AstroSchema.Planets VALUES ('nua-1655', 'Ice Giant', 'Terrestrial', (SELECT StarID FROM AstroSchema.Stars WHERE StarID = 'shp-5186'), (SELECT GalaxyName FROM AstroSchema.Systems, AstroSchema.Stars WHERE StarID = 'shp-5186' AND SystemName = InSystem));
INSERT INTO AstroSchema.AstroObjects VALUES ('qjq-1272', 'Eskellion-3', 8149219859.3, 627.9);
INSERT INTO AstroSchema.Planets VALUES ('qjq-1272', 'Super-Earth', 'Ice', (SELECT StarID FROM AstroSchema.Stars WHERE StarID = 'shp-5186'), (SELECT GalaxyName FROM AstroSchema.Systems, AstroSchema.Stars WHERE StarID = 'shp-5186' AND SystemName = InSystem));
INSERT INTO AstroSchema.AstroObjects VALUES ('pne-2069', 'Eskellion-4', 36098094271.8, 22.7);
INSERT INTO AstroSchema.Planets VALUES ('pne-2069', 'Ice Giant', 'Carbon', (SELECT StarID FROM AstroSchema.Stars WHERE StarID = 'shp-5186'), (SELECT GalaxyName FROM AstroSchema.Systems, AstroSchema.Stars WHERE StarID = 'shp-5186' AND SystemName = InSystem));
INSERT INTO AstroSchema.AstroObjects VALUES ('fpy-6362', 'Eskellion-5', 5100769530.0, 580.4);
INSERT INTO AstroSchema.Planets VALUES ('fpy-6362', 'Super-Earth', 'Gas dwarf', (SELECT StarID FROM AstroSchema.Stars WHERE StarID = 'shp-5186'), (SELECT GalaxyName FROM AstroSchema.Systems, AstroSchema.Stars WHERE StarID = 'shp-5186' AND SystemName = InSystem));
INSERT INTO AstroSchema.Systems VALUES ('Onab', 'Multiple', (SELECT GalaxyName FROM AstroSchema.Galaxies WHERE GalaxyName = 'Milky Way'), (SELECT ConstellationName FROM AstroSchema.Galaxies WHERE GalaxyName = 'Milky Way'));
INSERT INTO AstroSchema.AstroObjects VALUES ('ali-2877', 'Onab-A', 13410303761.0, 40382266.6);
INSERT INTO AstroSchema.Stars VALUES ('ali-2877', 'V', 'Onab');
INSERT INTO AstroSchema.AstroObjects VALUES ('omr-5573', 'Onab-B', 44252132418.4, 12343530.5);
INSERT INTO AstroSchema.Stars VALUES ('omr-5573', 'Ia-O', 'Onab');
INSERT INTO AstroSchema.AstroObjects VALUES ('zmm-2595', 'Onab-B-0', 14645903359.4, 472.4);
INSERT INTO AstroSchema.Planets VALUES ('zmm-2595', 'Mini-Neptune', 'Chtonian', (SELECT StarID FROM AstroSchema.Stars WHERE StarID = 'omr-5573'), (SELECT GalaxyName FROM AstroSchema.Systems, AstroSchema.Stars WHERE StarID = 'omr-5573' AND SystemName = InSystem));
INSERT INTO AstroSchema.AstroObjects VALUES ('fmg-5914', 'Onab-B-1', 1340508680.0, 1462.5);
INSERT INTO AstroSchema.Planets VALUES ('fmg-5914', 'Super-Jupiter', 'Carbon', (SELECT StarID FROM AstroSchema.Stars WHERE StarID = 'omr-5573'), (SELECT GalaxyName FROM AstroSchema.Systems, AstroSchema.Stars WHERE StarID = 'omr-5573' AND SystemName = InSystem));
INSERT INTO AstroSchema.AstroObjects VALUES ('ygf-8535', 'Onab-B-2', 38809722960.3, 56.2);
INSERT INTO AstroSchema.Planets VALUES ('ygf-8535', 'Mini-Neptune', 'Puffy', (SELECT StarID FROM AstroSchema.Stars WHERE StarID = 'omr-5573'), (SELECT GalaxyName FROM AstroSchema.Systems, AstroSchema.Stars WHERE StarID = 'omr-5573' AND SystemName = InSystem));
INSERT INTO AstroSchema.AstroObjects VALUES ('ibp-8615', 'Onab-B-3', 15443856488.8, 1351.5);
INSERT INTO AstroSchema.Planets VALUES ('ibp-8615', 'Gas Giant', 'Puffy', (SELECT StarID FROM AstroSchema.Stars WHERE StarID = 'omr-5573'), (SELECT GalaxyName FROM AstroSchema.Systems, AstroSchema.Stars WHERE StarID = 'omr-5573' AND SystemName = InSystem));
INSERT INTO AstroSchema.AstroObjects VALUES ('ovn-7357', 'Onab-B-4', 17260652280.2, 1310.1);
INSERT INTO AstroSchema.Planets VALUES ('ovn-7357', 'Super-Jupiter', 'Silicate', (SELECT StarID FROM AstroSchema.Stars WHERE StarID = 'omr-5573'), (SELECT GalaxyName FROM AstroSchema.Systems, AstroSchema.Stars WHERE StarID = 'omr-5573' AND SystemName = InSystem));
INSERT INTO AstroSchema.AstroObjects VALUES ('pgq-4405', 'Onab-C', 42790833708.5, 515254.3);
INSERT INTO AstroSchema.Stars VALUES ('pgq-4405', 'VI', 'Onab');
INSERT INTO AstroSchema.AstroObjects VALUES ('ghg-7329', 'Onab-C-0', 20982464599.2, 698.2);
INSERT INTO AstroSchema.Planets VALUES ('ghg-7329', 'Super-Jupiter', 'Coreless', (SELECT StarID FROM AstroSchema.Stars WHERE StarID = 'pgq-4405'), (SELECT GalaxyName FROM AstroSchema.Systems, AstroSchema.Stars WHERE StarID = 'pgq-4405' AND SystemName = InSystem));
INSERT INTO AstroSchema.AstroObjects VALUES ('cwb-9536', 'Onab-C-1', 26523226267.4, 1056.5);
INSERT INTO AstroSchema.Planets VALUES ('cwb-9536', 'Mini-Neptune', 'Desert', (SELECT StarID FROM AstroSchema.Stars WHERE StarID = 'pgq-4405'), (SELECT GalaxyName FROM AstroSchema.Systems, AstroSchema.Stars WHERE StarID = 'pgq-4405' AND SystemName = InSystem));
INSERT INTO AstroSchema.AstroObjects VALUES ('bbb-2709', 'Onab-C-2', 39984573314.8, 871.0);
INSERT INTO AstroSchema.Planets VALUES ('bbb-2709', 'Sub-Earth', 'Terrestrial', (SELECT StarID FROM AstroSchema.Stars WHERE StarID = 'pgq-4405'), (SELECT GalaxyName FROM AstroSchema.Systems, AstroSchema.Stars WHERE StarID = 'pgq-4405' AND SystemName = InSystem));
INSERT INTO AstroSchema.AstroObjects VALUES ('adp-6913', 'Onab-C-3', 30504534012.1, 1032.4);
INSERT INTO AstroSchema.Planets VALUES ('adp-6913', 'Gas Giant', 'Terrestrial', (SELECT StarID FROM AstroSchema.Stars WHERE StarID = 'pgq-4405'), (SELECT GalaxyName FROM AstroSchema.Systems, AstroSchema.Stars WHERE StarID = 'pgq-4405' AND SystemName = InSystem));
INSERT INTO AstroSchema.AstroObjects VALUES ('bdm-6234', 'Onab-D', 14856702170.9, 53415481.6);
INSERT INTO AstroSchema.Stars VALUES ('bdm-6234', 'D', 'Onab');
INSERT INTO AstroSchema.AstroObjects VALUES ('fod-5499', 'Onab-E', 23593919444.6, 57583706.3);
INSERT INTO AstroSchema.Stars VALUES ('fod-5499', 'III', 'Onab');
INSERT INTO AstroSchema.AstroObjects VALUES ('wdz-1229', 'Onab-E-0', 43282778051.2, 622.5);
INSERT INTO AstroSchema.Planets VALUES ('wdz-1229', 'Gas Giant', 'Terrestrial', (SELECT StarID FROM AstroSchema.Stars WHERE StarID = 'fod-5499'), (SELECT GalaxyName FROM AstroSchema.Systems, AstroSchema.Stars WHERE StarID = 'fod-5499' AND SystemName = InSystem));
INSERT INTO AstroSchema.Systems VALUES ('Krakaum', 'Quaternary', (SELECT GalaxyName FROM AstroSchema.Galaxies WHERE GalaxyName = 'Leo II'), (SELECT ConstellationName FROM AstroSchema.Galaxies WHERE GalaxyName = 'Leo II'));
INSERT INTO AstroSchema.AstroObjects VALUES ('nlf-1094', 'Krakaum-A', 6807768053.2, 44975559.4);
INSERT INTO AstroSchema.Stars VALUES ('nlf-1094', 'Ib', 'Krakaum');
INSERT INTO AstroSchema.AstroObjects VALUES ('nbz-2848', 'Krakaum-B', 16380650136.1, 38005227.4);
INSERT INTO AstroSchema.Stars VALUES ('nbz-2848', 'Ia-O', 'Krakaum');
INSERT INTO AstroSchema.AstroObjects VALUES ('agi-3269', 'Krakaum-B-0', 40289556714.3, 966.4);
INSERT INTO AstroSchema.Planets VALUES ('agi-3269', 'Sub-Earth', 'Gas dwarf', (SELECT StarID FROM AstroSchema.Stars WHERE StarID = 'nbz-2848'), (SELECT GalaxyName FROM AstroSchema.Systems, AstroSchema.Stars WHERE StarID = 'nbz-2848' AND SystemName = InSystem));
INSERT INTO AstroSchema.AstroObjects VALUES ('nqq-8473', 'Krakaum-C', 19908382079.3, 50725900.0);
INSERT INTO AstroSchema.Stars VALUES ('nqq-8473', 'II', 'Krakaum');
INSERT INTO AstroSchema.AstroObjects VALUES ('clf-9491', 'Krakaum-C-0', 41649080104.3, 156.5);
INSERT INTO AstroSchema.Planets VALUES ('clf-9491', 'Super-Earth', 'Terrestrial', (SELECT StarID FROM AstroSchema.Stars WHERE StarID = 'nqq-8473'), (SELECT GalaxyName FROM AstroSchema.Systems, AstroSchema.Stars WHERE StarID = 'nqq-8473' AND SystemName = InSystem));
INSERT INTO AstroSchema.AstroObjects VALUES ('aaj-2474', 'Krakaum-D', 34798094034.7, 12483199.9);
INSERT INTO AstroSchema.Stars VALUES ('aaj-2474', 'Ia', 'Krakaum');
INSERT INTO AstroSchema.AstroObjects VALUES ('rhg-5040', 'Krakaum-D-0', 24294657712.1, 595.9);
INSERT INTO AstroSchema.Planets VALUES ('rhg-5040', 'Super-Jupiter', 'Coreless', (SELECT StarID FROM AstroSchema.Stars WHERE StarID = 'aaj-2474'), (SELECT GalaxyName FROM AstroSchema.Systems, AstroSchema.Stars WHERE StarID = 'aaj-2474' AND SystemName = InSystem));
INSERT INTO AstroSchema.AstroObjects VALUES ('dvq-3036', 'Krakaum-D-1', 6151059872.7, 1446.1);
INSERT INTO AstroSchema.Planets VALUES ('dvq-3036', 'Ice Giant', 'Hycean', (SELECT StarID FROM AstroSchema.Stars WHERE StarID = 'aaj-2474'), (SELECT GalaxyName FROM AstroSchema.Systems, AstroSchema.Stars WHERE StarID = 'aaj-2474' AND SystemName = InSystem));
INSERT INTO AstroSchema.AstroObjects VALUES ('rsm-6110', 'Krakaum-D-2', 29436005812.8, 236.7);
INSERT INTO AstroSchema.Planets VALUES ('rsm-6110', 'Sub-Earth', 'Terrestrial', (SELECT StarID FROM AstroSchema.Stars WHERE StarID = 'aaj-2474'), (SELECT GalaxyName FROM AstroSchema.Systems, AstroSchema.Stars WHERE StarID = 'aaj-2474' AND SystemName = InSystem));
INSERT INTO AstroSchema.Systems VALUES ('Bera', 'Multiple', (SELECT GalaxyName FROM AstroSchema.Galaxies WHERE GalaxyName = 'IC 10'), (SELECT ConstellationName FROM AstroSchema.Galaxies WHERE GalaxyName = 'IC 10'));
INSERT INTO AstroSchema.AstroObjects VALUES ('tqz-8366', 'Bera-A', 40860302673.6, 11453003.4);
INSERT INTO AstroSchema.Stars VALUES ('tqz-8366', 'D', 'Bera');
INSERT INTO AstroSchema.AstroObjects VALUES ('fpf-4870', 'Bera-A-0', 12819313384.0, 568.7);
INSERT INTO AstroSchema.Planets VALUES ('fpf-4870', 'Ice Giant', 'Puffy', (SELECT StarID FROM AstroSchema.Stars WHERE StarID = 'tqz-8366'), (SELECT GalaxyName FROM AstroSchema.Systems, AstroSchema.Stars WHERE StarID = 'tqz-8366' AND SystemName = InSystem));
INSERT INTO AstroSchema.AstroObjects VALUES ('osm-9072', 'Bera-A-1', 6119215171.1, 787.8);
INSERT INTO AstroSchema.Planets VALUES ('osm-9072', 'Super-Jupiter', 'Gas giant', (SELECT StarID FROM AstroSchema.Stars WHERE StarID = 'tqz-8366'), (SELECT GalaxyName FROM AstroSchema.Systems, AstroSchema.Stars WHERE StarID = 'tqz-8366' AND SystemName = InSystem));
INSERT INTO AstroSchema.AstroObjects VALUES ('tgu-7983', 'Bera-A-2', 39227826877.0, 958.2);
INSERT INTO AstroSchema.Planets VALUES ('tgu-7983', 'Gas Giant', 'Desert', (SELECT StarID FROM AstroSchema.Stars WHERE StarID = 'tqz-8366'), (SELECT GalaxyName FROM AstroSchema.Systems, AstroSchema.Stars WHERE StarID = 'tqz-8366' AND SystemName = InSystem));
INSERT INTO AstroSchema.AstroObjects VALUES ('qec-2009', 'Bera-A-3', 26702495396.9, 563.2);
INSERT INTO AstroSchema.Planets VALUES ('qec-2009', 'Sub-Earth', 'Ice', (SELECT StarID FROM AstroSchema.Stars WHERE StarID = 'tqz-8366'), (SELECT GalaxyName FROM AstroSchema.Systems, AstroSchema.Stars WHERE StarID = 'tqz-8366' AND SystemName = InSystem));
INSERT INTO AstroSchema.AstroObjects VALUES ('bqc-9475', 'Bera-A-4', 24161180672.4, 1057.3);
INSERT INTO AstroSchema.Planets VALUES ('bqc-9475', 'Ice Giant', 'Chtonian', (SELECT StarID FROM AstroSchema.Stars WHERE StarID = 'tqz-8366'), (SELECT GalaxyName FROM AstroSchema.Systems, AstroSchema.Stars WHERE StarID = 'tqz-8366' AND SystemName = InSystem));
INSERT INTO AstroSchema.AstroObjects VALUES ('jws-4534', 'Bera-A-5', 35183685185.3, 938.9);
INSERT INTO AstroSchema.Planets VALUES ('jws-4534', 'Mini-Neptune', 'Ice', (SELECT StarID FROM AstroSchema.Stars WHERE StarID = 'tqz-8366'), (SELECT GalaxyName FROM AstroSchema.Systems, AstroSchema.Stars WHERE StarID = 'tqz-8366' AND SystemName = InSystem));
INSERT INTO AstroSchema.AstroObjects VALUES ('tkt-3466', 'Bera-B', 26593651058.8, 96372595.9);
INSERT INTO AstroSchema.Stars VALUES ('tkt-3466', 'II', 'Bera');
INSERT INTO AstroSchema.AstroObjects VALUES ('cyj-2011', 'Bera-B-0', 45168422386.7, 37.1);
INSERT INTO AstroSchema.Planets VALUES ('cyj-2011', 'Mini-Neptune', 'Puffy', (SELECT StarID FROM AstroSchema.Stars WHERE StarID = 'tkt-3466'), (SELECT GalaxyName FROM AstroSchema.Systems, AstroSchema.Stars WHERE StarID = 'tkt-3466' AND SystemName = InSystem));
INSERT INTO AstroSchema.AstroObjects VALUES ('hfl-6909', 'Bera-B-1', 33010740069.6, 6.8);
INSERT INTO AstroSchema.Planets VALUES ('hfl-6909', 'Sub-Earth', 'Ocean', (SELECT StarID FROM AstroSchema.Stars WHERE StarID = 'tkt-3466'), (SELECT GalaxyName FROM AstroSchema.Systems, AstroSchema.Stars WHERE StarID = 'tkt-3466' AND SystemName = InSystem));
INSERT INTO AstroSchema.AstroObjects VALUES ('uyv-8431', 'Bera-B-2', 10237728048.0, 1242.5);
INSERT INTO AstroSchema.Planets VALUES ('uyv-8431', 'Sub-Earth', 'Desert', (SELECT StarID FROM AstroSchema.Stars WHERE StarID = 'tkt-3466'), (SELECT GalaxyName FROM AstroSchema.Systems, AstroSchema.Stars WHERE StarID = 'tkt-3466' AND SystemName = InSystem));
INSERT INTO AstroSchema.AstroObjects VALUES ('hpj-7376', 'Bera-C', 14829290399.5, 34771498.8);
INSERT INTO AstroSchema.Stars VALUES ('hpj-7376', 'Ib', 'Bera');
INSERT INTO AstroSchema.AstroObjects VALUES ('aji-5404', 'Bera-D', 41245209566.7, 96990564.3);
INSERT INTO AstroSchema.Stars VALUES ('aji-5404', 'Ia', 'Bera');
INSERT INTO AstroSchema.AstroObjects VALUES ('dob-1488', 'Bera-D-0', 18939928627.3, 66.9);
INSERT INTO AstroSchema.Planets VALUES ('dob-1488', 'Sub-Earth', 'Helium', (SELECT StarID FROM AstroSchema.Stars WHERE StarID = 'aji-5404'), (SELECT GalaxyName FROM AstroSchema.Systems, AstroSchema.Stars WHERE StarID = 'aji-5404' AND SystemName = InSystem));
INSERT INTO AstroSchema.AstroObjects VALUES ('kti-7879', 'Bera-D-1', 32203005352.7, 1246.9);
INSERT INTO AstroSchema.Planets VALUES ('kti-7879', 'Mini-Neptune', 'Ocean', (SELECT StarID FROM AstroSchema.Stars WHERE StarID = 'aji-5404'), (SELECT GalaxyName FROM AstroSchema.Systems, AstroSchema.Stars WHERE StarID = 'aji-5404' AND SystemName = InSystem));
INSERT INTO AstroSchema.AstroObjects VALUES ('ljb-6011', 'Bera-D-2', 15620189148.8, 818.7);
INSERT INTO AstroSchema.Planets VALUES ('ljb-6011', 'Gas Giant', 'Chtonian', (SELECT StarID FROM AstroSchema.Stars WHERE StarID = 'aji-5404'), (SELECT GalaxyName FROM AstroSchema.Systems, AstroSchema.Stars WHERE StarID = 'aji-5404' AND SystemName = InSystem));
INSERT INTO AstroSchema.AstroObjects VALUES ('bye-8075', 'Bera-D-3', 10728176999.6, 762.0);
INSERT INTO AstroSchema.Planets VALUES ('bye-8075', 'Super-Earth', 'Helium', (SELECT StarID FROM AstroSchema.Stars WHERE StarID = 'aji-5404'), (SELECT GalaxyName FROM AstroSchema.Systems, AstroSchema.Stars WHERE StarID = 'aji-5404' AND SystemName = InSystem));
INSERT INTO AstroSchema.AstroObjects VALUES ('ayw-8708', 'Bera-E', 38501731873.0, 92601902.2);
INSERT INTO AstroSchema.Stars VALUES ('ayw-8708', 'II', 'Bera');
INSERT INTO AstroSchema.AstroObjects VALUES ('rcl-7363', 'Bera-F', 2360290261.9, 49413605.3);
INSERT INTO AstroSchema.Stars VALUES ('rcl-7363', 'Ia', 'Bera');
INSERT INTO AstroSchema.AstroObjects VALUES ('qgo-7897', 'Bera-F-0', 36373141363.7, 1293.1);
INSERT INTO AstroSchema.Planets VALUES ('qgo-7897', 'Gas Giant', 'Terrestrial', (SELECT StarID FROM AstroSchema.Stars WHERE StarID = 'rcl-7363'), (SELECT GalaxyName FROM AstroSchema.Systems, AstroSchema.Stars WHERE StarID = 'rcl-7363' AND SystemName = InSystem));
INSERT INTO AstroSchema.AstroObjects VALUES ('pyt-9962', 'Bera-F-1', 26986171183.7, 795.3);
INSERT INTO AstroSchema.Planets VALUES ('pyt-9962', 'Super-Earth', 'Ocean', (SELECT StarID FROM AstroSchema.Stars WHERE StarID = 'rcl-7363'), (SELECT GalaxyName FROM AstroSchema.Systems, AstroSchema.Stars WHERE StarID = 'rcl-7363' AND SystemName = InSystem));
INSERT INTO AstroSchema.Systems VALUES ('Nemozi', 'Trinary', (SELECT GalaxyName FROM AstroSchema.Galaxies WHERE GalaxyName = 'Small Magellanic Cloud'), (SELECT ConstellationName FROM AstroSchema.Galaxies WHERE GalaxyName = 'Small Magellanic Cloud'));
INSERT INTO AstroSchema.AstroObjects VALUES ('qbm-1815', 'Nemozi-A', 30209951736.6, 65726852.7);
INSERT INTO AstroSchema.Stars VALUES ('qbm-1815', 'III', 'Nemozi');
INSERT INTO AstroSchema.AstroObjects VALUES ('eyp-9460', 'Nemozi-B', 12264328953.1, 92544972.0);
INSERT INTO AstroSchema.Stars VALUES ('eyp-9460', 'VI', 'Nemozi');
INSERT INTO AstroSchema.AstroObjects VALUES ('aqp-1928', 'Nemozi-B-0', 34075525406.9, 1134.9);
INSERT INTO AstroSchema.Planets VALUES ('aqp-1928', 'Ice Giant', 'Gas dwarf', (SELECT StarID FROM AstroSchema.Stars WHERE StarID = 'eyp-9460'), (SELECT GalaxyName FROM AstroSchema.Systems, AstroSchema.Stars WHERE StarID = 'eyp-9460' AND SystemName = InSystem));
INSERT INTO AstroSchema.AstroObjects VALUES ('cfv-5323', 'Nemozi-C', 31011864311.6, 54738788.2);
INSERT INTO AstroSchema.Stars VALUES ('cfv-5323', 'III', 'Nemozi');
INSERT INTO AstroSchema.Systems VALUES ('Olfete', 'Mono', (SELECT GalaxyName FROM AstroSchema.Galaxies WHERE GalaxyName = 'Maffei 1'), (SELECT ConstellationName FROM AstroSchema.Galaxies WHERE GalaxyName = 'Maffei 1'));
INSERT INTO AstroSchema.AstroObjects VALUES ('emo-5565', 'Olfete', 3401629099.6, 35572280.0);
INSERT INTO AstroSchema.Stars VALUES ('emo-5565', 'Ia', 'Olfete');
INSERT INTO AstroSchema.AstroObjects VALUES ('wxo-7397', 'Olfete-0', 22036653674.7, 1167.0);
INSERT INTO AstroSchema.Planets VALUES ('wxo-7397', 'Ice Giant', 'Gas dwarf', (SELECT StarID FROM AstroSchema.Stars WHERE StarID = 'emo-5565'), (SELECT GalaxyName FROM AstroSchema.Systems, AstroSchema.Stars WHERE StarID = 'emo-5565' AND SystemName = InSystem));
INSERT INTO AstroSchema.AstroObjects VALUES ('tej-4956', 'Olfete-1', 13518653829.5, 1478.2);
INSERT INTO AstroSchema.Planets VALUES ('tej-4956', 'Ice Giant', 'Hycean', (SELECT StarID FROM AstroSchema.Stars WHERE StarID = 'emo-5565'), (SELECT GalaxyName FROM AstroSchema.Systems, AstroSchema.Stars WHERE StarID = 'emo-5565' AND SystemName = InSystem));
INSERT INTO AstroSchema.AstroObjects VALUES ('syp-8508', 'Olfete-2', 41383152856.5, 38.2);
INSERT INTO AstroSchema.Planets VALUES ('syp-8508', 'Super-Jupiter', 'Chtonian', (SELECT StarID FROM AstroSchema.Stars WHERE StarID = 'emo-5565'), (SELECT GalaxyName FROM AstroSchema.Systems, AstroSchema.Stars WHERE StarID = 'emo-5565' AND SystemName = InSystem));
INSERT INTO AstroSchema.AstroObjects VALUES ('kkr-7735', 'Olfete-3', 33486867670.6, 1283.6);
INSERT INTO AstroSchema.Planets VALUES ('kkr-7735', 'Super-Earth', 'Helium', (SELECT StarID FROM AstroSchema.Stars WHERE StarID = 'emo-5565'), (SELECT GalaxyName FROM AstroSchema.Systems, AstroSchema.Stars WHERE StarID = 'emo-5565' AND SystemName = InSystem));
INSERT INTO AstroSchema.Systems VALUES ('Tram Bodon', 'Mono', (SELECT GalaxyName FROM AstroSchema.Galaxies WHERE GalaxyName = 'Barnards Galaxy'), (SELECT ConstellationName FROM AstroSchema.Galaxies WHERE GalaxyName = 'Barnards Galaxy'));
INSERT INTO AstroSchema.AstroObjects VALUES ('xks-8104', 'Tram Bodon', 28379008324.6, 13066870.4);
INSERT INTO AstroSchema.Stars VALUES ('xks-8104', 'D', 'Tram Bodon');
INSERT INTO AstroSchema.Systems VALUES ('Almach', 'Binary', (SELECT GalaxyName FROM AstroSchema.Galaxies WHERE GalaxyName = 'IC 1613'), NULL);
INSERT INTO AstroSchema.AstroObjects VALUES ('ecn-8528', 'Almach-A', 667716890.8, 22681275.2);
INSERT INTO AstroSchema.Stars VALUES ('ecn-8528', 'III', 'Almach');
INSERT INTO AstroSchema.AstroObjects VALUES ('sgr-7166', 'Almach-B', 32297376855.3, 88542455.1);
INSERT INTO AstroSchema.Stars VALUES ('sgr-7166', 'VI', 'Almach');
INSERT INTO AstroSchema.AstroObjects VALUES ('oej-3903', 'Almach-B-0', 36144895618.6, 605.5);
INSERT INTO AstroSchema.Planets VALUES ('oej-3903', 'Gas Giant', 'Ocean', (SELECT StarID FROM AstroSchema.Stars WHERE StarID = 'sgr-7166'), (SELECT GalaxyName FROM AstroSchema.Systems, AstroSchema.Stars WHERE StarID = 'sgr-7166' AND SystemName = InSystem));
INSERT INTO AstroSchema.Systems VALUES ('Bir', 'Multiple', (SELECT GalaxyName FROM AstroSchema.Galaxies WHERE GalaxyName = 'IC 1613'), (SELECT ConstellationName FROM AstroSchema.Galaxies WHERE GalaxyName = 'IC 1613'));
INSERT INTO AstroSchema.AstroObjects VALUES ('dpg-2738', 'Bir-A', 2128888755.2, 67507881.7);
INSERT INTO AstroSchema.Stars VALUES ('dpg-2738', 'VI', 'Bir');
INSERT INTO AstroSchema.AstroObjects VALUES ('hbq-6932', 'Bir-A-0', 2384911875.4, 35.4);
INSERT INTO AstroSchema.Planets VALUES ('hbq-6932', 'Sub-Earth', 'Carbon', (SELECT StarID FROM AstroSchema.Stars WHERE StarID = 'dpg-2738'), (SELECT GalaxyName FROM AstroSchema.Systems, AstroSchema.Stars WHERE StarID = 'dpg-2738' AND SystemName = InSystem));
INSERT INTO AstroSchema.AstroObjects VALUES ('awb-6192', 'Bir-B', 10454721354.4, 70071828.6);
INSERT INTO AstroSchema.Stars VALUES ('awb-6192', 'III', 'Bir');
INSERT INTO AstroSchema.AstroObjects VALUES ('yay-3124', 'Bir-C', 39514377456.4, 950628.8);
INSERT INTO AstroSchema.Stars VALUES ('yay-3124', 'V', 'Bir');
INSERT INTO AstroSchema.Systems VALUES ('Amanyea', 'Binary', (SELECT GalaxyName FROM AstroSchema.Galaxies WHERE GalaxyName = 'IC 1613'), (SELECT ConstellationName FROM AstroSchema.Galaxies WHERE GalaxyName = 'IC 1613'));
INSERT INTO AstroSchema.AstroObjects VALUES ('hqr-2000', 'Amanyea-A', 75743340.9, 13899766.8);
INSERT INTO AstroSchema.Stars VALUES ('hqr-2000', 'II', 'Amanyea');
INSERT INTO AstroSchema.AstroObjects VALUES ('jst-7095', 'Amanyea-A-0', 5145726144.8, 40.9);
INSERT INTO AstroSchema.Planets VALUES ('jst-7095', 'Super-Earth', 'Helium', (SELECT StarID FROM AstroSchema.Stars WHERE StarID = 'hqr-2000'), (SELECT GalaxyName FROM AstroSchema.Systems, AstroSchema.Stars WHERE StarID = 'hqr-2000' AND SystemName = InSystem));
INSERT INTO AstroSchema.AstroObjects VALUES ('fjk-5885', 'Amanyea-A-1', 24876220501.9, 885.5);
INSERT INTO AstroSchema.Planets VALUES ('fjk-5885', 'Sub-Earth', 'Coreless', (SELECT StarID FROM AstroSchema.Stars WHERE StarID = 'hqr-2000'), (SELECT GalaxyName FROM AstroSchema.Systems, AstroSchema.Stars WHERE StarID = 'hqr-2000' AND SystemName = InSystem));
INSERT INTO AstroSchema.AstroObjects VALUES ('nbd-5374', 'Amanyea-A-2', 29842330548.5, 734.3);
INSERT INTO AstroSchema.Planets VALUES ('nbd-5374', 'Ice Giant', 'Gas dwarf', (SELECT StarID FROM AstroSchema.Stars WHERE StarID = 'hqr-2000'), (SELECT GalaxyName FROM AstroSchema.Systems, AstroSchema.Stars WHERE StarID = 'hqr-2000' AND SystemName = InSystem));
INSERT INTO AstroSchema.AstroObjects VALUES ('jsz-5039', 'Amanyea-A-3', 26609372773.4, 887.0);
INSERT INTO AstroSchema.Planets VALUES ('jsz-5039', 'Ice Giant', 'Hycean', (SELECT StarID FROM AstroSchema.Stars WHERE StarID = 'hqr-2000'), (SELECT GalaxyName FROM AstroSchema.Systems, AstroSchema.Stars WHERE StarID = 'hqr-2000' AND SystemName = InSystem));
INSERT INTO AstroSchema.AstroObjects VALUES ('uhw-2494', 'Amanyea-A-4', 14981495136.8, 532.4);
INSERT INTO AstroSchema.Planets VALUES ('uhw-2494', 'Mini-Neptune', 'Terrestrial', (SELECT StarID FROM AstroSchema.Stars WHERE StarID = 'hqr-2000'), (SELECT GalaxyName FROM AstroSchema.Systems, AstroSchema.Stars WHERE StarID = 'hqr-2000' AND SystemName = InSystem));
INSERT INTO AstroSchema.AstroObjects VALUES ('vfw-6857', 'Amanyea-A-5', 25536034289.1, 1310.6);
INSERT INTO AstroSchema.Planets VALUES ('vfw-6857', 'Super-Jupiter', 'Helium', (SELECT StarID FROM AstroSchema.Stars WHERE StarID = 'hqr-2000'), (SELECT GalaxyName FROM AstroSchema.Systems, AstroSchema.Stars WHERE StarID = 'hqr-2000' AND SystemName = InSystem));
INSERT INTO AstroSchema.AstroObjects VALUES ('iij-8519', 'Amanyea-A-6', 25761839188.8, 1291.2);
INSERT INTO AstroSchema.Planets VALUES ('iij-8519', 'Super-Earth', 'Helium', (SELECT StarID FROM AstroSchema.Stars WHERE StarID = 'hqr-2000'), (SELECT GalaxyName FROM AstroSchema.Systems, AstroSchema.Stars WHERE StarID = 'hqr-2000' AND SystemName = InSystem));
INSERT INTO AstroSchema.AstroObjects VALUES ('rss-1315', 'Amanyea-A-7', 17172239876.9, 448.3);
INSERT INTO AstroSchema.Planets VALUES ('rss-1315', 'Sub-Earth', 'Helium', (SELECT StarID FROM AstroSchema.Stars WHERE StarID = 'hqr-2000'), (SELECT GalaxyName FROM AstroSchema.Systems, AstroSchema.Stars WHERE StarID = 'hqr-2000' AND SystemName = InSystem));
INSERT INTO AstroSchema.AstroObjects VALUES ('vpp-8834', 'Amanyea-A-8', 18902826361.7, 420.5);
INSERT INTO AstroSchema.Planets VALUES ('vpp-8834', 'Ice Giant', 'Protoplanet', (SELECT StarID FROM AstroSchema.Stars WHERE StarID = 'hqr-2000'), (SELECT GalaxyName FROM AstroSchema.Systems, AstroSchema.Stars WHERE StarID = 'hqr-2000' AND SystemName = InSystem));
INSERT INTO AstroSchema.AstroObjects VALUES ('fuq-5190', 'Amanyea-A-9', 25485082792.0, 697.8);
INSERT INTO AstroSchema.Planets VALUES ('fuq-5190', 'Super-Earth', 'Protoplanet', (SELECT StarID FROM AstroSchema.Stars WHERE StarID = 'hqr-2000'), (SELECT GalaxyName FROM AstroSchema.Systems, AstroSchema.Stars WHERE StarID = 'hqr-2000' AND SystemName = InSystem));
INSERT INTO AstroSchema.AstroObjects VALUES ('blx-8399', 'Amanyea-B', 36998260273.6, 84807475.9);
INSERT INTO AstroSchema.Stars VALUES ('blx-8399', 'II', 'Amanyea');
INSERT INTO AstroSchema.AstroObjects VALUES ('xaq-3658', 'Amanyea-B-0', 40488131237.4, 1450.0);
INSERT INTO AstroSchema.Planets VALUES ('xaq-3658', 'Ice Giant', 'Protoplanet', (SELECT StarID FROM AstroSchema.Stars WHERE StarID = 'blx-8399'), (SELECT GalaxyName FROM AstroSchema.Systems, AstroSchema.Stars WHERE StarID = 'blx-8399' AND SystemName = InSystem));
INSERT INTO AstroSchema.AstroObjects VALUES ('lgn-7857', 'Amanyea-B-1', 43399706853.2, 910.9);
INSERT INTO AstroSchema.Planets VALUES ('lgn-7857', 'Mini-Neptune', 'Hycean', (SELECT StarID FROM AstroSchema.Stars WHERE StarID = 'blx-8399'), (SELECT GalaxyName FROM AstroSchema.Systems, AstroSchema.Stars WHERE StarID = 'blx-8399' AND SystemName = InSystem));
INSERT INTO AstroSchema.Systems VALUES ('Dangal', 'Binary', (SELECT GalaxyName FROM AstroSchema.Galaxies WHERE GalaxyName = 'Sextans B'), (SELECT ConstellationName FROM AstroSchema.Galaxies WHERE GalaxyName = 'Sextans B'));
INSERT INTO AstroSchema.AstroObjects VALUES ('bar-7482', 'Dangal-A', 36446915847.2, 19493381.5);
INSERT INTO AstroSchema.Stars VALUES ('bar-7482', 'V', 'Dangal');
INSERT INTO AstroSchema.AstroObjects VALUES ('zaa-8557', 'Dangal-A-0', 10014633268.6, 1476.9);
INSERT INTO AstroSchema.Planets VALUES ('zaa-8557', 'Super-Earth', 'Puffy', (SELECT StarID FROM AstroSchema.Stars WHERE StarID = 'bar-7482'), (SELECT GalaxyName FROM AstroSchema.Systems, AstroSchema.Stars WHERE StarID = 'bar-7482' AND SystemName = InSystem));
INSERT INTO AstroSchema.AstroObjects VALUES ('rjo-7107', 'Dangal-A-1', 21624332093.4, 1034.1);
INSERT INTO AstroSchema.Planets VALUES ('rjo-7107', 'Sub-Earth', 'Puffy', (SELECT StarID FROM AstroSchema.Stars WHERE StarID = 'bar-7482'), (SELECT GalaxyName FROM AstroSchema.Systems, AstroSchema.Stars WHERE StarID = 'bar-7482' AND SystemName = InSystem));
INSERT INTO AstroSchema.AstroObjects VALUES ('tvv-3148', 'Dangal-A-2', 37426676023.4, 888.8);
INSERT INTO AstroSchema.Planets VALUES ('tvv-3148', 'Super-Earth', 'Ice', (SELECT StarID FROM AstroSchema.Stars WHERE StarID = 'bar-7482'), (SELECT GalaxyName FROM AstroSchema.Systems, AstroSchema.Stars WHERE StarID = 'bar-7482' AND SystemName = InSystem));
INSERT INTO AstroSchema.AstroObjects VALUES ('mve-9087', 'Dangal-A-3', 20494876146.6, 561.4);
INSERT INTO AstroSchema.Planets VALUES ('mve-9087', 'Super-Earth', 'Gas dwarf', (SELECT StarID FROM AstroSchema.Stars WHERE StarID = 'bar-7482'), (SELECT GalaxyName FROM AstroSchema.Systems, AstroSchema.Stars WHERE StarID = 'bar-7482' AND SystemName = InSystem));
INSERT INTO AstroSchema.AstroObjects VALUES ('xev-8233', 'Dangal-A-4', 18498843716.8, 1141.5);
INSERT INTO AstroSchema.Planets VALUES ('xev-8233', 'Ice Giant', 'Ocean', (SELECT StarID FROM AstroSchema.Stars WHERE StarID = 'bar-7482'), (SELECT GalaxyName FROM AstroSchema.Systems, AstroSchema.Stars WHERE StarID = 'bar-7482' AND SystemName = InSystem));
INSERT INTO AstroSchema.AstroObjects VALUES ('ybb-4959', 'Dangal-A-5', 22251521397.1, 1334.3);
INSERT INTO AstroSchema.Planets VALUES ('ybb-4959', 'Super-Jupiter', 'Terrestrial', (SELECT StarID FROM AstroSchema.Stars WHERE StarID = 'bar-7482'), (SELECT GalaxyName FROM AstroSchema.Systems, AstroSchema.Stars WHERE StarID = 'bar-7482' AND SystemName = InSystem));
INSERT INTO AstroSchema.AstroObjects VALUES ('xbl-3910', 'Dangal-A-6', 789608259.7, 777.0);
INSERT INTO AstroSchema.Planets VALUES ('xbl-3910', 'Super-Earth', 'Hycean', (SELECT StarID FROM AstroSchema.Stars WHERE StarID = 'bar-7482'), (SELECT GalaxyName FROM AstroSchema.Systems, AstroSchema.Stars WHERE StarID = 'bar-7482' AND SystemName = InSystem));
INSERT INTO AstroSchema.AstroObjects VALUES ('row-6614', 'Dangal-A-7', 15247057944.9, 1262.7);
INSERT INTO AstroSchema.Planets VALUES ('row-6614', 'Mini-Neptune', 'Silicate', (SELECT StarID FROM AstroSchema.Stars WHERE StarID = 'bar-7482'), (SELECT GalaxyName FROM AstroSchema.Systems, AstroSchema.Stars WHERE StarID = 'bar-7482' AND SystemName = InSystem));
INSERT INTO AstroSchema.AstroObjects VALUES ('olg-9041', 'Dangal-A-8', 31648455813.1, 101.8);
INSERT INTO AstroSchema.Planets VALUES ('olg-9041', 'Super-Earth', 'Helium', (SELECT StarID FROM AstroSchema.Stars WHERE StarID = 'bar-7482'), (SELECT GalaxyName FROM AstroSchema.Systems, AstroSchema.Stars WHERE StarID = 'bar-7482' AND SystemName = InSystem));
INSERT INTO AstroSchema.AstroObjects VALUES ('amr-9921', 'Dangal-B', 10839463327.8, 47011332.4);
INSERT INTO AstroSchema.Stars VALUES ('amr-9921', 'D', 'Dangal');
INSERT INTO AstroSchema.AstroObjects VALUES ('xcd-3657', 'Dangal-B-0', 33518418684.6, 445.7);
INSERT INTO AstroSchema.Planets VALUES ('xcd-3657', 'Super-Jupiter', 'Carbon', (SELECT StarID FROM AstroSchema.Stars WHERE StarID = 'amr-9921'), (SELECT GalaxyName FROM AstroSchema.Systems, AstroSchema.Stars WHERE StarID = 'amr-9921' AND SystemName = InSystem));
INSERT INTO AstroSchema.Systems VALUES ('Nikalor', 'Binary', (SELECT GalaxyName FROM AstroSchema.Galaxies WHERE GalaxyName = 'Draco Dwarf'), (SELECT ConstellationName FROM AstroSchema.Galaxies WHERE GalaxyName = 'Draco Dwarf'));
INSERT INTO AstroSchema.AstroObjects VALUES ('qds-5023', 'Nikalor-A', 17826702324.5, 32366221.7);
INSERT INTO AstroSchema.Stars VALUES ('qds-5023', 'III', 'Nikalor');
INSERT INTO AstroSchema.AstroObjects VALUES ('ofu-9474', 'Nikalor-A-0', 2217445506.6, 255.5);
INSERT INTO AstroSchema.Planets VALUES ('ofu-9474', 'Super-Earth', 'Terrestrial', (SELECT StarID FROM AstroSchema.Stars WHERE StarID = 'qds-5023'), (SELECT GalaxyName FROM AstroSchema.Systems, AstroSchema.Stars WHERE StarID = 'qds-5023' AND SystemName = InSystem));
INSERT INTO AstroSchema.AstroObjects VALUES ('kat-7549', 'Nikalor-A-1', 29216079853.5, 682.9);
INSERT INTO AstroSchema.Planets VALUES ('kat-7549', 'Mini-Neptune', 'Gas giant', (SELECT StarID FROM AstroSchema.Stars WHERE StarID = 'qds-5023'), (SELECT GalaxyName FROM AstroSchema.Systems, AstroSchema.Stars WHERE StarID = 'qds-5023' AND SystemName = InSystem));
INSERT INTO AstroSchema.AstroObjects VALUES ('dpa-9600', 'Nikalor-A-2', 3617095011.4, 561.4);
INSERT INTO AstroSchema.Planets VALUES ('dpa-9600', 'Super-Earth', 'Chtonian', (SELECT StarID FROM AstroSchema.Stars WHERE StarID = 'qds-5023'), (SELECT GalaxyName FROM AstroSchema.Systems, AstroSchema.Stars WHERE StarID = 'qds-5023' AND SystemName = InSystem));
INSERT INTO AstroSchema.AstroObjects VALUES ('bvi-9842', 'Nikalor-A-3', 12965048973.4, 502.3);
INSERT INTO AstroSchema.Planets VALUES ('bvi-9842', 'Super-Earth', 'Gas dwarf', (SELECT StarID FROM AstroSchema.Stars WHERE StarID = 'qds-5023'), (SELECT GalaxyName FROM AstroSchema.Systems, AstroSchema.Stars WHERE StarID = 'qds-5023' AND SystemName = InSystem));
INSERT INTO AstroSchema.AstroObjects VALUES ('bls-8768', 'Nikalor-A-4', 9844470950.7, 701.3);
INSERT INTO AstroSchema.Planets VALUES ('bls-8768', 'Super-Jupiter', 'Hycean', (SELECT StarID FROM AstroSchema.Stars WHERE StarID = 'qds-5023'), (SELECT GalaxyName FROM AstroSchema.Systems, AstroSchema.Stars WHERE StarID = 'qds-5023' AND SystemName = InSystem));
INSERT INTO AstroSchema.AstroObjects VALUES ('isf-6313', 'Nikalor-B', 17132021414.2, 98554686.6);
INSERT INTO AstroSchema.Stars VALUES ('isf-6313', 'D', 'Nikalor');
INSERT INTO AstroSchema.AstroObjects VALUES ('pio-4932', 'Nikalor-B-0', 43430241429.2, 767.7);
INSERT INTO AstroSchema.Planets VALUES ('pio-4932', 'Super-Jupiter', 'Silicate', (SELECT StarID FROM AstroSchema.Stars WHERE StarID = 'isf-6313'), (SELECT GalaxyName FROM AstroSchema.Systems, AstroSchema.Stars WHERE StarID = 'isf-6313' AND SystemName = InSystem));
INSERT INTO AstroSchema.AstroObjects VALUES ('oiq-7110', 'Nikalor-B-1', 44581128932.6, 552.9);
INSERT INTO AstroSchema.Planets VALUES ('oiq-7110', 'Super-Jupiter', 'Desert', (SELECT StarID FROM AstroSchema.Stars WHERE StarID = 'isf-6313'), (SELECT GalaxyName FROM AstroSchema.Systems, AstroSchema.Stars WHERE StarID = 'isf-6313' AND SystemName = InSystem));
INSERT INTO AstroSchema.AstroObjects VALUES ('brj-4283', 'Nikalor-B-2', 10114324547.6, 521.5);
INSERT INTO AstroSchema.Planets VALUES ('brj-4283', 'Super-Jupiter', 'Chtonian', (SELECT StarID FROM AstroSchema.Stars WHERE StarID = 'isf-6313'), (SELECT GalaxyName FROM AstroSchema.Systems, AstroSchema.Stars WHERE StarID = 'isf-6313' AND SystemName = InSystem));
INSERT INTO AstroSchema.AstroObjects VALUES ('gxg-6439', 'Nikalor-B-3', 42082446816.4, 857.4);
INSERT INTO AstroSchema.Planets VALUES ('gxg-6439', 'Super-Jupiter', 'Hycean', (SELECT StarID FROM AstroSchema.Stars WHERE StarID = 'isf-6313'), (SELECT GalaxyName FROM AstroSchema.Systems, AstroSchema.Stars WHERE StarID = 'isf-6313' AND SystemName = InSystem));
INSERT INTO AstroSchema.AstroObjects VALUES ('vjb-2257', 'Nikalor-B-4', 20387526637.9, 570.3);
INSERT INTO AstroSchema.Planets VALUES ('vjb-2257', 'Super-Jupiter', 'Gas giant', (SELECT StarID FROM AstroSchema.Stars WHERE StarID = 'isf-6313'), (SELECT GalaxyName FROM AstroSchema.Systems, AstroSchema.Stars WHERE StarID = 'isf-6313' AND SystemName = InSystem));
INSERT INTO AstroSchema.AstroObjects VALUES ('mhm-6809', 'Nikalor-B-5', 17792495449.5, 1124.1);
INSERT INTO AstroSchema.Planets VALUES ('mhm-6809', 'Mini-Neptune', 'Chtonian', (SELECT StarID FROM AstroSchema.Stars WHERE StarID = 'isf-6313'), (SELECT GalaxyName FROM AstroSchema.Systems, AstroSchema.Stars WHERE StarID = 'isf-6313' AND SystemName = InSystem));
INSERT INTO AstroSchema.AstroObjects VALUES ('zxo-9418', 'Nikalor-B-6', 39989169541.9, 1181.8);
INSERT INTO AstroSchema.Planets VALUES ('zxo-9418', 'Mini-Neptune', 'Coreless', (SELECT StarID FROM AstroSchema.Stars WHERE StarID = 'isf-6313'), (SELECT GalaxyName FROM AstroSchema.Systems, AstroSchema.Stars WHERE StarID = 'isf-6313' AND SystemName = InSystem));
INSERT INTO AstroSchema.AstroObjects VALUES ('ngg-8269', 'Nikalor-B-7', 24376996317.7, 1046.2);
INSERT INTO AstroSchema.Planets VALUES ('ngg-8269', 'Sub-Earth', 'Chtonian', (SELECT StarID FROM AstroSchema.Stars WHERE StarID = 'isf-6313'), (SELECT GalaxyName FROM AstroSchema.Systems, AstroSchema.Stars WHERE StarID = 'isf-6313' AND SystemName = InSystem));
INSERT INTO AstroSchema.AstroObjects VALUES ('pdb-5623', 'Nikalor-B-8', 42544047399.4, 416.9);
INSERT INTO AstroSchema.Planets VALUES ('pdb-5623', 'Mini-Neptune', 'Helium', (SELECT StarID FROM AstroSchema.Stars WHERE StarID = 'isf-6313'), (SELECT GalaxyName FROM AstroSchema.Systems, AstroSchema.Stars WHERE StarID = 'isf-6313' AND SystemName = InSystem));
INSERT INTO AstroSchema.Systems VALUES ('Nashira', 'Mono', (SELECT GalaxyName FROM AstroSchema.Galaxies WHERE GalaxyName = 'NGC 147'), NULL);
INSERT INTO AstroSchema.AstroObjects VALUES ('zdi-5192', 'Nashira', 3233185855.1, 67677786.6);
INSERT INTO AstroSchema.Stars VALUES ('zdi-5192', 'IV', 'Nashira');
INSERT INTO AstroSchema.AstroObjects VALUES ('lhf-4077', 'Nashira-0', 30497958619.9, 351.7);
INSERT INTO AstroSchema.Planets VALUES ('lhf-4077', 'Mini-Neptune', 'Ice', (SELECT StarID FROM AstroSchema.Stars WHERE StarID = 'zdi-5192'), (SELECT GalaxyName FROM AstroSchema.Systems, AstroSchema.Stars WHERE StarID = 'zdi-5192' AND SystemName = InSystem));
INSERT INTO AstroSchema.AstroObjects VALUES ('dkz-7422', 'Nashira-1', 22553679030.7, 827.5);
INSERT INTO AstroSchema.Planets VALUES ('dkz-7422', 'Sub-Earth', 'Ocean', (SELECT StarID FROM AstroSchema.Stars WHERE StarID = 'zdi-5192'), (SELECT GalaxyName FROM AstroSchema.Systems, AstroSchema.Stars WHERE StarID = 'zdi-5192' AND SystemName = InSystem));
INSERT INTO AstroSchema.AstroObjects VALUES ('cal-7457', 'Nashira-2', 19304096978.1, 718.8);
INSERT INTO AstroSchema.Planets VALUES ('cal-7457', 'Ice Giant', 'Ocean', (SELECT StarID FROM AstroSchema.Stars WHERE StarID = 'zdi-5192'), (SELECT GalaxyName FROM AstroSchema.Systems, AstroSchema.Stars WHERE StarID = 'zdi-5192' AND SystemName = InSystem));
INSERT INTO AstroSchema.Systems VALUES ('Seradon', 'Trinary', (SELECT GalaxyName FROM AstroSchema.Galaxies WHERE GalaxyName = 'Large Magellanic Cloud'), NULL);
INSERT INTO AstroSchema.AstroObjects VALUES ('etz-8033', 'Seradon-A', 7101827091.8, 86384425.1);
INSERT INTO AstroSchema.Stars VALUES ('etz-8033', 'V', 'Seradon');
INSERT INTO AstroSchema.AstroObjects VALUES ('vue-4582', 'Seradon-A-0', 24053808248.0, 1415.4);
INSERT INTO AstroSchema.Planets VALUES ('vue-4582', 'Ice Giant', 'Protoplanet', (SELECT StarID FROM AstroSchema.Stars WHERE StarID = 'etz-8033'), (SELECT GalaxyName FROM AstroSchema.Systems, AstroSchema.Stars WHERE StarID = 'etz-8033' AND SystemName = InSystem));
INSERT INTO AstroSchema.AstroObjects VALUES ('vqk-3809', 'Seradon-B', 10256199223.6, 45805447.7);
INSERT INTO AstroSchema.Stars VALUES ('vqk-3809', 'II', 'Seradon');
INSERT INTO AstroSchema.AstroObjects VALUES ('ukz-6116', 'Seradon-C', 29084272515.7, 45374594.1);
INSERT INTO AstroSchema.Stars VALUES ('ukz-6116', 'Ib', 'Seradon');
INSERT INTO AstroSchema.AstroObjects VALUES ('yib-2603', 'Seradon-C-0', 10959859991.4, 1398.1);
INSERT INTO AstroSchema.Planets VALUES ('yib-2603', 'Super-Earth', 'Helium', (SELECT StarID FROM AstroSchema.Stars WHERE StarID = 'ukz-6116'), (SELECT GalaxyName FROM AstroSchema.Systems, AstroSchema.Stars WHERE StarID = 'ukz-6116' AND SystemName = InSystem));
INSERT INTO AstroSchema.AstroObjects VALUES ('qrq-4941', 'Seradon-C-1', 15671441292.9, 355.9);
INSERT INTO AstroSchema.Planets VALUES ('qrq-4941', 'Super-Earth', 'Terrestrial', (SELECT StarID FROM AstroSchema.Stars WHERE StarID = 'ukz-6116'), (SELECT GalaxyName FROM AstroSchema.Systems, AstroSchema.Stars WHERE StarID = 'ukz-6116' AND SystemName = InSystem));
INSERT INTO AstroSchema.AstroObjects VALUES ('jis-9876', 'Seradon-C-2', 16368347862.9, 786.4);
INSERT INTO AstroSchema.Planets VALUES ('jis-9876', 'Ice Giant', 'Helium', (SELECT StarID FROM AstroSchema.Stars WHERE StarID = 'ukz-6116'), (SELECT GalaxyName FROM AstroSchema.Systems, AstroSchema.Stars WHERE StarID = 'ukz-6116' AND SystemName = InSystem));
INSERT INTO AstroSchema.AstroObjects VALUES ('dgh-2248', 'Seradon-C-3', 17355162940.3, 942.6);
INSERT INTO AstroSchema.Planets VALUES ('dgh-2248', 'Gas Giant', 'Carbon', (SELECT StarID FROM AstroSchema.Stars WHERE StarID = 'ukz-6116'), (SELECT GalaxyName FROM AstroSchema.Systems, AstroSchema.Stars WHERE StarID = 'ukz-6116' AND SystemName = InSystem));
INSERT INTO AstroSchema.AstroObjects VALUES ('duq-4253', 'Seradon-C-4', 29925203809.1, 284.7);
INSERT INTO AstroSchema.Planets VALUES ('duq-4253', 'Gas Giant', 'Hycean', (SELECT StarID FROM AstroSchema.Stars WHERE StarID = 'ukz-6116'), (SELECT GalaxyName FROM AstroSchema.Systems, AstroSchema.Stars WHERE StarID = 'ukz-6116' AND SystemName = InSystem));
INSERT INTO AstroSchema.AstroObjects VALUES ('vmk-6074', 'Seradon-C-5', 2029082332.1, 1483.5);
INSERT INTO AstroSchema.Planets VALUES ('vmk-6074', 'Sub-Earth', 'Silicate', (SELECT StarID FROM AstroSchema.Stars WHERE StarID = 'ukz-6116'), (SELECT GalaxyName FROM AstroSchema.Systems, AstroSchema.Stars WHERE StarID = 'ukz-6116' AND SystemName = InSystem));
INSERT INTO AstroSchema.AstroObjects VALUES ('voy-1058', 'Seradon-C-6', 9386825035.0, 1423.0);
INSERT INTO AstroSchema.Planets VALUES ('voy-1058', 'Super-Earth', 'Desert', (SELECT StarID FROM AstroSchema.Stars WHERE StarID = 'ukz-6116'), (SELECT GalaxyName FROM AstroSchema.Systems, AstroSchema.Stars WHERE StarID = 'ukz-6116' AND SystemName = InSystem));
INSERT INTO AstroSchema.AstroObjects VALUES ('ggo-6586', 'Seradon-C-7', 31921901265.0, 304.8);
INSERT INTO AstroSchema.Planets VALUES ('ggo-6586', 'Super-Jupiter', 'Silicate', (SELECT StarID FROM AstroSchema.Stars WHERE StarID = 'ukz-6116'), (SELECT GalaxyName FROM AstroSchema.Systems, AstroSchema.Stars WHERE StarID = 'ukz-6116' AND SystemName = InSystem));
INSERT INTO AstroSchema.Systems VALUES ('Dirmius', 'Binary', (SELECT GalaxyName FROM AstroSchema.Galaxies WHERE GalaxyName = 'Maffei 1'), NULL);
INSERT INTO AstroSchema.AstroObjects VALUES ('yop-9938', 'Dirmius-A', 20462562363.3, 53626471.2);
INSERT INTO AstroSchema.Stars VALUES ('yop-9938', 'IV', 'Dirmius');
INSERT INTO AstroSchema.AstroObjects VALUES ('nyp-5127', 'Dirmius-B', 23131574486.5, 14064799.9);
INSERT INTO AstroSchema.Stars VALUES ('nyp-5127', 'V', 'Dirmius');
INSERT INTO AstroSchema.AstroObjects VALUES ('msy-1376', 'Dirmius-B-0', 45142145556.6, 3.8);
INSERT INTO AstroSchema.Planets VALUES ('msy-1376', 'Sub-Earth', 'Desert', (SELECT StarID FROM AstroSchema.Stars WHERE StarID = 'nyp-5127'), (SELECT GalaxyName FROM AstroSchema.Systems, AstroSchema.Stars WHERE StarID = 'nyp-5127' AND SystemName = InSystem));
INSERT INTO AstroSchema.AstroObjects VALUES ('pgj-9528', 'Dirmius-B-1', 33431323627.0, 337.1);
INSERT INTO AstroSchema.Planets VALUES ('pgj-9528', 'Gas Giant', 'Terrestrial', (SELECT StarID FROM AstroSchema.Stars WHERE StarID = 'nyp-5127'), (SELECT GalaxyName FROM AstroSchema.Systems, AstroSchema.Stars WHERE StarID = 'nyp-5127' AND SystemName = InSystem));
INSERT INTO AstroSchema.AstroObjects VALUES ('lap-2347', 'Dirmius-B-2', 2626745459.4, 105.5);
INSERT INTO AstroSchema.Planets VALUES ('lap-2347', 'Super-Jupiter', 'Helium', (SELECT StarID FROM AstroSchema.Stars WHERE StarID = 'nyp-5127'), (SELECT GalaxyName FROM AstroSchema.Systems, AstroSchema.Stars WHERE StarID = 'nyp-5127' AND SystemName = InSystem));
INSERT INTO AstroSchema.AstroObjects VALUES ('hbx-8311', 'Dirmius-B-3', 38341119949.5, 1363.3);
INSERT INTO AstroSchema.Planets VALUES ('hbx-8311', 'Gas Giant', 'Desert', (SELECT StarID FROM AstroSchema.Stars WHERE StarID = 'nyp-5127'), (SELECT GalaxyName FROM AstroSchema.Systems, AstroSchema.Stars WHERE StarID = 'nyp-5127' AND SystemName = InSystem));
INSERT INTO AstroSchema.AstroObjects VALUES ('qit-4916', 'Dirmius-B-4', 29093702503.0, 480.3);
INSERT INTO AstroSchema.Planets VALUES ('qit-4916', 'Gas Giant', 'Desert', (SELECT StarID FROM AstroSchema.Stars WHERE StarID = 'nyp-5127'), (SELECT GalaxyName FROM AstroSchema.Systems, AstroSchema.Stars WHERE StarID = 'nyp-5127' AND SystemName = InSystem));
INSERT INTO AstroSchema.AstroObjects VALUES ('exq-6617', 'Dirmius-B-5', 41302410483.3, 821.7);
INSERT INTO AstroSchema.Planets VALUES ('exq-6617', 'Ice Giant', 'Ice', (SELECT StarID FROM AstroSchema.Stars WHERE StarID = 'nyp-5127'), (SELECT GalaxyName FROM AstroSchema.Systems, AstroSchema.Stars WHERE StarID = 'nyp-5127' AND SystemName = InSystem));
INSERT INTO AstroSchema.Systems VALUES ('Pash', 'Trinary', NULL, (SELECT ConstellationName FROM AstroSchema.Constellations WHERE ConstellationName = 'Corvus'));
INSERT INTO AstroSchema.AstroObjects VALUES ('xdv-9215', 'Pash-A', 13928787312.3, 47348988.9);
INSERT INTO AstroSchema.Stars VALUES ('xdv-9215', 'VI', 'Pash');
INSERT INTO AstroSchema.AstroObjects VALUES ('lxi-4922', 'Pash-A-0', 3263485902.2, 1121.2);
INSERT INTO AstroSchema.Planets VALUES ('lxi-4922', 'Mini-Neptune', 'Gas giant', (SELECT StarID FROM AstroSchema.Stars WHERE StarID = 'xdv-9215'), (SELECT GalaxyName FROM AstroSchema.Systems, AstroSchema.Stars WHERE StarID = 'xdv-9215' AND SystemName = InSystem));
INSERT INTO AstroSchema.AstroObjects VALUES ('rii-5501', 'Pash-A-1', 14757403615.3, 335.1);
INSERT INTO AstroSchema.Planets VALUES ('rii-5501', 'Super-Jupiter', 'Chtonian', (SELECT StarID FROM AstroSchema.Stars WHERE StarID = 'xdv-9215'), (SELECT GalaxyName FROM AstroSchema.Systems, AstroSchema.Stars WHERE StarID = 'xdv-9215' AND SystemName = InSystem));
INSERT INTO AstroSchema.AstroObjects VALUES ('sqk-5723', 'Pash-A-2', 32292343980.4, 1464.5);
INSERT INTO AstroSchema.Planets VALUES ('sqk-5723', 'Ice Giant', 'Silicate', (SELECT StarID FROM AstroSchema.Stars WHERE StarID = 'xdv-9215'), (SELECT GalaxyName FROM AstroSchema.Systems, AstroSchema.Stars WHERE StarID = 'xdv-9215' AND SystemName = InSystem));
INSERT INTO AstroSchema.AstroObjects VALUES ('jrw-3824', 'Pash-B', 44259864746.8, 64855446.1);
INSERT INTO AstroSchema.Stars VALUES ('jrw-3824', 'IV', 'Pash');
INSERT INTO AstroSchema.AstroObjects VALUES ('ugh-1500', 'Pash-B-0', 45900357681.5, 1305.6);
INSERT INTO AstroSchema.Planets VALUES ('ugh-1500', 'Super-Jupiter', 'Silicate', (SELECT StarID FROM AstroSchema.Stars WHERE StarID = 'jrw-3824'), (SELECT GalaxyName FROM AstroSchema.Systems, AstroSchema.Stars WHERE StarID = 'jrw-3824' AND SystemName = InSystem));
INSERT INTO AstroSchema.AstroObjects VALUES ('wmo-3689', 'Pash-B-1', 42632569594.6, 854.7);
INSERT INTO AstroSchema.Planets VALUES ('wmo-3689', 'Ice Giant', 'Desert', (SELECT StarID FROM AstroSchema.Stars WHERE StarID = 'jrw-3824'), (SELECT GalaxyName FROM AstroSchema.Systems, AstroSchema.Stars WHERE StarID = 'jrw-3824' AND SystemName = InSystem));
INSERT INTO AstroSchema.AstroObjects VALUES ('bpn-9986', 'Pash-B-2', 1075319923.6, 784.8);
INSERT INTO AstroSchema.Planets VALUES ('bpn-9986', 'Gas Giant', 'Ocean', (SELECT StarID FROM AstroSchema.Stars WHERE StarID = 'jrw-3824'), (SELECT GalaxyName FROM AstroSchema.Systems, AstroSchema.Stars WHERE StarID = 'jrw-3824' AND SystemName = InSystem));
INSERT INTO AstroSchema.AstroObjects VALUES ('oym-5910', 'Pash-B-3', 44985136441.7, 732.1);
INSERT INTO AstroSchema.Planets VALUES ('oym-5910', 'Ice Giant', 'Helium', (SELECT StarID FROM AstroSchema.Stars WHERE StarID = 'jrw-3824'), (SELECT GalaxyName FROM AstroSchema.Systems, AstroSchema.Stars WHERE StarID = 'jrw-3824' AND SystemName = InSystem));
INSERT INTO AstroSchema.AstroObjects VALUES ('lor-7651', 'Pash-C', 7271758808.0, 27737953.2);
INSERT INTO AstroSchema.Stars VALUES ('lor-7651', 'Ia', 'Pash');
INSERT INTO AstroSchema.AstroObjects VALUES ('dsn-1608', 'Pash-C-0', 29306322923.7, 262.6);
INSERT INTO AstroSchema.Planets VALUES ('dsn-1608', 'Gas Giant', 'Puffy', (SELECT StarID FROM AstroSchema.Stars WHERE StarID = 'lor-7651'), (SELECT GalaxyName FROM AstroSchema.Systems, AstroSchema.Stars WHERE StarID = 'lor-7651' AND SystemName = InSystem));
INSERT INTO AstroSchema.AstroObjects VALUES ('pmz-2381', 'Pash-C-1', 18217550139.1, 1140.9);
INSERT INTO AstroSchema.Planets VALUES ('pmz-2381', 'Gas Giant', 'Helium', (SELECT StarID FROM AstroSchema.Stars WHERE StarID = 'lor-7651'), (SELECT GalaxyName FROM AstroSchema.Systems, AstroSchema.Stars WHERE StarID = 'lor-7651' AND SystemName = InSystem));
INSERT INTO AstroSchema.Systems VALUES ('Sumoneta', 'Quaternary', (SELECT GalaxyName FROM AstroSchema.Galaxies WHERE GalaxyName = 'IC 1613'), (SELECT ConstellationName FROM AstroSchema.Galaxies WHERE GalaxyName = 'IC 1613'));
INSERT INTO AstroSchema.AstroObjects VALUES ('pdo-6572', 'Sumoneta-A', 43368235964.2, 46879189.5);
INSERT INTO AstroSchema.Stars VALUES ('pdo-6572', 'Ia', 'Sumoneta');
INSERT INTO AstroSchema.AstroObjects VALUES ('qhj-4535', 'Sumoneta-A-0', 35740016809.5, 1403.9);
INSERT INTO AstroSchema.Planets VALUES ('qhj-4535', 'Mini-Neptune', 'Desert', (SELECT StarID FROM AstroSchema.Stars WHERE StarID = 'pdo-6572'), (SELECT GalaxyName FROM AstroSchema.Systems, AstroSchema.Stars WHERE StarID = 'pdo-6572' AND SystemName = InSystem));
INSERT INTO AstroSchema.AstroObjects VALUES ('sbl-2967', 'Sumoneta-A-1', 32399942605.9, 714.5);
INSERT INTO AstroSchema.Planets VALUES ('sbl-2967', 'Mini-Neptune', 'Protoplanet', (SELECT StarID FROM AstroSchema.Stars WHERE StarID = 'pdo-6572'), (SELECT GalaxyName FROM AstroSchema.Systems, AstroSchema.Stars WHERE StarID = 'pdo-6572' AND SystemName = InSystem));
INSERT INTO AstroSchema.AstroObjects VALUES ('xzm-1064', 'Sumoneta-A-2', 45489176694.6, 999.3);
INSERT INTO AstroSchema.Planets VALUES ('xzm-1064', 'Gas Giant', 'Coreless', (SELECT StarID FROM AstroSchema.Stars WHERE StarID = 'pdo-6572'), (SELECT GalaxyName FROM AstroSchema.Systems, AstroSchema.Stars WHERE StarID = 'pdo-6572' AND SystemName = InSystem));
INSERT INTO AstroSchema.AstroObjects VALUES ('nqi-6933', 'Sumoneta-A-3', 29596183109.2, 1305.1);
INSERT INTO AstroSchema.Planets VALUES ('nqi-6933', 'Super-Earth', 'Helium', (SELECT StarID FROM AstroSchema.Stars WHERE StarID = 'pdo-6572'), (SELECT GalaxyName FROM AstroSchema.Systems, AstroSchema.Stars WHERE StarID = 'pdo-6572' AND SystemName = InSystem));
INSERT INTO AstroSchema.AstroObjects VALUES ('csl-4865', 'Sumoneta-A-4', 24979791578.0, 469.1);
INSERT INTO AstroSchema.Planets VALUES ('csl-4865', 'Mini-Neptune', 'Ocean', (SELECT StarID FROM AstroSchema.Stars WHERE StarID = 'pdo-6572'), (SELECT GalaxyName FROM AstroSchema.Systems, AstroSchema.Stars WHERE StarID = 'pdo-6572' AND SystemName = InSystem));
INSERT INTO AstroSchema.AstroObjects VALUES ('udq-8891', 'Sumoneta-A-5', 15806323465.7, 655.1);
INSERT INTO AstroSchema.Planets VALUES ('udq-8891', 'Gas Giant', 'Silicate', (SELECT StarID FROM AstroSchema.Stars WHERE StarID = 'pdo-6572'), (SELECT GalaxyName FROM AstroSchema.Systems, AstroSchema.Stars WHERE StarID = 'pdo-6572' AND SystemName = InSystem));
INSERT INTO AstroSchema.AstroObjects VALUES ('vaj-4876', 'Sumoneta-A-6', 37989610421.6, 125.4);
INSERT INTO AstroSchema.Planets VALUES ('vaj-4876', 'Mini-Neptune', 'Carbon', (SELECT StarID FROM AstroSchema.Stars WHERE StarID = 'pdo-6572'), (SELECT GalaxyName FROM AstroSchema.Systems, AstroSchema.Stars WHERE StarID = 'pdo-6572' AND SystemName = InSystem));
INSERT INTO AstroSchema.AstroObjects VALUES ('rmb-2557', 'Sumoneta-A-7', 27516936966.2, 1080.8);
INSERT INTO AstroSchema.Planets VALUES ('rmb-2557', 'Ice Giant', 'Gas dwarf', (SELECT StarID FROM AstroSchema.Stars WHERE StarID = 'pdo-6572'), (SELECT GalaxyName FROM AstroSchema.Systems, AstroSchema.Stars WHERE StarID = 'pdo-6572' AND SystemName = InSystem));
INSERT INTO AstroSchema.AstroObjects VALUES ('yym-9454', 'Sumoneta-A-8', 15017963613.5, 1012.3);
INSERT INTO AstroSchema.Planets VALUES ('yym-9454', 'Mini-Neptune', 'Ocean', (SELECT StarID FROM AstroSchema.Stars WHERE StarID = 'pdo-6572'), (SELECT GalaxyName FROM AstroSchema.Systems, AstroSchema.Stars WHERE StarID = 'pdo-6572' AND SystemName = InSystem));
INSERT INTO AstroSchema.AstroObjects VALUES ('yqd-4267', 'Sumoneta-B', 23791557092.5, 10376516.3);
INSERT INTO AstroSchema.Stars VALUES ('yqd-4267', 'Ia-O', 'Sumoneta');
INSERT INTO AstroSchema.AstroObjects VALUES ('ifu-9651', 'Sumoneta-B-0', 41115815832.2, 1243.8);
INSERT INTO AstroSchema.Planets VALUES ('ifu-9651', 'Super-Jupiter', 'Gas dwarf', (SELECT StarID FROM AstroSchema.Stars WHERE StarID = 'yqd-4267'), (SELECT GalaxyName FROM AstroSchema.Systems, AstroSchema.Stars WHERE StarID = 'yqd-4267' AND SystemName = InSystem));
INSERT INTO AstroSchema.AstroObjects VALUES ('zcz-7298', 'Sumoneta-C', 25230136201.7, 23961268.3);
INSERT INTO AstroSchema.Stars VALUES ('zcz-7298', 'VI', 'Sumoneta');
INSERT INTO AstroSchema.AstroObjects VALUES ('jxi-8648', 'Sumoneta-C-0', 35649952254.6, 1456.5);
INSERT INTO AstroSchema.Planets VALUES ('jxi-8648', 'Super-Earth', 'Desert', (SELECT StarID FROM AstroSchema.Stars WHERE StarID = 'zcz-7298'), (SELECT GalaxyName FROM AstroSchema.Systems, AstroSchema.Stars WHERE StarID = 'zcz-7298' AND SystemName = InSystem));
INSERT INTO AstroSchema.AstroObjects VALUES ('vhp-8204', 'Sumoneta-C-1', 25268875988.3, 215.2);
INSERT INTO AstroSchema.Planets VALUES ('vhp-8204', 'Ice Giant', 'Ocean', (SELECT StarID FROM AstroSchema.Stars WHERE StarID = 'zcz-7298'), (SELECT GalaxyName FROM AstroSchema.Systems, AstroSchema.Stars WHERE StarID = 'zcz-7298' AND SystemName = InSystem));
INSERT INTO AstroSchema.AstroObjects VALUES ('siz-1959', 'Sumoneta-C-2', 43529706702.1, 510.7);
INSERT INTO AstroSchema.Planets VALUES ('siz-1959', 'Ice Giant', 'Chtonian', (SELECT StarID FROM AstroSchema.Stars WHERE StarID = 'zcz-7298'), (SELECT GalaxyName FROM AstroSchema.Systems, AstroSchema.Stars WHERE StarID = 'zcz-7298' AND SystemName = InSystem));
INSERT INTO AstroSchema.AstroObjects VALUES ('iep-3002', 'Sumoneta-D', 24053461346.8, 67155881.0);
INSERT INTO AstroSchema.Stars VALUES ('iep-3002', 'IV', 'Sumoneta');
INSERT INTO AstroSchema.Systems VALUES ('Felis', 'Binary', NULL, (SELECT ConstellationName FROM AstroSchema.Constellations WHERE ConstellationName = 'Corvus'));
INSERT INTO AstroSchema.AstroObjects VALUES ('mhy-7643', 'Felis-A', 4484600496.8, 34484308.8);
INSERT INTO AstroSchema.Stars VALUES ('mhy-7643', 'D', 'Felis');
INSERT INTO AstroSchema.AstroObjects VALUES ('has-9833', 'Felis-B', 26737592937.2, 89243762.5);
INSERT INTO AstroSchema.Stars VALUES ('has-9833', 'Ib', 'Felis');
INSERT INTO AstroSchema.AstroObjects VALUES ('hjy-6026', 'Felis-B-0', 7690667845.6, 1355.5);
INSERT INTO AstroSchema.Planets VALUES ('hjy-6026', 'Sub-Earth', 'Carbon', (SELECT StarID FROM AstroSchema.Stars WHERE StarID = 'has-9833'), (SELECT GalaxyName FROM AstroSchema.Systems, AstroSchema.Stars WHERE StarID = 'has-9833' AND SystemName = InSystem));
INSERT INTO AstroSchema.AstroObjects VALUES ('ccw-8241', 'Felis-B-1', 7269768708.7, 347.2);
INSERT INTO AstroSchema.Planets VALUES ('ccw-8241', 'Gas Giant', 'Gas dwarf', (SELECT StarID FROM AstroSchema.Stars WHERE StarID = 'has-9833'), (SELECT GalaxyName FROM AstroSchema.Systems, AstroSchema.Stars WHERE StarID = 'has-9833' AND SystemName = InSystem));
INSERT INTO AstroSchema.AstroObjects VALUES ('mvv-5756', 'Felis-B-2', 7292020181.5, 1117.7);
INSERT INTO AstroSchema.Planets VALUES ('mvv-5756', 'Mini-Neptune', 'Puffy', (SELECT StarID FROM AstroSchema.Stars WHERE StarID = 'has-9833'), (SELECT GalaxyName FROM AstroSchema.Systems, AstroSchema.Stars WHERE StarID = 'has-9833' AND SystemName = InSystem));
INSERT INTO AstroSchema.AstroObjects VALUES ('jxn-4697', 'Felis-B-3', 20819541552.8, 177.0);
INSERT INTO AstroSchema.Planets VALUES ('jxn-4697', 'Gas Giant', 'Ocean', (SELECT StarID FROM AstroSchema.Stars WHERE StarID = 'has-9833'), (SELECT GalaxyName FROM AstroSchema.Systems, AstroSchema.Stars WHERE StarID = 'has-9833' AND SystemName = InSystem));
INSERT INTO AstroSchema.AstroObjects VALUES ('nep-5590', 'Felis-B-4', 12739428890.5, 501.1);
INSERT INTO AstroSchema.Planets VALUES ('nep-5590', 'Sub-Earth', 'Carbon', (SELECT StarID FROM AstroSchema.Stars WHERE StarID = 'has-9833'), (SELECT GalaxyName FROM AstroSchema.Systems, AstroSchema.Stars WHERE StarID = 'has-9833' AND SystemName = InSystem));
INSERT INTO AstroSchema.AstroObjects VALUES ('dsb-2049', 'Felis-B-5', 28659390301.8, 185.6);
INSERT INTO AstroSchema.Planets VALUES ('dsb-2049', 'Ice Giant', 'Desert', (SELECT StarID FROM AstroSchema.Stars WHERE StarID = 'has-9833'), (SELECT GalaxyName FROM AstroSchema.Systems, AstroSchema.Stars WHERE StarID = 'has-9833' AND SystemName = InSystem));
INSERT INTO AstroSchema.AstroObjects VALUES ('eoz-2213', 'Felis-B-6', 31543579300.3, 1270.3);
INSERT INTO AstroSchema.Planets VALUES ('eoz-2213', 'Super-Earth', 'Carbon', (SELECT StarID FROM AstroSchema.Stars WHERE StarID = 'has-9833'), (SELECT GalaxyName FROM AstroSchema.Systems, AstroSchema.Stars WHERE StarID = 'has-9833' AND SystemName = InSystem));
INSERT INTO AstroSchema.AstroObjects VALUES ('fnu-5520', 'Felis-B-7', 16048102213.0, 306.8);
INSERT INTO AstroSchema.Planets VALUES ('fnu-5520', 'Super-Jupiter', 'Helium', (SELECT StarID FROM AstroSchema.Stars WHERE StarID = 'has-9833'), (SELECT GalaxyName FROM AstroSchema.Systems, AstroSchema.Stars WHERE StarID = 'has-9833' AND SystemName = InSystem));
INSERT INTO AstroSchema.AstroObjects VALUES ('zol-2231', 'Felis-B-8', 32117141033.7, 858.2);
INSERT INTO AstroSchema.Planets VALUES ('zol-2231', 'Super-Earth', 'Puffy', (SELECT StarID FROM AstroSchema.Stars WHERE StarID = 'has-9833'), (SELECT GalaxyName FROM AstroSchema.Systems, AstroSchema.Stars WHERE StarID = 'has-9833' AND SystemName = InSystem));
INSERT INTO AstroSchema.Systems VALUES ('Beta Stefani', 'Binary', (SELECT GalaxyName FROM AstroSchema.Galaxies WHERE GalaxyName = 'Leo I'), NULL);
INSERT INTO AstroSchema.AstroObjects VALUES ('ddv-1380', 'Beta Stefani-A', 23603897514.0, 57314006.8);
INSERT INTO AstroSchema.Stars VALUES ('ddv-1380', 'II', 'Beta Stefani');
INSERT INTO AstroSchema.AstroObjects VALUES ('nxx-4328', 'Beta Stefani-A-0', 42764055368.8, 1250.0);
INSERT INTO AstroSchema.Planets VALUES ('nxx-4328', 'Super-Jupiter', 'Helium', (SELECT StarID FROM AstroSchema.Stars WHERE StarID = 'ddv-1380'), (SELECT GalaxyName FROM AstroSchema.Systems, AstroSchema.Stars WHERE StarID = 'ddv-1380' AND SystemName = InSystem));
INSERT INTO AstroSchema.AstroObjects VALUES ('gkx-5043', 'Beta Stefani-A-1', 24759367472.8, 198.2);
INSERT INTO AstroSchema.Planets VALUES ('gkx-5043', 'Super-Earth', 'Terrestrial', (SELECT StarID FROM AstroSchema.Stars WHERE StarID = 'ddv-1380'), (SELECT GalaxyName FROM AstroSchema.Systems, AstroSchema.Stars WHERE StarID = 'ddv-1380' AND SystemName = InSystem));
INSERT INTO AstroSchema.AstroObjects VALUES ('knr-9401', 'Beta Stefani-A-2', 1216692024.7, 1482.2);
INSERT INTO AstroSchema.Planets VALUES ('knr-9401', 'Super-Earth', 'Coreless', (SELECT StarID FROM AstroSchema.Stars WHERE StarID = 'ddv-1380'), (SELECT GalaxyName FROM AstroSchema.Systems, AstroSchema.Stars WHERE StarID = 'ddv-1380' AND SystemName = InSystem));
INSERT INTO AstroSchema.AstroObjects VALUES ('cek-6185', 'Beta Stefani-B', 37320147456.5, 45894329.5);
INSERT INTO AstroSchema.Stars VALUES ('cek-6185', 'D', 'Beta Stefani');
INSERT INTO AstroSchema.AstroObjects VALUES ('yat-9140', 'Beta Stefani-B-0', 29569482842.2, 939.7);
INSERT INTO AstroSchema.Planets VALUES ('yat-9140', 'Sub-Earth', 'Coreless', (SELECT StarID FROM AstroSchema.Stars WHERE StarID = 'cek-6185'), (SELECT GalaxyName FROM AstroSchema.Systems, AstroSchema.Stars WHERE StarID = 'cek-6185' AND SystemName = InSystem));
INSERT INTO AstroSchema.Systems VALUES ('Cknoor', 'Multiple', NULL, NULL);
INSERT INTO AstroSchema.AstroObjects VALUES ('rrt-3231', 'Cknoor-A', 32590724211.5, 86776693.4);
INSERT INTO AstroSchema.Stars VALUES ('rrt-3231', 'V', 'Cknoor');
INSERT INTO AstroSchema.AstroObjects VALUES ('usx-8185', 'Cknoor-A-0', 20483664706.3, 785.5);
INSERT INTO AstroSchema.Planets VALUES ('usx-8185', 'Ice Giant', 'Helium', (SELECT StarID FROM AstroSchema.Stars WHERE StarID = 'rrt-3231'), (SELECT GalaxyName FROM AstroSchema.Systems, AstroSchema.Stars WHERE StarID = 'rrt-3231' AND SystemName = InSystem));
INSERT INTO AstroSchema.AstroObjects VALUES ('ond-3000', 'Cknoor-A-1', 1313956827.4, 640.6);
INSERT INTO AstroSchema.Planets VALUES ('ond-3000', 'Sub-Earth', 'Silicate', (SELECT StarID FROM AstroSchema.Stars WHERE StarID = 'rrt-3231'), (SELECT GalaxyName FROM AstroSchema.Systems, AstroSchema.Stars WHERE StarID = 'rrt-3231' AND SystemName = InSystem));
INSERT INTO AstroSchema.AstroObjects VALUES ('prc-2421', 'Cknoor-A-2', 32605968271.6, 450.6);
INSERT INTO AstroSchema.Planets VALUES ('prc-2421', 'Sub-Earth', 'Gas giant', (SELECT StarID FROM AstroSchema.Stars WHERE StarID = 'rrt-3231'), (SELECT GalaxyName FROM AstroSchema.Systems, AstroSchema.Stars WHERE StarID = 'rrt-3231' AND SystemName = InSystem));
INSERT INTO AstroSchema.AstroObjects VALUES ('tut-5160', 'Cknoor-B', 37479989558.1, 57680615.2);
INSERT INTO AstroSchema.Stars VALUES ('tut-5160', 'Ib', 'Cknoor');
INSERT INTO AstroSchema.AstroObjects VALUES ('rne-3237', 'Cknoor-C', 21189762466.3, 35159970.5);
INSERT INTO AstroSchema.Stars VALUES ('rne-3237', 'III', 'Cknoor');
INSERT INTO AstroSchema.AstroObjects VALUES ('lak-1625', 'Cknoor-C-0', 42147680999.5, 827.1);
INSERT INTO AstroSchema.Planets VALUES ('lak-1625', 'Gas Giant', 'Carbon', (SELECT StarID FROM AstroSchema.Stars WHERE StarID = 'rne-3237'), (SELECT GalaxyName FROM AstroSchema.Systems, AstroSchema.Stars WHERE StarID = 'rne-3237' AND SystemName = InSystem));
INSERT INTO AstroSchema.AstroObjects VALUES ('ctm-5127', 'Cknoor-C-1', 11989359358.6, 970.1);
INSERT INTO AstroSchema.Planets VALUES ('ctm-5127', 'Mini-Neptune', 'Ocean', (SELECT StarID FROM AstroSchema.Stars WHERE StarID = 'rne-3237'), (SELECT GalaxyName FROM AstroSchema.Systems, AstroSchema.Stars WHERE StarID = 'rne-3237' AND SystemName = InSystem));
INSERT INTO AstroSchema.AstroObjects VALUES ('fha-6095', 'Cknoor-C-2', 40857353441.8, 958.5);
INSERT INTO AstroSchema.Planets VALUES ('fha-6095', 'Ice Giant', 'Puffy', (SELECT StarID FROM AstroSchema.Stars WHERE StarID = 'rne-3237'), (SELECT GalaxyName FROM AstroSchema.Systems, AstroSchema.Stars WHERE StarID = 'rne-3237' AND SystemName = InSystem));
INSERT INTO AstroSchema.AstroObjects VALUES ('bhb-2659', 'Cknoor-C-3', 1924459888.5, 368.5);
INSERT INTO AstroSchema.Planets VALUES ('bhb-2659', 'Sub-Earth', 'Terrestrial', (SELECT StarID FROM AstroSchema.Stars WHERE StarID = 'rne-3237'), (SELECT GalaxyName FROM AstroSchema.Systems, AstroSchema.Stars WHERE StarID = 'rne-3237' AND SystemName = InSystem));
INSERT INTO AstroSchema.AstroObjects VALUES ('mdu-2425', 'Cknoor-C-4', 21831246622.1, 763.9);
INSERT INTO AstroSchema.Planets VALUES ('mdu-2425', 'Super-Jupiter', 'Ice', (SELECT StarID FROM AstroSchema.Stars WHERE StarID = 'rne-3237'), (SELECT GalaxyName FROM AstroSchema.Systems, AstroSchema.Stars WHERE StarID = 'rne-3237' AND SystemName = InSystem));
INSERT INTO AstroSchema.AstroObjects VALUES ('smd-4280', 'Cknoor-C-5', 34241887102.2, 408.3);
INSERT INTO AstroSchema.Planets VALUES ('smd-4280', 'Gas Giant', 'Gas dwarf', (SELECT StarID FROM AstroSchema.Stars WHERE StarID = 'rne-3237'), (SELECT GalaxyName FROM AstroSchema.Systems, AstroSchema.Stars WHERE StarID = 'rne-3237' AND SystemName = InSystem));
INSERT INTO AstroSchema.AstroObjects VALUES ('eks-1120', 'Cknoor-C-6', 10160193618.6, 84.0);
INSERT INTO AstroSchema.Planets VALUES ('eks-1120', 'Mini-Neptune', 'Ocean', (SELECT StarID FROM AstroSchema.Stars WHERE StarID = 'rne-3237'), (SELECT GalaxyName FROM AstroSchema.Systems, AstroSchema.Stars WHERE StarID = 'rne-3237' AND SystemName = InSystem));
INSERT INTO AstroSchema.AstroObjects VALUES ('xfd-2884', 'Cknoor-C-7', 3764706143.2, 1112.2);
INSERT INTO AstroSchema.Planets VALUES ('xfd-2884', 'Sub-Earth', 'Gas dwarf', (SELECT StarID FROM AstroSchema.Stars WHERE StarID = 'rne-3237'), (SELECT GalaxyName FROM AstroSchema.Systems, AstroSchema.Stars WHERE StarID = 'rne-3237' AND SystemName = InSystem));
INSERT INTO AstroSchema.AstroObjects VALUES ('ykt-8029', 'Cknoor-D', 20044861555.5, 73875539.0);
INSERT INTO AstroSchema.Stars VALUES ('ykt-8029', 'V', 'Cknoor');
INSERT INTO AstroSchema.AstroObjects VALUES ('rcb-6668', 'Cknoor-E', 24835394754.4, 46195198.6);
INSERT INTO AstroSchema.Stars VALUES ('rcb-6668', 'III', 'Cknoor');
INSERT INTO AstroSchema.Systems VALUES ('Jhapp', 'Quaternary', (SELECT GalaxyName FROM AstroSchema.Galaxies WHERE GalaxyName = 'Barnards Galaxy'), (SELECT ConstellationName FROM AstroSchema.Galaxies WHERE GalaxyName = 'Barnards Galaxy'));
INSERT INTO AstroSchema.AstroObjects VALUES ('fih-1064', 'Jhapp-A', 39047205360.8, 85584867.0);
INSERT INTO AstroSchema.Stars VALUES ('fih-1064', 'V', 'Jhapp');
INSERT INTO AstroSchema.AstroObjects VALUES ('mhp-8081', 'Jhapp-A-0', 44179479396.2, 683.4);
INSERT INTO AstroSchema.Planets VALUES ('mhp-8081', 'Sub-Earth', 'Silicate', (SELECT StarID FROM AstroSchema.Stars WHERE StarID = 'fih-1064'), (SELECT GalaxyName FROM AstroSchema.Systems, AstroSchema.Stars WHERE StarID = 'fih-1064' AND SystemName = InSystem));
INSERT INTO AstroSchema.AstroObjects VALUES ('sqv-6289', 'Jhapp-A-1', 71559332.2, 1221.0);
INSERT INTO AstroSchema.Planets VALUES ('sqv-6289', 'Sub-Earth', 'Ocean', (SELECT StarID FROM AstroSchema.Stars WHERE StarID = 'fih-1064'), (SELECT GalaxyName FROM AstroSchema.Systems, AstroSchema.Stars WHERE StarID = 'fih-1064' AND SystemName = InSystem));
INSERT INTO AstroSchema.AstroObjects VALUES ('wqq-9115', 'Jhapp-B', 28426347021.7, 32287967.0);
INSERT INTO AstroSchema.Stars VALUES ('wqq-9115', 'D', 'Jhapp');
INSERT INTO AstroSchema.AstroObjects VALUES ('hnl-3970', 'Jhapp-B-0', 8779163455.9, 79.2);
INSERT INTO AstroSchema.Planets VALUES ('hnl-3970', 'Sub-Earth', 'Puffy', (SELECT StarID FROM AstroSchema.Stars WHERE StarID = 'wqq-9115'), (SELECT GalaxyName FROM AstroSchema.Systems, AstroSchema.Stars WHERE StarID = 'wqq-9115' AND SystemName = InSystem));
INSERT INTO AstroSchema.AstroObjects VALUES ('zrf-3487', 'Jhapp-B-1', 2554951702.9, 649.9);
INSERT INTO AstroSchema.Planets VALUES ('zrf-3487', 'Gas Giant', 'Ocean', (SELECT StarID FROM AstroSchema.Stars WHERE StarID = 'wqq-9115'), (SELECT GalaxyName FROM AstroSchema.Systems, AstroSchema.Stars WHERE StarID = 'wqq-9115' AND SystemName = InSystem));
INSERT INTO AstroSchema.AstroObjects VALUES ('nyw-3833', 'Jhapp-B-2', 35779060530.1, 485.4);
INSERT INTO AstroSchema.Planets VALUES ('nyw-3833', 'Sub-Earth', 'Gas giant', (SELECT StarID FROM AstroSchema.Stars WHERE StarID = 'wqq-9115'), (SELECT GalaxyName FROM AstroSchema.Systems, AstroSchema.Stars WHERE StarID = 'wqq-9115' AND SystemName = InSystem));
INSERT INTO AstroSchema.AstroObjects VALUES ('kcb-5001', 'Jhapp-C', 19944622348.6, 90416478.1);
INSERT INTO AstroSchema.Stars VALUES ('kcb-5001', 'III', 'Jhapp');
INSERT INTO AstroSchema.AstroObjects VALUES ('mgo-4431', 'Jhapp-C-0', 12902845578.3, 292.9);
INSERT INTO AstroSchema.Planets VALUES ('mgo-4431', 'Gas Giant', 'Protoplanet', (SELECT StarID FROM AstroSchema.Stars WHERE StarID = 'kcb-5001'), (SELECT GalaxyName FROM AstroSchema.Systems, AstroSchema.Stars WHERE StarID = 'kcb-5001' AND SystemName = InSystem));
INSERT INTO AstroSchema.AstroObjects VALUES ('nur-2314', 'Jhapp-C-1', 24716270169.7, 859.9);
INSERT INTO AstroSchema.Planets VALUES ('nur-2314', 'Sub-Earth', 'Helium', (SELECT StarID FROM AstroSchema.Stars WHERE StarID = 'kcb-5001'), (SELECT GalaxyName FROM AstroSchema.Systems, AstroSchema.Stars WHERE StarID = 'kcb-5001' AND SystemName = InSystem));
INSERT INTO AstroSchema.AstroObjects VALUES ('coi-5804', 'Jhapp-D', 8344258716.9, 89383236.7);
INSERT INTO AstroSchema.Stars VALUES ('coi-5804', 'Ia', 'Jhapp');
INSERT INTO AstroSchema.AstroObjects VALUES ('wnd-7973', 'Jhapp-D-0', 636339885.7, 577.7);
INSERT INTO AstroSchema.Planets VALUES ('wnd-7973', 'Ice Giant', 'Coreless', (SELECT StarID FROM AstroSchema.Stars WHERE StarID = 'coi-5804'), (SELECT GalaxyName FROM AstroSchema.Systems, AstroSchema.Stars WHERE StarID = 'coi-5804' AND SystemName = InSystem));
INSERT INTO AstroSchema.AstroObjects VALUES ('thz-1840', 'Jhapp-D-1', 15815695858.6, 1308.7);
INSERT INTO AstroSchema.Planets VALUES ('thz-1840', 'Sub-Earth', 'Ice', (SELECT StarID FROM AstroSchema.Stars WHERE StarID = 'coi-5804'), (SELECT GalaxyName FROM AstroSchema.Systems, AstroSchema.Stars WHERE StarID = 'coi-5804' AND SystemName = InSystem));
INSERT INTO AstroSchema.AstroObjects VALUES ('gjs-2972', 'Jhapp-D-2', 41210984593.9, 69.1);
INSERT INTO AstroSchema.Planets VALUES ('gjs-2972', 'Super-Earth', 'Ocean', (SELECT StarID FROM AstroSchema.Stars WHERE StarID = 'coi-5804'), (SELECT GalaxyName FROM AstroSchema.Systems, AstroSchema.Stars WHERE StarID = 'coi-5804' AND SystemName = InSystem));
INSERT INTO AstroSchema.AstroObjects VALUES ('sgx-1013', 'Jhapp-D-3', 10946056532.2, 812.6);
INSERT INTO AstroSchema.Planets VALUES ('sgx-1013', 'Super-Jupiter', 'Gas dwarf', (SELECT StarID FROM AstroSchema.Stars WHERE StarID = 'coi-5804'), (SELECT GalaxyName FROM AstroSchema.Systems, AstroSchema.Stars WHERE StarID = 'coi-5804' AND SystemName = InSystem));
INSERT INTO AstroSchema.AstroObjects VALUES ('jhh-8089', 'Jhapp-D-4', 43383561293.7, 45.6);
INSERT INTO AstroSchema.Planets VALUES ('jhh-8089', 'Gas Giant', 'Ocean', (SELECT StarID FROM AstroSchema.Stars WHERE StarID = 'coi-5804'), (SELECT GalaxyName FROM AstroSchema.Systems, AstroSchema.Stars WHERE StarID = 'coi-5804' AND SystemName = InSystem));
INSERT INTO AstroSchema.AstroObjects VALUES ('bpz-3049', 'Jhapp-D-5', 11236038079.7, 1369.4);
INSERT INTO AstroSchema.Planets VALUES ('bpz-3049', 'Ice Giant', 'Puffy', (SELECT StarID FROM AstroSchema.Stars WHERE StarID = 'coi-5804'), (SELECT GalaxyName FROM AstroSchema.Systems, AstroSchema.Stars WHERE StarID = 'coi-5804' AND SystemName = InSystem));
INSERT INTO AstroSchema.AstroObjects VALUES ('kis-7508', 'Jhapp-D-6', 9870866116.0, 1013.3);
INSERT INTO AstroSchema.Planets VALUES ('kis-7508', 'Sub-Earth', 'Ocean', (SELECT StarID FROM AstroSchema.Stars WHERE StarID = 'coi-5804'), (SELECT GalaxyName FROM AstroSchema.Systems, AstroSchema.Stars WHERE StarID = 'coi-5804' AND SystemName = InSystem));
INSERT INTO AstroSchema.Systems VALUES ('Deteenal', 'Binary', (SELECT GalaxyName FROM AstroSchema.Galaxies WHERE GalaxyName = 'Messier 110'), (SELECT ConstellationName FROM AstroSchema.Galaxies WHERE GalaxyName = 'Messier 110'));
INSERT INTO AstroSchema.AstroObjects VALUES ('oup-3182', 'Deteenal-A', 30397202328.5, 65472897.0);
INSERT INTO AstroSchema.Stars VALUES ('oup-3182', 'V', 'Deteenal');
INSERT INTO AstroSchema.AstroObjects VALUES ('fjd-2102', 'Deteenal-B', 39922468423.2, 38364380.7);
INSERT INTO AstroSchema.Stars VALUES ('fjd-2102', 'Ia-O', 'Deteenal');
INSERT INTO AstroSchema.AstroObjects VALUES ('ecc-2250', 'Deteenal-B-0', 11920695694.0, 1394.5);
INSERT INTO AstroSchema.Planets VALUES ('ecc-2250', 'Super-Jupiter', 'Ice', (SELECT StarID FROM AstroSchema.Stars WHERE StarID = 'fjd-2102'), (SELECT GalaxyName FROM AstroSchema.Systems, AstroSchema.Stars WHERE StarID = 'fjd-2102' AND SystemName = InSystem));
INSERT INTO AstroSchema.AstroObjects VALUES ('czw-8924', 'Deteenal-B-1', 34863109224.5, 463.7);
INSERT INTO AstroSchema.Planets VALUES ('czw-8924', 'Super-Earth', 'Protoplanet', (SELECT StarID FROM AstroSchema.Stars WHERE StarID = 'fjd-2102'), (SELECT GalaxyName FROM AstroSchema.Systems, AstroSchema.Stars WHERE StarID = 'fjd-2102' AND SystemName = InSystem));
INSERT INTO AstroSchema.AstroObjects VALUES ('obs-9532', 'Deteenal-B-2', 22623405461.5, 481.5);
INSERT INTO AstroSchema.Planets VALUES ('obs-9532', 'Mini-Neptune', 'Terrestrial', (SELECT StarID FROM AstroSchema.Stars WHERE StarID = 'fjd-2102'), (SELECT GalaxyName FROM AstroSchema.Systems, AstroSchema.Stars WHERE StarID = 'fjd-2102' AND SystemName = InSystem));
INSERT INTO AstroSchema.AstroObjects VALUES ('nwz-4018', 'Deteenal-B-3', 5656590953.8, 412.7);
INSERT INTO AstroSchema.Planets VALUES ('nwz-4018', 'Sub-Earth', 'Hycean', (SELECT StarID FROM AstroSchema.Stars WHERE StarID = 'fjd-2102'), (SELECT GalaxyName FROM AstroSchema.Systems, AstroSchema.Stars WHERE StarID = 'fjd-2102' AND SystemName = InSystem));
INSERT INTO AstroSchema.AstroObjects VALUES ('unf-1956', 'Deteenal-B-4', 28567480946.6, 463.1);
INSERT INTO AstroSchema.Planets VALUES ('unf-1956', 'Mini-Neptune', 'Ice', (SELECT StarID FROM AstroSchema.Stars WHERE StarID = 'fjd-2102'), (SELECT GalaxyName FROM AstroSchema.Systems, AstroSchema.Stars WHERE StarID = 'fjd-2102' AND SystemName = InSystem));
INSERT INTO AstroSchema.AstroObjects VALUES ('zdj-8893', 'Deteenal-B-5', 5192295717.8, 820.1);
INSERT INTO AstroSchema.Planets VALUES ('zdj-8893', 'Super-Jupiter', 'Desert', (SELECT StarID FROM AstroSchema.Stars WHERE StarID = 'fjd-2102'), (SELECT GalaxyName FROM AstroSchema.Systems, AstroSchema.Stars WHERE StarID = 'fjd-2102' AND SystemName = InSystem));
INSERT INTO AstroSchema.AstroObjects VALUES ('ydy-4885', 'Deteenal-B-6', 31833379415.4, 216.3);
INSERT INTO AstroSchema.Planets VALUES ('ydy-4885', 'Gas Giant', 'Ice', (SELECT StarID FROM AstroSchema.Stars WHERE StarID = 'fjd-2102'), (SELECT GalaxyName FROM AstroSchema.Systems, AstroSchema.Stars WHERE StarID = 'fjd-2102' AND SystemName = InSystem));
INSERT INTO AstroSchema.AstroObjects VALUES ('fjh-6871', 'Deteenal-B-7', 32069100630.5, 940.1);
INSERT INTO AstroSchema.Planets VALUES ('fjh-6871', 'Super-Jupiter', 'Protoplanet', (SELECT StarID FROM AstroSchema.Stars WHERE StarID = 'fjd-2102'), (SELECT GalaxyName FROM AstroSchema.Systems, AstroSchema.Stars WHERE StarID = 'fjd-2102' AND SystemName = InSystem));
INSERT INTO AstroSchema.AstroObjects VALUES ('erd-6853', 'Deteenal-B-8', 20354208926.2, 769.7);
INSERT INTO AstroSchema.Planets VALUES ('erd-6853', 'Gas Giant', 'Coreless', (SELECT StarID FROM AstroSchema.Stars WHERE StarID = 'fjd-2102'), (SELECT GalaxyName FROM AstroSchema.Systems, AstroSchema.Stars WHERE StarID = 'fjd-2102' AND SystemName = InSystem));
INSERT INTO AstroSchema.Systems VALUES ('Wiyter', 'Binary', (SELECT GalaxyName FROM AstroSchema.Galaxies WHERE GalaxyName = 'Draco Dwarf'), NULL);
INSERT INTO AstroSchema.AstroObjects VALUES ('yxc-1853', 'Wiyter-A', 36334700095.0, 93829835.8);
INSERT INTO AstroSchema.Stars VALUES ('yxc-1853', 'Ia-O', 'Wiyter');
INSERT INTO AstroSchema.AstroObjects VALUES ('pcf-2491', 'Wiyter-A-0', 15952963065.9, 1407.7);
INSERT INTO AstroSchema.Planets VALUES ('pcf-2491', 'Super-Jupiter', 'Desert', (SELECT StarID FROM AstroSchema.Stars WHERE StarID = 'yxc-1853'), (SELECT GalaxyName FROM AstroSchema.Systems, AstroSchema.Stars WHERE StarID = 'yxc-1853' AND SystemName = InSystem));
INSERT INTO AstroSchema.AstroObjects VALUES ('tyb-2281', 'Wiyter-B', 35649451882.2, 30509883.2);
INSERT INTO AstroSchema.Stars VALUES ('tyb-2281', 'Ia-O', 'Wiyter');
INSERT INTO AstroSchema.AstroObjects VALUES ('szc-4496', 'Wiyter-B-0', 19229299980.4, 159.4);
INSERT INTO AstroSchema.Planets VALUES ('szc-4496', 'Super-Earth', 'Terrestrial', (SELECT StarID FROM AstroSchema.Stars WHERE StarID = 'tyb-2281'), (SELECT GalaxyName FROM AstroSchema.Systems, AstroSchema.Stars WHERE StarID = 'tyb-2281' AND SystemName = InSystem));
INSERT INTO AstroSchema.AstroObjects VALUES ('wit-4344', 'Wiyter-B-1', 36780825758.9, 542.3);
INSERT INTO AstroSchema.Planets VALUES ('wit-4344', 'Sub-Earth', 'Ice', (SELECT StarID FROM AstroSchema.Stars WHERE StarID = 'tyb-2281'), (SELECT GalaxyName FROM AstroSchema.Systems, AstroSchema.Stars WHERE StarID = 'tyb-2281' AND SystemName = InSystem));
INSERT INTO AstroSchema.AstroObjects VALUES ('tpp-2511', 'Wiyter-B-2', 19807555051.6, 986.3);
INSERT INTO AstroSchema.Planets VALUES ('tpp-2511', 'Mini-Neptune', 'Terrestrial', (SELECT StarID FROM AstroSchema.Stars WHERE StarID = 'tyb-2281'), (SELECT GalaxyName FROM AstroSchema.Systems, AstroSchema.Stars WHERE StarID = 'tyb-2281' AND SystemName = InSystem));
INSERT INTO AstroSchema.AstroObjects VALUES ('kcv-8299', 'Wiyter-B-3', 25458828534.2, 958.5);
INSERT INTO AstroSchema.Planets VALUES ('kcv-8299', 'Super-Earth', 'Ocean', (SELECT StarID FROM AstroSchema.Stars WHERE StarID = 'tyb-2281'), (SELECT GalaxyName FROM AstroSchema.Systems, AstroSchema.Stars WHERE StarID = 'tyb-2281' AND SystemName = InSystem));
INSERT INTO AstroSchema.AstroObjects VALUES ('pjn-5909', 'Wiyter-B-4', 18993524881.1, 978.5);
INSERT INTO AstroSchema.Planets VALUES ('pjn-5909', 'Sub-Earth', 'Silicate', (SELECT StarID FROM AstroSchema.Stars WHERE StarID = 'tyb-2281'), (SELECT GalaxyName FROM AstroSchema.Systems, AstroSchema.Stars WHERE StarID = 'tyb-2281' AND SystemName = InSystem));
INSERT INTO AstroSchema.Systems VALUES ('Patraggor', 'Mono', (SELECT GalaxyName FROM AstroSchema.Galaxies WHERE GalaxyName = 'Small Magellanic Cloud'), (SELECT ConstellationName FROM AstroSchema.Galaxies WHERE GalaxyName = 'Small Magellanic Cloud'));
INSERT INTO AstroSchema.AstroObjects VALUES ('eng-5641', 'Patraggor', 32878764916.1, 25262507.3);
INSERT INTO AstroSchema.Stars VALUES ('eng-5641', 'IV', 'Patraggor');
INSERT INTO AstroSchema.AstroObjects VALUES ('ljt-9279', 'Patraggor-0', 10240162251.9, 954.3);
INSERT INTO AstroSchema.Planets VALUES ('ljt-9279', 'Ice Giant', 'Ice', (SELECT StarID FROM AstroSchema.Stars WHERE StarID = 'eng-5641'), (SELECT GalaxyName FROM AstroSchema.Systems, AstroSchema.Stars WHERE StarID = 'eng-5641' AND SystemName = InSystem));
INSERT INTO AstroSchema.AstroObjects VALUES ('ean-2551', 'Patraggor-1', 22114333220.4, 1448.2);
INSERT INTO AstroSchema.Planets VALUES ('ean-2551', 'Gas Giant', 'Terrestrial', (SELECT StarID FROM AstroSchema.Stars WHERE StarID = 'eng-5641'), (SELECT GalaxyName FROM AstroSchema.Systems, AstroSchema.Stars WHERE StarID = 'eng-5641' AND SystemName = InSystem));
INSERT INTO AstroSchema.AstroObjects VALUES ('fcq-3679', 'Patraggor-2', 43380947199.3, 879.3);
INSERT INTO AstroSchema.Planets VALUES ('fcq-3679', 'Super-Jupiter', 'Desert', (SELECT StarID FROM AstroSchema.Stars WHERE StarID = 'eng-5641'), (SELECT GalaxyName FROM AstroSchema.Systems, AstroSchema.Stars WHERE StarID = 'eng-5641' AND SystemName = InSystem));
INSERT INTO AstroSchema.AstroObjects VALUES ('bll-8285', 'Patraggor-3', 7625862510.9, 811.6);
INSERT INTO AstroSchema.Planets VALUES ('bll-8285', 'Sub-Earth', 'Protoplanet', (SELECT StarID FROM AstroSchema.Stars WHERE StarID = 'eng-5641'), (SELECT GalaxyName FROM AstroSchema.Systems, AstroSchema.Stars WHERE StarID = 'eng-5641' AND SystemName = InSystem));
INSERT INTO AstroSchema.AstroObjects VALUES ('tsi-4937', 'Patraggor-4', 28114970678.5, 650.1);
INSERT INTO AstroSchema.Planets VALUES ('tsi-4937', 'Mini-Neptune', 'Chtonian', (SELECT StarID FROM AstroSchema.Stars WHERE StarID = 'eng-5641'), (SELECT GalaxyName FROM AstroSchema.Systems, AstroSchema.Stars WHERE StarID = 'eng-5641' AND SystemName = InSystem));
INSERT INTO AstroSchema.Systems VALUES ('Ruinam', 'Mono', (SELECT GalaxyName FROM AstroSchema.Galaxies WHERE GalaxyName = 'Triangulum'), NULL);
INSERT INTO AstroSchema.AstroObjects VALUES ('qnf-6037', 'Ruinam', 32033187723.9, 22727290.2);
INSERT INTO AstroSchema.Stars VALUES ('qnf-6037', 'VI', 'Ruinam');
INSERT INTO AstroSchema.Systems VALUES ('Ditrim', 'Binary', (SELECT GalaxyName FROM AstroSchema.Galaxies WHERE GalaxyName = 'Andromeda'), (SELECT ConstellationName FROM AstroSchema.Galaxies WHERE GalaxyName = 'Andromeda'));
INSERT INTO AstroSchema.AstroObjects VALUES ('azb-9725', 'Ditrim-A', 13310783591.7, 69896985.9);
INSERT INTO AstroSchema.Stars VALUES ('azb-9725', 'VI', 'Ditrim');
INSERT INTO AstroSchema.AstroObjects VALUES ('loa-4232', 'Ditrim-A-0', 33733061158.7, 716.9);
INSERT INTO AstroSchema.Planets VALUES ('loa-4232', 'Super-Jupiter', 'Chtonian', (SELECT StarID FROM AstroSchema.Stars WHERE StarID = 'azb-9725'), (SELECT GalaxyName FROM AstroSchema.Systems, AstroSchema.Stars WHERE StarID = 'azb-9725' AND SystemName = InSystem));
INSERT INTO AstroSchema.AstroObjects VALUES ('ztz-3164', 'Ditrim-A-1', 10269975398.6, 311.1);
INSERT INTO AstroSchema.Planets VALUES ('ztz-3164', 'Ice Giant', 'Chtonian', (SELECT StarID FROM AstroSchema.Stars WHERE StarID = 'azb-9725'), (SELECT GalaxyName FROM AstroSchema.Systems, AstroSchema.Stars WHERE StarID = 'azb-9725' AND SystemName = InSystem));
INSERT INTO AstroSchema.AstroObjects VALUES ('wxa-2048', 'Ditrim-A-2', 42316545569.2, 743.7);
INSERT INTO AstroSchema.Planets VALUES ('wxa-2048', 'Super-Earth', 'Puffy', (SELECT StarID FROM AstroSchema.Stars WHERE StarID = 'azb-9725'), (SELECT GalaxyName FROM AstroSchema.Systems, AstroSchema.Stars WHERE StarID = 'azb-9725' AND SystemName = InSystem));
INSERT INTO AstroSchema.AstroObjects VALUES ('jty-2730', 'Ditrim-A-3', 3472956568.7, 157.5);
INSERT INTO AstroSchema.Planets VALUES ('jty-2730', 'Gas Giant', 'Terrestrial', (SELECT StarID FROM AstroSchema.Stars WHERE StarID = 'azb-9725'), (SELECT GalaxyName FROM AstroSchema.Systems, AstroSchema.Stars WHERE StarID = 'azb-9725' AND SystemName = InSystem));
INSERT INTO AstroSchema.AstroObjects VALUES ('jpl-4751', 'Ditrim-A-4', 2560038495.8, 343.6);
INSERT INTO AstroSchema.Planets VALUES ('jpl-4751', 'Super-Jupiter', 'Desert', (SELECT StarID FROM AstroSchema.Stars WHERE StarID = 'azb-9725'), (SELECT GalaxyName FROM AstroSchema.Systems, AstroSchema.Stars WHERE StarID = 'azb-9725' AND SystemName = InSystem));
INSERT INTO AstroSchema.AstroObjects VALUES ('axm-3769', 'Ditrim-A-5', 12697189536.2, 202.9);
INSERT INTO AstroSchema.Planets VALUES ('axm-3769', 'Sub-Earth', 'Desert', (SELECT StarID FROM AstroSchema.Stars WHERE StarID = 'azb-9725'), (SELECT GalaxyName FROM AstroSchema.Systems, AstroSchema.Stars WHERE StarID = 'azb-9725' AND SystemName = InSystem));
INSERT INTO AstroSchema.AstroObjects VALUES ('wcf-6408', 'Ditrim-A-6', 43524412152.0, 171.3);
INSERT INTO AstroSchema.Planets VALUES ('wcf-6408', 'Super-Jupiter', 'Protoplanet', (SELECT StarID FROM AstroSchema.Stars WHERE StarID = 'azb-9725'), (SELECT GalaxyName FROM AstroSchema.Systems, AstroSchema.Stars WHERE StarID = 'azb-9725' AND SystemName = InSystem));
INSERT INTO AstroSchema.AstroObjects VALUES ('hba-7362', 'Ditrim-A-7', 32082641909.6, 635.3);
INSERT INTO AstroSchema.Planets VALUES ('hba-7362', 'Super-Earth', 'Puffy', (SELECT StarID FROM AstroSchema.Stars WHERE StarID = 'azb-9725'), (SELECT GalaxyName FROM AstroSchema.Systems, AstroSchema.Stars WHERE StarID = 'azb-9725' AND SystemName = InSystem));
INSERT INTO AstroSchema.AstroObjects VALUES ('byz-7297', 'Ditrim-A-8', 25302613797.2, 165.1);
INSERT INTO AstroSchema.Planets VALUES ('byz-7297', 'Gas Giant', 'Helium', (SELECT StarID FROM AstroSchema.Stars WHERE StarID = 'azb-9725'), (SELECT GalaxyName FROM AstroSchema.Systems, AstroSchema.Stars WHERE StarID = 'azb-9725' AND SystemName = InSystem));
INSERT INTO AstroSchema.AstroObjects VALUES ('ipv-2683', 'Ditrim-B', 24227744654.9, 66974252.8);
INSERT INTO AstroSchema.Stars VALUES ('ipv-2683', 'II', 'Ditrim');
INSERT INTO AstroSchema.AstroObjects VALUES ('elb-7763', 'Ditrim-B-0', 11640641589.1, 718.2);
INSERT INTO AstroSchema.Planets VALUES ('elb-7763', 'Super-Jupiter', 'Carbon', (SELECT StarID FROM AstroSchema.Stars WHERE StarID = 'ipv-2683'), (SELECT GalaxyName FROM AstroSchema.Systems, AstroSchema.Stars WHERE StarID = 'ipv-2683' AND SystemName = InSystem));
INSERT INTO AstroSchema.AstroObjects VALUES ('qpv-9508', 'Ditrim-B-1', 42044524295.3, 1098.6);
INSERT INTO AstroSchema.Planets VALUES ('qpv-9508', 'Gas Giant', 'Gas dwarf', (SELECT StarID FROM AstroSchema.Stars WHERE StarID = 'ipv-2683'), (SELECT GalaxyName FROM AstroSchema.Systems, AstroSchema.Stars WHERE StarID = 'ipv-2683' AND SystemName = InSystem));
INSERT INTO AstroSchema.AstroObjects VALUES ('ata-2275', 'Ditrim-B-2', 9006812706.7, 129.2);
INSERT INTO AstroSchema.Planets VALUES ('ata-2275', 'Mini-Neptune', 'Carbon', (SELECT StarID FROM AstroSchema.Stars WHERE StarID = 'ipv-2683'), (SELECT GalaxyName FROM AstroSchema.Systems, AstroSchema.Stars WHERE StarID = 'ipv-2683' AND SystemName = InSystem));
INSERT INTO AstroSchema.AstroObjects VALUES ('btp-5613', 'Ditrim-B-3', 31348045344.2, 257.4);
INSERT INTO AstroSchema.Planets VALUES ('btp-5613', 'Gas Giant', 'Ice', (SELECT StarID FROM AstroSchema.Stars WHERE StarID = 'ipv-2683'), (SELECT GalaxyName FROM AstroSchema.Systems, AstroSchema.Stars WHERE StarID = 'ipv-2683' AND SystemName = InSystem));
INSERT INTO AstroSchema.AstroObjects VALUES ('knp-8139', 'Ditrim-B-4', 19608727826.7, 283.6);
INSERT INTO AstroSchema.Planets VALUES ('knp-8139', 'Ice Giant', 'Gas dwarf', (SELECT StarID FROM AstroSchema.Stars WHERE StarID = 'ipv-2683'), (SELECT GalaxyName FROM AstroSchema.Systems, AstroSchema.Stars WHERE StarID = 'ipv-2683' AND SystemName = InSystem));
INSERT INTO AstroSchema.AstroObjects VALUES ('vpj-9571', 'Ditrim-B-5', 24798415294.3, 1050.8);
INSERT INTO AstroSchema.Planets VALUES ('vpj-9571', 'Super-Jupiter', 'Ice', (SELECT StarID FROM AstroSchema.Stars WHERE StarID = 'ipv-2683'), (SELECT GalaxyName FROM AstroSchema.Systems, AstroSchema.Stars WHERE StarID = 'ipv-2683' AND SystemName = InSystem));
INSERT INTO AstroSchema.Systems VALUES ('Athyr', 'Mono', (SELECT GalaxyName FROM AstroSchema.Galaxies WHERE GalaxyName = 'Leo I'), (SELECT ConstellationName FROM AstroSchema.Galaxies WHERE GalaxyName = 'Leo I'));
INSERT INTO AstroSchema.AstroObjects VALUES ('hbr-2178', 'Athyr', 31592997393.1, 41893009.5);
INSERT INTO AstroSchema.Stars VALUES ('hbr-2178', 'Ib', 'Athyr');
INSERT INTO AstroSchema.AstroObjects VALUES ('gbk-9240', 'Athyr-0', 43593295063.7, 870.5);
INSERT INTO AstroSchema.Planets VALUES ('gbk-9240', 'Mini-Neptune', 'Gas giant', (SELECT StarID FROM AstroSchema.Stars WHERE StarID = 'hbr-2178'), (SELECT GalaxyName FROM AstroSchema.Systems, AstroSchema.Stars WHERE StarID = 'hbr-2178' AND SystemName = InSystem));
INSERT INTO AstroSchema.AstroObjects VALUES ('cfl-7656', 'Athyr-1', 41198098699.1, 1186.3);
INSERT INTO AstroSchema.Planets VALUES ('cfl-7656', 'Super-Jupiter', 'Chtonian', (SELECT StarID FROM AstroSchema.Stars WHERE StarID = 'hbr-2178'), (SELECT GalaxyName FROM AstroSchema.Systems, AstroSchema.Stars WHERE StarID = 'hbr-2178' AND SystemName = InSystem));
INSERT INTO AstroSchema.Systems VALUES ('TVilkait', 'Mono', (SELECT GalaxyName FROM AstroSchema.Galaxies WHERE GalaxyName = 'Segue 1'), (SELECT ConstellationName FROM AstroSchema.Galaxies WHERE GalaxyName = 'Segue 1'));
INSERT INTO AstroSchema.AstroObjects VALUES ('doa-5721', 'TVilkait', 12908477460.0, 75740066.2);
INSERT INTO AstroSchema.Stars VALUES ('doa-5721', 'V', 'TVilkait');
INSERT INTO AstroSchema.AstroObjects VALUES ('cup-8503', 'TVilkait-0', 16141618669.7, 927.9);
INSERT INTO AstroSchema.Planets VALUES ('cup-8503', 'Sub-Earth', 'Chtonian', (SELECT StarID FROM AstroSchema.Stars WHERE StarID = 'doa-5721'), (SELECT GalaxyName FROM AstroSchema.Systems, AstroSchema.Stars WHERE StarID = 'doa-5721' AND SystemName = InSystem));
INSERT INTO AstroSchema.AstroObjects VALUES ('ubw-2336', 'TVilkait-1', 5356567493.2, 660.7);
INSERT INTO AstroSchema.Planets VALUES ('ubw-2336', 'Super-Earth', 'Carbon', (SELECT StarID FROM AstroSchema.Stars WHERE StarID = 'doa-5721'), (SELECT GalaxyName FROM AstroSchema.Systems, AstroSchema.Stars WHERE StarID = 'doa-5721' AND SystemName = InSystem));
INSERT INTO AstroSchema.AstroObjects VALUES ('vnr-7055', 'TVilkait-2', 20617091908.1, 405.9);
INSERT INTO AstroSchema.Planets VALUES ('vnr-7055', 'Ice Giant', 'Desert', (SELECT StarID FROM AstroSchema.Stars WHERE StarID = 'doa-5721'), (SELECT GalaxyName FROM AstroSchema.Systems, AstroSchema.Stars WHERE StarID = 'doa-5721' AND SystemName = InSystem));
INSERT INTO AstroSchema.AstroObjects VALUES ('bwv-9020', 'TVilkait-3', 7959475457.4, 1226.5);
INSERT INTO AstroSchema.Planets VALUES ('bwv-9020', 'Mini-Neptune', 'Coreless', (SELECT StarID FROM AstroSchema.Stars WHERE StarID = 'doa-5721'), (SELECT GalaxyName FROM AstroSchema.Systems, AstroSchema.Stars WHERE StarID = 'doa-5721' AND SystemName = InSystem));
INSERT INTO AstroSchema.AstroObjects VALUES ('jfg-6689', 'TVilkait-4', 7106562.7, 776.2);
INSERT INTO AstroSchema.Planets VALUES ('jfg-6689', 'Ice Giant', 'Desert', (SELECT StarID FROM AstroSchema.Stars WHERE StarID = 'doa-5721'), (SELECT GalaxyName FROM AstroSchema.Systems, AstroSchema.Stars WHERE StarID = 'doa-5721' AND SystemName = InSystem));
INSERT INTO AstroSchema.AstroObjects VALUES ('bnk-1084', 'TVilkait-5', 34335174633.9, 1272.9);
INSERT INTO AstroSchema.Planets VALUES ('bnk-1084', 'Gas Giant', 'Hycean', (SELECT StarID FROM AstroSchema.Stars WHERE StarID = 'doa-5721'), (SELECT GalaxyName FROM AstroSchema.Systems, AstroSchema.Stars WHERE StarID = 'doa-5721' AND SystemName = InSystem));
INSERT INTO AstroSchema.AstroObjects VALUES ('gzr-1255', 'TVilkait-6', 8969104158.6, 1265.1);
INSERT INTO AstroSchema.Planets VALUES ('gzr-1255', 'Sub-Earth', 'Ice', (SELECT StarID FROM AstroSchema.Stars WHERE StarID = 'doa-5721'), (SELECT GalaxyName FROM AstroSchema.Systems, AstroSchema.Stars WHERE StarID = 'doa-5721' AND SystemName = InSystem));
INSERT INTO AstroSchema.AstroObjects VALUES ('vjk-1696', 'TVilkait-7', 2228866107.1, 1498.5);
INSERT INTO AstroSchema.Planets VALUES ('vjk-1696', 'Gas Giant', 'Hycean', (SELECT StarID FROM AstroSchema.Stars WHERE StarID = 'doa-5721'), (SELECT GalaxyName FROM AstroSchema.Systems, AstroSchema.Stars WHERE StarID = 'doa-5721' AND SystemName = InSystem));
INSERT INTO AstroSchema.AstroObjects VALUES ('val-9402', 'TVilkait-8', 45369276119.0, 713.3);
INSERT INTO AstroSchema.Planets VALUES ('val-9402', 'Super-Earth', 'Ice', (SELECT StarID FROM AstroSchema.Stars WHERE StarID = 'doa-5721'), (SELECT GalaxyName FROM AstroSchema.Systems, AstroSchema.Stars WHERE StarID = 'doa-5721' AND SystemName = InSystem));
INSERT INTO AstroSchema.AstroObjects VALUES ('tke-9087', 'TVilkait-9', 38740347582.7, 785.5);
INSERT INTO AstroSchema.Planets VALUES ('tke-9087', 'Ice Giant', 'Gas giant', (SELECT StarID FROM AstroSchema.Stars WHERE StarID = 'doa-5721'), (SELECT GalaxyName FROM AstroSchema.Systems, AstroSchema.Stars WHERE StarID = 'doa-5721' AND SystemName = InSystem));
INSERT INTO AstroSchema.Systems VALUES ('Haddnoc', 'Binary', (SELECT GalaxyName FROM AstroSchema.Galaxies WHERE GalaxyName = 'Barnards Galaxy'), (SELECT ConstellationName FROM AstroSchema.Galaxies WHERE GalaxyName = 'Barnards Galaxy'));
INSERT INTO AstroSchema.AstroObjects VALUES ('azr-2463', 'Haddnoc-A', 23292007045.5, 56711263.6);
INSERT INTO AstroSchema.Stars VALUES ('azr-2463', 'III', 'Haddnoc');
INSERT INTO AstroSchema.AstroObjects VALUES ('cmt-3403', 'Haddnoc-A-0', 11911103949.9, 357.5);
INSERT INTO AstroSchema.Planets VALUES ('cmt-3403', 'Super-Earth', 'Ice', (SELECT StarID FROM AstroSchema.Stars WHERE StarID = 'azr-2463'), (SELECT GalaxyName FROM AstroSchema.Systems, AstroSchema.Stars WHERE StarID = 'azr-2463' AND SystemName = InSystem));
INSERT INTO AstroSchema.AstroObjects VALUES ('xew-5881', 'Haddnoc-A-1', 36903008368.7, 618.1);
INSERT INTO AstroSchema.Planets VALUES ('xew-5881', 'Sub-Earth', 'Gas dwarf', (SELECT StarID FROM AstroSchema.Stars WHERE StarID = 'azr-2463'), (SELECT GalaxyName FROM AstroSchema.Systems, AstroSchema.Stars WHERE StarID = 'azr-2463' AND SystemName = InSystem));
INSERT INTO AstroSchema.AstroObjects VALUES ('omv-1382', 'Haddnoc-A-2', 21712134913.5, 1398.0);
INSERT INTO AstroSchema.Planets VALUES ('omv-1382', 'Gas Giant', 'Ice', (SELECT StarID FROM AstroSchema.Stars WHERE StarID = 'azr-2463'), (SELECT GalaxyName FROM AstroSchema.Systems, AstroSchema.Stars WHERE StarID = 'azr-2463' AND SystemName = InSystem));
INSERT INTO AstroSchema.AstroObjects VALUES ('gjs-7704', 'Haddnoc-B', 28664942212.5, 35136.6);
INSERT INTO AstroSchema.Stars VALUES ('gjs-7704', 'D', 'Haddnoc');
INSERT INTO AstroSchema.AstroObjects VALUES ('mhm-9263', 'Haddnoc-B-0', 24961549537.4, 70.6);
INSERT INTO AstroSchema.Planets VALUES ('mhm-9263', 'Super-Earth', 'Coreless', (SELECT StarID FROM AstroSchema.Stars WHERE StarID = 'gjs-7704'), (SELECT GalaxyName FROM AstroSchema.Systems, AstroSchema.Stars WHERE StarID = 'gjs-7704' AND SystemName = InSystem));
INSERT INTO AstroSchema.AstroObjects VALUES ('fnr-3924', 'Haddnoc-B-1', 2157295890.6, 1244.9);
INSERT INTO AstroSchema.Planets VALUES ('fnr-3924', 'Ice Giant', 'Puffy', (SELECT StarID FROM AstroSchema.Stars WHERE StarID = 'gjs-7704'), (SELECT GalaxyName FROM AstroSchema.Systems, AstroSchema.Stars WHERE StarID = 'gjs-7704' AND SystemName = InSystem));
INSERT INTO AstroSchema.Systems VALUES ('Fuou', 'Mono', (SELECT GalaxyName FROM AstroSchema.Galaxies WHERE GalaxyName = 'Segue 1'), (SELECT ConstellationName FROM AstroSchema.Galaxies WHERE GalaxyName = 'Segue 1'));
INSERT INTO AstroSchema.AstroObjects VALUES ('qxe-9674', 'Fuou', 2276502542.5, 97297468.0);
INSERT INTO AstroSchema.Stars VALUES ('qxe-9674', 'VI', 'Fuou');
INSERT INTO AstroSchema.Systems VALUES ('Vana', 'Trinary', (SELECT GalaxyName FROM AstroSchema.Galaxies WHERE GalaxyName = 'Wolf-Lundmark-Melotte'), (SELECT ConstellationName FROM AstroSchema.Galaxies WHERE GalaxyName = 'Wolf-Lundmark-Melotte'));
INSERT INTO AstroSchema.AstroObjects VALUES ('khu-1428', 'Vana-A', 16814791743.2, 47636988.3);
INSERT INTO AstroSchema.Stars VALUES ('khu-1428', 'Ib', 'Vana');
INSERT INTO AstroSchema.AstroObjects VALUES ('hpq-1798', 'Vana-A-0', 21526260682.8, 176.6);
INSERT INTO AstroSchema.Planets VALUES ('hpq-1798', 'Sub-Earth', 'Helium', (SELECT StarID FROM AstroSchema.Stars WHERE StarID = 'khu-1428'), (SELECT GalaxyName FROM AstroSchema.Systems, AstroSchema.Stars WHERE StarID = 'khu-1428' AND SystemName = InSystem));
INSERT INTO AstroSchema.AstroObjects VALUES ('kpw-5200', 'Vana-A-1', 22760117235.4, 544.8);
INSERT INTO AstroSchema.Planets VALUES ('kpw-5200', 'Super-Jupiter', 'Helium', (SELECT StarID FROM AstroSchema.Stars WHERE StarID = 'khu-1428'), (SELECT GalaxyName FROM AstroSchema.Systems, AstroSchema.Stars WHERE StarID = 'khu-1428' AND SystemName = InSystem));
INSERT INTO AstroSchema.AstroObjects VALUES ('zbs-5169', 'Vana-B', 29867131208.8, 68348695.5);
INSERT INTO AstroSchema.Stars VALUES ('zbs-5169', 'Ia-O', 'Vana');
INSERT INTO AstroSchema.AstroObjects VALUES ('fml-2650', 'Vana-C', 11183058147.2, 55215755.8);
INSERT INTO AstroSchema.Stars VALUES ('fml-2650', 'D', 'Vana');
INSERT INTO AstroSchema.AstroObjects VALUES ('oky-9112', 'Vana-C-0', 2028769230.4, 673.9);
INSERT INTO AstroSchema.Planets VALUES ('oky-9112', 'Super-Jupiter', 'Puffy', (SELECT StarID FROM AstroSchema.Stars WHERE StarID = 'fml-2650'), (SELECT GalaxyName FROM AstroSchema.Systems, AstroSchema.Stars WHERE StarID = 'fml-2650' AND SystemName = InSystem));
INSERT INTO AstroSchema.Systems VALUES ('Sanach', 'Binary', NULL, (SELECT ConstellationName FROM AstroSchema.Constellations WHERE ConstellationName = 'Hydrus'));
INSERT INTO AstroSchema.AstroObjects VALUES ('xoe-1236', 'Sanach-A', 44697389228.3, 40691185.3);
INSERT INTO AstroSchema.Stars VALUES ('xoe-1236', 'III', 'Sanach');
INSERT INTO AstroSchema.AstroObjects VALUES ('yzd-6634', 'Sanach-B', 11987915639.0, 55145176.8);
INSERT INTO AstroSchema.Stars VALUES ('yzd-6634', 'VI', 'Sanach');
INSERT INTO AstroSchema.AstroObjects VALUES ('xqh-1554', 'Sanach-B-0', 2968474642.4, 1461.3);
INSERT INTO AstroSchema.Planets VALUES ('xqh-1554', 'Sub-Earth', 'Carbon', (SELECT StarID FROM AstroSchema.Stars WHERE StarID = 'yzd-6634'), (SELECT GalaxyName FROM AstroSchema.Systems, AstroSchema.Stars WHERE StarID = 'yzd-6634' AND SystemName = InSystem));
INSERT INTO AstroSchema.AstroObjects VALUES ('pnz-6230', 'Sanach-B-1', 538680903.8, 207.3);
INSERT INTO AstroSchema.Planets VALUES ('pnz-6230', 'Gas Giant', 'Ocean', (SELECT StarID FROM AstroSchema.Stars WHERE StarID = 'yzd-6634'), (SELECT GalaxyName FROM AstroSchema.Systems, AstroSchema.Stars WHERE StarID = 'yzd-6634' AND SystemName = InSystem));
INSERT INTO AstroSchema.Systems VALUES ('Taunrak', 'Quaternary', (SELECT GalaxyName FROM AstroSchema.Galaxies WHERE GalaxyName = 'Sextans A'), NULL);
INSERT INTO AstroSchema.AstroObjects VALUES ('rmg-9832', 'Taunrak-A', 18603187160.6, 46388066.8);
INSERT INTO AstroSchema.Stars VALUES ('rmg-9832', 'Ia-O', 'Taunrak');
INSERT INTO AstroSchema.AstroObjects VALUES ('cdt-7176', 'Taunrak-A-0', 34530073408.4, 776.6);
INSERT INTO AstroSchema.Planets VALUES ('cdt-7176', 'Super-Jupiter', 'Gas giant', (SELECT StarID FROM AstroSchema.Stars WHERE StarID = 'rmg-9832'), (SELECT GalaxyName FROM AstroSchema.Systems, AstroSchema.Stars WHERE StarID = 'rmg-9832' AND SystemName = InSystem));
INSERT INTO AstroSchema.AstroObjects VALUES ('bsq-8652', 'Taunrak-A-1', 34246495454.6, 180.1);
INSERT INTO AstroSchema.Planets VALUES ('bsq-8652', 'Sub-Earth', 'Desert', (SELECT StarID FROM AstroSchema.Stars WHERE StarID = 'rmg-9832'), (SELECT GalaxyName FROM AstroSchema.Systems, AstroSchema.Stars WHERE StarID = 'rmg-9832' AND SystemName = InSystem));
INSERT INTO AstroSchema.AstroObjects VALUES ('jrq-7966', 'Taunrak-A-2', 35904183890.8, 1007.1);
INSERT INTO AstroSchema.Planets VALUES ('jrq-7966', 'Gas Giant', 'Coreless', (SELECT StarID FROM AstroSchema.Stars WHERE StarID = 'rmg-9832'), (SELECT GalaxyName FROM AstroSchema.Systems, AstroSchema.Stars WHERE StarID = 'rmg-9832' AND SystemName = InSystem));
INSERT INTO AstroSchema.AstroObjects VALUES ('wuf-2730', 'Taunrak-A-3', 34071273848.0, 953.0);
INSERT INTO AstroSchema.Planets VALUES ('wuf-2730', 'Super-Jupiter', 'Hycean', (SELECT StarID FROM AstroSchema.Stars WHERE StarID = 'rmg-9832'), (SELECT GalaxyName FROM AstroSchema.Systems, AstroSchema.Stars WHERE StarID = 'rmg-9832' AND SystemName = InSystem));
INSERT INTO AstroSchema.AstroObjects VALUES ('dty-2438', 'Taunrak-A-4', 40783711779.7, 1431.9);
INSERT INTO AstroSchema.Planets VALUES ('dty-2438', 'Ice Giant', 'Chtonian', (SELECT StarID FROM AstroSchema.Stars WHERE StarID = 'rmg-9832'), (SELECT GalaxyName FROM AstroSchema.Systems, AstroSchema.Stars WHERE StarID = 'rmg-9832' AND SystemName = InSystem));
INSERT INTO AstroSchema.AstroObjects VALUES ('nsq-3557', 'Taunrak-A-5', 27346437609.5, 1075.6);
INSERT INTO AstroSchema.Planets VALUES ('nsq-3557', 'Super-Earth', 'Helium', (SELECT StarID FROM AstroSchema.Stars WHERE StarID = 'rmg-9832'), (SELECT GalaxyName FROM AstroSchema.Systems, AstroSchema.Stars WHERE StarID = 'rmg-9832' AND SystemName = InSystem));
INSERT INTO AstroSchema.AstroObjects VALUES ('hjc-1736', 'Taunrak-A-6', 40416213399.3, 1268.8);
INSERT INTO AstroSchema.Planets VALUES ('hjc-1736', 'Ice Giant', 'Silicate', (SELECT StarID FROM AstroSchema.Stars WHERE StarID = 'rmg-9832'), (SELECT GalaxyName FROM AstroSchema.Systems, AstroSchema.Stars WHERE StarID = 'rmg-9832' AND SystemName = InSystem));
INSERT INTO AstroSchema.AstroObjects VALUES ('eow-9671', 'Taunrak-B', 31938268277.2, 29396642.3);
INSERT INTO AstroSchema.Stars VALUES ('eow-9671', 'V', 'Taunrak');
INSERT INTO AstroSchema.AstroObjects VALUES ('xep-3393', 'Taunrak-C', 13226830406.9, 73889516.1);
INSERT INTO AstroSchema.Stars VALUES ('xep-3393', 'IV', 'Taunrak');
INSERT INTO AstroSchema.AstroObjects VALUES ('pao-3039', 'Taunrak-D', 26766865084.1, 303649.6);
INSERT INTO AstroSchema.Stars VALUES ('pao-3039', 'Ib', 'Taunrak');
INSERT INTO AstroSchema.AstroObjects VALUES ('jfn-4564', 'Taunrak-D-0', 21175058555.4, 162.6);
INSERT INTO AstroSchema.Planets VALUES ('jfn-4564', 'Ice Giant', 'Ocean', (SELECT StarID FROM AstroSchema.Stars WHERE StarID = 'pao-3039'), (SELECT GalaxyName FROM AstroSchema.Systems, AstroSchema.Stars WHERE StarID = 'pao-3039' AND SystemName = InSystem));
INSERT INTO AstroSchema.AstroObjects VALUES ('gdt-9250', 'Taunrak-D-1', 10138457237.7, 1421.8);
INSERT INTO AstroSchema.Planets VALUES ('gdt-9250', 'Super-Jupiter', 'Terrestrial', (SELECT StarID FROM AstroSchema.Stars WHERE StarID = 'pao-3039'), (SELECT GalaxyName FROM AstroSchema.Systems, AstroSchema.Stars WHERE StarID = 'pao-3039' AND SystemName = InSystem));
INSERT INTO AstroSchema.AstroObjects VALUES ('wly-9596', 'Taunrak-D-2', 23732537662.2, 349.8);
INSERT INTO AstroSchema.Planets VALUES ('wly-9596', 'Sub-Earth', 'Silicate', (SELECT StarID FROM AstroSchema.Stars WHERE StarID = 'pao-3039'), (SELECT GalaxyName FROM AstroSchema.Systems, AstroSchema.Stars WHERE StarID = 'pao-3039' AND SystemName = InSystem));
INSERT INTO AstroSchema.AstroObjects VALUES ('nlw-4189', 'Taunrak-D-3', 28117355396.7, 179.0);
INSERT INTO AstroSchema.Planets VALUES ('nlw-4189', 'Mini-Neptune', 'Gas dwarf', (SELECT StarID FROM AstroSchema.Stars WHERE StarID = 'pao-3039'), (SELECT GalaxyName FROM AstroSchema.Systems, AstroSchema.Stars WHERE StarID = 'pao-3039' AND SystemName = InSystem));
INSERT INTO AstroSchema.AstroObjects VALUES ('jwa-8444', 'Taunrak-D-4', 18653225590.7, 624.2);
INSERT INTO AstroSchema.Planets VALUES ('jwa-8444', 'Super-Jupiter', 'Silicate', (SELECT StarID FROM AstroSchema.Stars WHERE StarID = 'pao-3039'), (SELECT GalaxyName FROM AstroSchema.Systems, AstroSchema.Stars WHERE StarID = 'pao-3039' AND SystemName = InSystem));
INSERT INTO AstroSchema.AstroObjects VALUES ('scd-6692', 'Taunrak-D-5', 6277202014.1, 1103.4);
INSERT INTO AstroSchema.Planets VALUES ('scd-6692', 'Gas Giant', 'Ice', (SELECT StarID FROM AstroSchema.Stars WHERE StarID = 'pao-3039'), (SELECT GalaxyName FROM AstroSchema.Systems, AstroSchema.Stars WHERE StarID = 'pao-3039' AND SystemName = InSystem));
INSERT INTO AstroSchema.AstroObjects VALUES ('tkd-1082', 'Taunrak-D-6', 9644550042.9, 327.6);
INSERT INTO AstroSchema.Planets VALUES ('tkd-1082', 'Mini-Neptune', 'Coreless', (SELECT StarID FROM AstroSchema.Stars WHERE StarID = 'pao-3039'), (SELECT GalaxyName FROM AstroSchema.Systems, AstroSchema.Stars WHERE StarID = 'pao-3039' AND SystemName = InSystem));
INSERT INTO AstroSchema.AstroObjects VALUES ('hpx-9844', 'Taunrak-D-7', 16437303168.8, 642.4);
INSERT INTO AstroSchema.Planets VALUES ('hpx-9844', 'Super-Jupiter', 'Ice', (SELECT StarID FROM AstroSchema.Stars WHERE StarID = 'pao-3039'), (SELECT GalaxyName FROM AstroSchema.Systems, AstroSchema.Stars WHERE StarID = 'pao-3039' AND SystemName = InSystem));
INSERT INTO AstroSchema.AstroObjects VALUES ('led-2166', 'Taunrak-D-8', 5112462547.7, 701.7);
INSERT INTO AstroSchema.Planets VALUES ('led-2166', 'Sub-Earth', 'Gas giant', (SELECT StarID FROM AstroSchema.Stars WHERE StarID = 'pao-3039'), (SELECT GalaxyName FROM AstroSchema.Systems, AstroSchema.Stars WHERE StarID = 'pao-3039' AND SystemName = InSystem));
INSERT INTO AstroSchema.Systems VALUES ('Jomel', 'Mono', (SELECT GalaxyName FROM AstroSchema.Galaxies WHERE GalaxyName = 'Wolf-Lundmark-Melotte'), NULL);
INSERT INTO AstroSchema.AstroObjects VALUES ('uht-3827', 'Jomel', 15844513352.7, 52116918.8);
INSERT INTO AstroSchema.Stars VALUES ('uht-3827', 'D', 'Jomel');
INSERT INTO AstroSchema.AstroObjects VALUES ('zpq-4642', 'Jomel-0', 33845353924.2, 595.5);
INSERT INTO AstroSchema.Planets VALUES ('zpq-4642', 'Gas Giant', 'Puffy', (SELECT StarID FROM AstroSchema.Stars WHERE StarID = 'uht-3827'), (SELECT GalaxyName FROM AstroSchema.Systems, AstroSchema.Stars WHERE StarID = 'uht-3827' AND SystemName = InSystem));
INSERT INTO AstroSchema.AstroObjects VALUES ('fld-2260', 'Jomel-1', 23065377887.0, 1080.0);
INSERT INTO AstroSchema.Planets VALUES ('fld-2260', 'Mini-Neptune', 'Terrestrial', (SELECT StarID FROM AstroSchema.Stars WHERE StarID = 'uht-3827'), (SELECT GalaxyName FROM AstroSchema.Systems, AstroSchema.Stars WHERE StarID = 'uht-3827' AND SystemName = InSystem));
INSERT INTO AstroSchema.AstroObjects VALUES ('meh-2885', 'Jomel-2', 19534504475.3, 323.3);
INSERT INTO AstroSchema.Planets VALUES ('meh-2885', 'Ice Giant', 'Puffy', (SELECT StarID FROM AstroSchema.Stars WHERE StarID = 'uht-3827'), (SELECT GalaxyName FROM AstroSchema.Systems, AstroSchema.Stars WHERE StarID = 'uht-3827' AND SystemName = InSystem));
INSERT INTO AstroSchema.AstroObjects VALUES ('dlx-4127', 'Jomel-3', 45923241969.3, 269.5);
INSERT INTO AstroSchema.Planets VALUES ('dlx-4127', 'Super-Jupiter', 'Coreless', (SELECT StarID FROM AstroSchema.Stars WHERE StarID = 'uht-3827'), (SELECT GalaxyName FROM AstroSchema.Systems, AstroSchema.Stars WHERE StarID = 'uht-3827' AND SystemName = InSystem));
INSERT INTO AstroSchema.Systems VALUES ('Eshiuq', 'Binary', (SELECT GalaxyName FROM AstroSchema.Galaxies WHERE GalaxyName = 'NGC 147'), (SELECT ConstellationName FROM AstroSchema.Galaxies WHERE GalaxyName = 'NGC 147'));
INSERT INTO AstroSchema.AstroObjects VALUES ('mbi-5487', 'Eshiuq-A', 18320127674.6, 30244848.0);
INSERT INTO AstroSchema.Stars VALUES ('mbi-5487', 'Ia-O', 'Eshiuq');
INSERT INTO AstroSchema.AstroObjects VALUES ('wsl-7981', 'Eshiuq-B', 8902359874.1, 49527003.7);
INSERT INTO AstroSchema.Stars VALUES ('wsl-7981', 'V', 'Eshiuq');
INSERT INTO AstroSchema.AstroObjects VALUES ('yct-6703', 'Eshiuq-B-0', 4576293411.3, 1128.3);
INSERT INTO AstroSchema.Planets VALUES ('yct-6703', 'Gas Giant', 'Gas dwarf', (SELECT StarID FROM AstroSchema.Stars WHERE StarID = 'wsl-7981'), (SELECT GalaxyName FROM AstroSchema.Systems, AstroSchema.Stars WHERE StarID = 'wsl-7981' AND SystemName = InSystem));
INSERT INTO AstroSchema.AstroObjects VALUES ('lzv-4467', 'Eshiuq-B-1', 31986176200.8, 240.0);
INSERT INTO AstroSchema.Planets VALUES ('lzv-4467', 'Mini-Neptune', 'Coreless', (SELECT StarID FROM AstroSchema.Stars WHERE StarID = 'wsl-7981'), (SELECT GalaxyName FROM AstroSchema.Systems, AstroSchema.Stars WHERE StarID = 'wsl-7981' AND SystemName = InSystem));
INSERT INTO AstroSchema.AstroObjects VALUES ('sos-1461', 'Eshiuq-B-2', 35471878835.4, 260.4);
INSERT INTO AstroSchema.Planets VALUES ('sos-1461', 'Gas Giant', 'Hycean', (SELECT StarID FROM AstroSchema.Stars WHERE StarID = 'wsl-7981'), (SELECT GalaxyName FROM AstroSchema.Systems, AstroSchema.Stars WHERE StarID = 'wsl-7981' AND SystemName = InSystem));
INSERT INTO AstroSchema.AstroObjects VALUES ('dzj-7447', 'Eshiuq-B-3', 19441090167.2, 709.5);
INSERT INTO AstroSchema.Planets VALUES ('dzj-7447', 'Mini-Neptune', 'Chtonian', (SELECT StarID FROM AstroSchema.Stars WHERE StarID = 'wsl-7981'), (SELECT GalaxyName FROM AstroSchema.Systems, AstroSchema.Stars WHERE StarID = 'wsl-7981' AND SystemName = InSystem));
INSERT INTO AstroSchema.AstroObjects VALUES ('fdn-4762', 'Eshiuq-B-4', 7616515058.9, 131.9);
INSERT INTO AstroSchema.Planets VALUES ('fdn-4762', 'Super-Earth', 'Ice', (SELECT StarID FROM AstroSchema.Stars WHERE StarID = 'wsl-7981'), (SELECT GalaxyName FROM AstroSchema.Systems, AstroSchema.Stars WHERE StarID = 'wsl-7981' AND SystemName = InSystem));
INSERT INTO AstroSchema.AstroObjects VALUES ('ysa-3581', 'Eshiuq-B-5', 15297141568.3, 60.3);
INSERT INTO AstroSchema.Planets VALUES ('ysa-3581', 'Sub-Earth', 'Helium', (SELECT StarID FROM AstroSchema.Stars WHERE StarID = 'wsl-7981'), (SELECT GalaxyName FROM AstroSchema.Systems, AstroSchema.Stars WHERE StarID = 'wsl-7981' AND SystemName = InSystem));
INSERT INTO AstroSchema.AstroObjects VALUES ('smq-1216', 'Eshiuq-B-6', 22698482331.1, 1041.8);
INSERT INTO AstroSchema.Planets VALUES ('smq-1216', 'Mini-Neptune', 'Terrestrial', (SELECT StarID FROM AstroSchema.Stars WHERE StarID = 'wsl-7981'), (SELECT GalaxyName FROM AstroSchema.Systems, AstroSchema.Stars WHERE StarID = 'wsl-7981' AND SystemName = InSystem));
INSERT INTO AstroSchema.AstroObjects VALUES ('hgx-8464', 'Eshiuq-B-7', 43626784372.4, 333.3);
INSERT INTO AstroSchema.Planets VALUES ('hgx-8464', 'Super-Jupiter', 'Silicate', (SELECT StarID FROM AstroSchema.Stars WHERE StarID = 'wsl-7981'), (SELECT GalaxyName FROM AstroSchema.Systems, AstroSchema.Stars WHERE StarID = 'wsl-7981' AND SystemName = InSystem));
INSERT INTO AstroSchema.Systems VALUES ('Polymar', 'Multiple', (SELECT GalaxyName FROM AstroSchema.Galaxies WHERE GalaxyName = 'Segue 1'), (SELECT ConstellationName FROM AstroSchema.Galaxies WHERE GalaxyName = 'Segue 1'));
INSERT INTO AstroSchema.AstroObjects VALUES ('obu-5518', 'Polymar-A', 2253020414.7, 51601510.6);
INSERT INTO AstroSchema.Stars VALUES ('obu-5518', 'III', 'Polymar');
INSERT INTO AstroSchema.AstroObjects VALUES ('evy-9696', 'Polymar-A-0', 34717756654.5, 495.5);
INSERT INTO AstroSchema.Planets VALUES ('evy-9696', 'Mini-Neptune', 'Ice', (SELECT StarID FROM AstroSchema.Stars WHERE StarID = 'obu-5518'), (SELECT GalaxyName FROM AstroSchema.Systems, AstroSchema.Stars WHERE StarID = 'obu-5518' AND SystemName = InSystem));
INSERT INTO AstroSchema.AstroObjects VALUES ('mwz-9118', 'Polymar-A-1', 16467261623.7, 1153.9);
INSERT INTO AstroSchema.Planets VALUES ('mwz-9118', 'Super-Jupiter', 'Carbon', (SELECT StarID FROM AstroSchema.Stars WHERE StarID = 'obu-5518'), (SELECT GalaxyName FROM AstroSchema.Systems, AstroSchema.Stars WHERE StarID = 'obu-5518' AND SystemName = InSystem));
INSERT INTO AstroSchema.AstroObjects VALUES ('aom-9267', 'Polymar-A-2', 10548325332.9, 1149.8);
INSERT INTO AstroSchema.Planets VALUES ('aom-9267', 'Mini-Neptune', 'Protoplanet', (SELECT StarID FROM AstroSchema.Stars WHERE StarID = 'obu-5518'), (SELECT GalaxyName FROM AstroSchema.Systems, AstroSchema.Stars WHERE StarID = 'obu-5518' AND SystemName = InSystem));
INSERT INTO AstroSchema.AstroObjects VALUES ('fee-2765', 'Polymar-A-3', 19303633888.4, 254.1);
INSERT INTO AstroSchema.Planets VALUES ('fee-2765', 'Gas Giant', 'Terrestrial', (SELECT StarID FROM AstroSchema.Stars WHERE StarID = 'obu-5518'), (SELECT GalaxyName FROM AstroSchema.Systems, AstroSchema.Stars WHERE StarID = 'obu-5518' AND SystemName = InSystem));
INSERT INTO AstroSchema.AstroObjects VALUES ('grr-8486', 'Polymar-A-4', 14172425039.0, 1467.8);
INSERT INTO AstroSchema.Planets VALUES ('grr-8486', 'Super-Jupiter', 'Ice', (SELECT StarID FROM AstroSchema.Stars WHERE StarID = 'obu-5518'), (SELECT GalaxyName FROM AstroSchema.Systems, AstroSchema.Stars WHERE StarID = 'obu-5518' AND SystemName = InSystem));
INSERT INTO AstroSchema.AstroObjects VALUES ('vgv-6721', 'Polymar-A-5', 32817809355.2, 946.4);
INSERT INTO AstroSchema.Planets VALUES ('vgv-6721', 'Ice Giant', 'Gas dwarf', (SELECT StarID FROM AstroSchema.Stars WHERE StarID = 'obu-5518'), (SELECT GalaxyName FROM AstroSchema.Systems, AstroSchema.Stars WHERE StarID = 'obu-5518' AND SystemName = InSystem));
INSERT INTO AstroSchema.AstroObjects VALUES ('zlj-7716', 'Polymar-A-6', 29910112628.2, 1317.7);
INSERT INTO AstroSchema.Planets VALUES ('zlj-7716', 'Sub-Earth', 'Gas dwarf', (SELECT StarID FROM AstroSchema.Stars WHERE StarID = 'obu-5518'), (SELECT GalaxyName FROM AstroSchema.Systems, AstroSchema.Stars WHERE StarID = 'obu-5518' AND SystemName = InSystem));
INSERT INTO AstroSchema.AstroObjects VALUES ('vmq-1390', 'Polymar-A-7', 45384756832.0, 1265.1);
INSERT INTO AstroSchema.Planets VALUES ('vmq-1390', 'Sub-Earth', 'Gas dwarf', (SELECT StarID FROM AstroSchema.Stars WHERE StarID = 'obu-5518'), (SELECT GalaxyName FROM AstroSchema.Systems, AstroSchema.Stars WHERE StarID = 'obu-5518' AND SystemName = InSystem));
INSERT INTO AstroSchema.AstroObjects VALUES ('jif-8648', 'Polymar-B', 8071098372.0, 58469800.5);
INSERT INTO AstroSchema.Stars VALUES ('jif-8648', 'V', 'Polymar');
INSERT INTO AstroSchema.AstroObjects VALUES ('oji-6434', 'Polymar-B-0', 44212658343.7, 511.1);
INSERT INTO AstroSchema.Planets VALUES ('oji-6434', 'Sub-Earth', 'Coreless', (SELECT StarID FROM AstroSchema.Stars WHERE StarID = 'jif-8648'), (SELECT GalaxyName FROM AstroSchema.Systems, AstroSchema.Stars WHERE StarID = 'jif-8648' AND SystemName = InSystem));
INSERT INTO AstroSchema.AstroObjects VALUES ('cje-7641', 'Polymar-B-1', 31719324370.2, 188.4);
INSERT INTO AstroSchema.Planets VALUES ('cje-7641', 'Super-Earth', 'Carbon', (SELECT StarID FROM AstroSchema.Stars WHERE StarID = 'jif-8648'), (SELECT GalaxyName FROM AstroSchema.Systems, AstroSchema.Stars WHERE StarID = 'jif-8648' AND SystemName = InSystem));
INSERT INTO AstroSchema.AstroObjects VALUES ('jhf-2364', 'Polymar-B-2', 13668266214.5, 932.3);
INSERT INTO AstroSchema.Planets VALUES ('jhf-2364', 'Sub-Earth', 'Gas giant', (SELECT StarID FROM AstroSchema.Stars WHERE StarID = 'jif-8648'), (SELECT GalaxyName FROM AstroSchema.Systems, AstroSchema.Stars WHERE StarID = 'jif-8648' AND SystemName = InSystem));
INSERT INTO AstroSchema.AstroObjects VALUES ('jom-3018', 'Polymar-C', 9424761593.6, 81449316.1);
INSERT INTO AstroSchema.Stars VALUES ('jom-3018', 'D', 'Polymar');
INSERT INTO AstroSchema.AstroObjects VALUES ('hsz-7924', 'Polymar-C-0', 25944123034.9, 1189.4);
INSERT INTO AstroSchema.Planets VALUES ('hsz-7924', 'Gas Giant', 'Gas giant', (SELECT StarID FROM AstroSchema.Stars WHERE StarID = 'jom-3018'), (SELECT GalaxyName FROM AstroSchema.Systems, AstroSchema.Stars WHERE StarID = 'jom-3018' AND SystemName = InSystem));
INSERT INTO AstroSchema.Systems VALUES ('Puntrazed', 'Quaternary', (SELECT GalaxyName FROM AstroSchema.Galaxies WHERE GalaxyName = 'Sextans A'), (SELECT ConstellationName FROM AstroSchema.Galaxies WHERE GalaxyName = 'Sextans A'));
INSERT INTO AstroSchema.AstroObjects VALUES ('kql-8208', 'Puntrazed-A', 702295711.4, 58443102.9);
INSERT INTO AstroSchema.Stars VALUES ('kql-8208', 'D', 'Puntrazed');
INSERT INTO AstroSchema.AstroObjects VALUES ('jrj-6534', 'Puntrazed-A-0', 13462274241.0, 115.8);
INSERT INTO AstroSchema.Planets VALUES ('jrj-6534', 'Ice Giant', 'Gas giant', (SELECT StarID FROM AstroSchema.Stars WHERE StarID = 'kql-8208'), (SELECT GalaxyName FROM AstroSchema.Systems, AstroSchema.Stars WHERE StarID = 'kql-8208' AND SystemName = InSystem));
INSERT INTO AstroSchema.AstroObjects VALUES ('inn-4587', 'Puntrazed-B', 33206820487.6, 92970237.1);
INSERT INTO AstroSchema.Stars VALUES ('inn-4587', 'IV', 'Puntrazed');
INSERT INTO AstroSchema.AstroObjects VALUES ('sgx-3576', 'Puntrazed-C', 2083254871.9, 59738897.6);
INSERT INTO AstroSchema.Stars VALUES ('sgx-3576', 'Ia', 'Puntrazed');
INSERT INTO AstroSchema.AstroObjects VALUES ('why-3827', 'Puntrazed-C-0', 29217834638.9, 576.8);
INSERT INTO AstroSchema.Planets VALUES ('why-3827', 'Mini-Neptune', 'Coreless', (SELECT StarID FROM AstroSchema.Stars WHERE StarID = 'sgx-3576'), (SELECT GalaxyName FROM AstroSchema.Systems, AstroSchema.Stars WHERE StarID = 'sgx-3576' AND SystemName = InSystem));
INSERT INTO AstroSchema.AstroObjects VALUES ('fbt-2013', 'Puntrazed-C-1', 7784382660.7, 564.6);
INSERT INTO AstroSchema.Planets VALUES ('fbt-2013', 'Mini-Neptune', 'Carbon', (SELECT StarID FROM AstroSchema.Stars WHERE StarID = 'sgx-3576'), (SELECT GalaxyName FROM AstroSchema.Systems, AstroSchema.Stars WHERE StarID = 'sgx-3576' AND SystemName = InSystem));
INSERT INTO AstroSchema.AstroObjects VALUES ('qao-2815', 'Puntrazed-C-2', 22648281279.5, 1387.9);
INSERT INTO AstroSchema.Planets VALUES ('qao-2815', 'Gas Giant', 'Ice', (SELECT StarID FROM AstroSchema.Stars WHERE StarID = 'sgx-3576'), (SELECT GalaxyName FROM AstroSchema.Systems, AstroSchema.Stars WHERE StarID = 'sgx-3576' AND SystemName = InSystem));
INSERT INTO AstroSchema.AstroObjects VALUES ('jkf-2976', 'Puntrazed-C-3', 12685287978.2, 1319.5);
INSERT INTO AstroSchema.Planets VALUES ('jkf-2976', 'Sub-Earth', 'Hycean', (SELECT StarID FROM AstroSchema.Stars WHERE StarID = 'sgx-3576'), (SELECT GalaxyName FROM AstroSchema.Systems, AstroSchema.Stars WHERE StarID = 'sgx-3576' AND SystemName = InSystem));
INSERT INTO AstroSchema.AstroObjects VALUES ('zid-9984', 'Puntrazed-C-4', 10914554682.9, 141.4);
INSERT INTO AstroSchema.Planets VALUES ('zid-9984', 'Sub-Earth', 'Helium', (SELECT StarID FROM AstroSchema.Stars WHERE StarID = 'sgx-3576'), (SELECT GalaxyName FROM AstroSchema.Systems, AstroSchema.Stars WHERE StarID = 'sgx-3576' AND SystemName = InSystem));
INSERT INTO AstroSchema.AstroObjects VALUES ('vad-4619', 'Puntrazed-C-5', 2590787279.2, 678.8);
INSERT INTO AstroSchema.Planets VALUES ('vad-4619', 'Sub-Earth', 'Carbon', (SELECT StarID FROM AstroSchema.Stars WHERE StarID = 'sgx-3576'), (SELECT GalaxyName FROM AstroSchema.Systems, AstroSchema.Stars WHERE StarID = 'sgx-3576' AND SystemName = InSystem));
INSERT INTO AstroSchema.AstroObjects VALUES ('ffs-1913', 'Puntrazed-C-6', 29578477340.1, 53.0);
INSERT INTO AstroSchema.Planets VALUES ('ffs-1913', 'Mini-Neptune', 'Gas giant', (SELECT StarID FROM AstroSchema.Stars WHERE StarID = 'sgx-3576'), (SELECT GalaxyName FROM AstroSchema.Systems, AstroSchema.Stars WHERE StarID = 'sgx-3576' AND SystemName = InSystem));
INSERT INTO AstroSchema.AstroObjects VALUES ('zxv-7967', 'Puntrazed-D', 29796827494.8, 75415465.5);
INSERT INTO AstroSchema.Stars VALUES ('zxv-7967', 'Ib', 'Puntrazed');
INSERT INTO AstroSchema.AstroObjects VALUES ('fwx-5557', 'Puntrazed-D-0', 15948997744.1, 595.9);
INSERT INTO AstroSchema.Planets VALUES ('fwx-5557', 'Ice Giant', 'Protoplanet', (SELECT StarID FROM AstroSchema.Stars WHERE StarID = 'zxv-7967'), (SELECT GalaxyName FROM AstroSchema.Systems, AstroSchema.Stars WHERE StarID = 'zxv-7967' AND SystemName = InSystem));
INSERT INTO AstroSchema.AstroObjects VALUES ('dpi-9965', 'Puntrazed-D-1', 19006206701.7, 918.1);
INSERT INTO AstroSchema.Planets VALUES ('dpi-9965', 'Super-Jupiter', 'Carbon', (SELECT StarID FROM AstroSchema.Stars WHERE StarID = 'zxv-7967'), (SELECT GalaxyName FROM AstroSchema.Systems, AstroSchema.Stars WHERE StarID = 'zxv-7967' AND SystemName = InSystem));
INSERT INTO AstroSchema.AstroObjects VALUES ('ubv-3614', 'Puntrazed-D-2', 37745195312.1, 1439.1);
INSERT INTO AstroSchema.Planets VALUES ('ubv-3614', 'Sub-Earth', 'Desert', (SELECT StarID FROM AstroSchema.Stars WHERE StarID = 'zxv-7967'), (SELECT GalaxyName FROM AstroSchema.Systems, AstroSchema.Stars WHERE StarID = 'zxv-7967' AND SystemName = InSystem));
INSERT INTO AstroSchema.AstroObjects VALUES ('emk-7671', 'Puntrazed-D-3', 34273968.6, 822.0);
INSERT INTO AstroSchema.Planets VALUES ('emk-7671', 'Gas Giant', 'Protoplanet', (SELECT StarID FROM AstroSchema.Stars WHERE StarID = 'zxv-7967'), (SELECT GalaxyName FROM AstroSchema.Systems, AstroSchema.Stars WHERE StarID = 'zxv-7967' AND SystemName = InSystem));
INSERT INTO AstroSchema.AstroObjects VALUES ('vau-5402', 'Puntrazed-D-4', 42641718733.8, 1084.8);
INSERT INTO AstroSchema.Planets VALUES ('vau-5402', 'Gas Giant', 'Ocean', (SELECT StarID FROM AstroSchema.Stars WHERE StarID = 'zxv-7967'), (SELECT GalaxyName FROM AstroSchema.Systems, AstroSchema.Stars WHERE StarID = 'zxv-7967' AND SystemName = InSystem));
INSERT INTO AstroSchema.AstroObjects VALUES ('pnz-8280', 'Puntrazed-D-5', 13431559127.0, 1327.3);
INSERT INTO AstroSchema.Planets VALUES ('pnz-8280', 'Gas Giant', 'Puffy', (SELECT StarID FROM AstroSchema.Stars WHERE StarID = 'zxv-7967'), (SELECT GalaxyName FROM AstroSchema.Systems, AstroSchema.Stars WHERE StarID = 'zxv-7967' AND SystemName = InSystem));
INSERT INTO AstroSchema.AstroObjects VALUES ('ghy-6632', 'Puntrazed-D-6', 19554791327.1, 511.8);
INSERT INTO AstroSchema.Planets VALUES ('ghy-6632', 'Super-Earth', 'Gas dwarf', (SELECT StarID FROM AstroSchema.Stars WHERE StarID = 'zxv-7967'), (SELECT GalaxyName FROM AstroSchema.Systems, AstroSchema.Stars WHERE StarID = 'zxv-7967' AND SystemName = InSystem));
INSERT INTO AstroSchema.AstroObjects VALUES ('rdq-7547', 'Puntrazed-D-7', 12114522869.0, 532.7);
INSERT INTO AstroSchema.Planets VALUES ('rdq-7547', 'Super-Jupiter', 'Puffy', (SELECT StarID FROM AstroSchema.Stars WHERE StarID = 'zxv-7967'), (SELECT GalaxyName FROM AstroSchema.Systems, AstroSchema.Stars WHERE StarID = 'zxv-7967' AND SystemName = InSystem));
INSERT INTO AstroSchema.AstroObjects VALUES ('ykj-6363', 'Puntrazed-D-8', 32334828757.5, 406.7);
INSERT INTO AstroSchema.Planets VALUES ('ykj-6363', 'Mini-Neptune', 'Protoplanet', (SELECT StarID FROM AstroSchema.Stars WHERE StarID = 'zxv-7967'), (SELECT GalaxyName FROM AstroSchema.Systems, AstroSchema.Stars WHERE StarID = 'zxv-7967' AND SystemName = InSystem));
INSERT INTO AstroSchema.AstroObjects VALUES ('zns-6887', 'Puntrazed-D-9', 28204153363.7, 848.3);
INSERT INTO AstroSchema.Planets VALUES ('zns-6887', 'Ice Giant', 'Ice', (SELECT StarID FROM AstroSchema.Stars WHERE StarID = 'zxv-7967'), (SELECT GalaxyName FROM AstroSchema.Systems, AstroSchema.Stars WHERE StarID = 'zxv-7967' AND SystemName = InSystem));
INSERT INTO AstroSchema.Systems VALUES ('Ebliuq', 'Trinary', (SELECT GalaxyName FROM AstroSchema.Galaxies WHERE GalaxyName = 'Barnards Galaxy'), NULL);
INSERT INTO AstroSchema.AstroObjects VALUES ('vmm-2669', 'Ebliuq-A', 15725559266.5, 53051867.7);
INSERT INTO AstroSchema.Stars VALUES ('vmm-2669', 'Ib', 'Ebliuq');
INSERT INTO AstroSchema.AstroObjects VALUES ('upc-8569', 'Ebliuq-B', 764737958.6, 29379239.5);
INSERT INTO AstroSchema.Stars VALUES ('upc-8569', 'II', 'Ebliuq');
INSERT INTO AstroSchema.AstroObjects VALUES ('cgh-6556', 'Ebliuq-C', 37833819622.4, 13368874.3);
INSERT INTO AstroSchema.Stars VALUES ('cgh-6556', 'Ia-O', 'Ebliuq');
INSERT INTO AstroSchema.AstroObjects VALUES ('ngc-7972', 'Ebliuq-C-0', 20700036308.2, 1361.6);
INSERT INTO AstroSchema.Planets VALUES ('ngc-7972', 'Mini-Neptune', 'Helium', (SELECT StarID FROM AstroSchema.Stars WHERE StarID = 'cgh-6556'), (SELECT GalaxyName FROM AstroSchema.Systems, AstroSchema.Stars WHERE StarID = 'cgh-6556' AND SystemName = InSystem));
INSERT INTO AstroSchema.AstroObjects VALUES ('abp-7454', 'Ebliuq-C-1', 45796806687.3, 907.3);
INSERT INTO AstroSchema.Planets VALUES ('abp-7454', 'Sub-Earth', 'Gas giant', (SELECT StarID FROM AstroSchema.Stars WHERE StarID = 'cgh-6556'), (SELECT GalaxyName FROM AstroSchema.Systems, AstroSchema.Stars WHERE StarID = 'cgh-6556' AND SystemName = InSystem));
INSERT INTO AstroSchema.AstroObjects VALUES ('otw-2441', 'Ebliuq-C-2', 38893897281.6, 1323.5);
INSERT INTO AstroSchema.Planets VALUES ('otw-2441', 'Mini-Neptune', 'Chtonian', (SELECT StarID FROM AstroSchema.Stars WHERE StarID = 'cgh-6556'), (SELECT GalaxyName FROM AstroSchema.Systems, AstroSchema.Stars WHERE StarID = 'cgh-6556' AND SystemName = InSystem));
INSERT INTO AstroSchema.Systems VALUES ('Muphrid', 'Mono', (SELECT GalaxyName FROM AstroSchema.Galaxies WHERE GalaxyName = 'Large Magellanic Cloud'), (SELECT ConstellationName FROM AstroSchema.Galaxies WHERE GalaxyName = 'Large Magellanic Cloud'));
INSERT INTO AstroSchema.AstroObjects VALUES ('fgz-1916', 'Muphrid', 33465781028.0, 94077784.3);
INSERT INTO AstroSchema.Stars VALUES ('fgz-1916', 'III', 'Muphrid');
INSERT INTO AstroSchema.Systems VALUES ('Schlein', 'Trinary', (SELECT GalaxyName FROM AstroSchema.Galaxies WHERE GalaxyName = 'Triangulum'), NULL);
INSERT INTO AstroSchema.AstroObjects VALUES ('brt-1239', 'Schlein-A', 20751466291.6, 97793891.5);
INSERT INTO AstroSchema.Stars VALUES ('brt-1239', 'II', 'Schlein');
INSERT INTO AstroSchema.AstroObjects VALUES ('lks-4085', 'Schlein-B', 9504778091.4, 46061342.9);
INSERT INTO AstroSchema.Stars VALUES ('lks-4085', 'Ia', 'Schlein');
INSERT INTO AstroSchema.AstroObjects VALUES ('dbj-2147', 'Schlein-C', 9697111163.2, 64252058.6);
INSERT INTO AstroSchema.Stars VALUES ('dbj-2147', 'IV', 'Schlein');
INSERT INTO AstroSchema.Systems VALUES ('Gloas', 'Multiple', (SELECT GalaxyName FROM AstroSchema.Galaxies WHERE GalaxyName = 'Leo I'), (SELECT ConstellationName FROM AstroSchema.Galaxies WHERE GalaxyName = 'Leo I'));
INSERT INTO AstroSchema.AstroObjects VALUES ('hsk-4851', 'Gloas-A', 4969167255.1, 3552568.5);
INSERT INTO AstroSchema.Stars VALUES ('hsk-4851', 'D', 'Gloas');
INSERT INTO AstroSchema.AstroObjects VALUES ('rlz-8719', 'Gloas-A-0', 42513613831.3, 443.5);
INSERT INTO AstroSchema.Planets VALUES ('rlz-8719', 'Super-Earth', 'Carbon', (SELECT StarID FROM AstroSchema.Stars WHERE StarID = 'hsk-4851'), (SELECT GalaxyName FROM AstroSchema.Systems, AstroSchema.Stars WHERE StarID = 'hsk-4851' AND SystemName = InSystem));
INSERT INTO AstroSchema.AstroObjects VALUES ('mtm-6438', 'Gloas-A-1', 22712360206.9, 698.6);
INSERT INTO AstroSchema.Planets VALUES ('mtm-6438', 'Super-Jupiter', 'Gas giant', (SELECT StarID FROM AstroSchema.Stars WHERE StarID = 'hsk-4851'), (SELECT GalaxyName FROM AstroSchema.Systems, AstroSchema.Stars WHERE StarID = 'hsk-4851' AND SystemName = InSystem));
INSERT INTO AstroSchema.AstroObjects VALUES ('jsy-8899', 'Gloas-B', 5226746791.6, 12464341.3);
INSERT INTO AstroSchema.Stars VALUES ('jsy-8899', 'V', 'Gloas');
INSERT INTO AstroSchema.AstroObjects VALUES ('qug-4402', 'Gloas-B-0', 13498304112.1, 53.7);
INSERT INTO AstroSchema.Planets VALUES ('qug-4402', 'Super-Jupiter', 'Coreless', (SELECT StarID FROM AstroSchema.Stars WHERE StarID = 'jsy-8899'), (SELECT GalaxyName FROM AstroSchema.Systems, AstroSchema.Stars WHERE StarID = 'jsy-8899' AND SystemName = InSystem));
INSERT INTO AstroSchema.AstroObjects VALUES ('quk-6171', 'Gloas-B-1', 7623008739.3, 951.0);
INSERT INTO AstroSchema.Planets VALUES ('quk-6171', 'Super-Jupiter', 'Chtonian', (SELECT StarID FROM AstroSchema.Stars WHERE StarID = 'jsy-8899'), (SELECT GalaxyName FROM AstroSchema.Systems, AstroSchema.Stars WHERE StarID = 'jsy-8899' AND SystemName = InSystem));
INSERT INTO AstroSchema.AstroObjects VALUES ('rmv-6691', 'Gloas-B-2', 23821509019.1, 1124.6);
INSERT INTO AstroSchema.Planets VALUES ('rmv-6691', 'Sub-Earth', 'Helium', (SELECT StarID FROM AstroSchema.Stars WHERE StarID = 'jsy-8899'), (SELECT GalaxyName FROM AstroSchema.Systems, AstroSchema.Stars WHERE StarID = 'jsy-8899' AND SystemName = InSystem));
INSERT INTO AstroSchema.AstroObjects VALUES ('vvq-6308', 'Gloas-C', 15226653648.9, 44001774.6);
INSERT INTO AstroSchema.Stars VALUES ('vvq-6308', 'Ib', 'Gloas');
INSERT INTO AstroSchema.AstroObjects VALUES ('zbr-5678', 'Gloas-C-0', 42925322728.4, 535.2);
INSERT INTO AstroSchema.Planets VALUES ('zbr-5678', 'Sub-Earth', 'Desert', (SELECT StarID FROM AstroSchema.Stars WHERE StarID = 'vvq-6308'), (SELECT GalaxyName FROM AstroSchema.Systems, AstroSchema.Stars WHERE StarID = 'vvq-6308' AND SystemName = InSystem));
INSERT INTO AstroSchema.AstroObjects VALUES ('otm-1580', 'Gloas-C-1', 29513785930.3, 866.1);
INSERT INTO AstroSchema.Planets VALUES ('otm-1580', 'Super-Jupiter', 'Gas dwarf', (SELECT StarID FROM AstroSchema.Stars WHERE StarID = 'vvq-6308'), (SELECT GalaxyName FROM AstroSchema.Systems, AstroSchema.Stars WHERE StarID = 'vvq-6308' AND SystemName = InSystem));
INSERT INTO AstroSchema.AstroObjects VALUES ('equ-2736', 'Gloas-C-2', 13656902422.6, 213.3);
INSERT INTO AstroSchema.Planets VALUES ('equ-2736', 'Sub-Earth', 'Coreless', (SELECT StarID FROM AstroSchema.Stars WHERE StarID = 'vvq-6308'), (SELECT GalaxyName FROM AstroSchema.Systems, AstroSchema.Stars WHERE StarID = 'vvq-6308' AND SystemName = InSystem));
INSERT INTO AstroSchema.AstroObjects VALUES ('fbq-9338', 'Gloas-D', 33349134246.8, 81792813.3);
INSERT INTO AstroSchema.Stars VALUES ('fbq-9338', 'Ia-O', 'Gloas');
INSERT INTO AstroSchema.AstroObjects VALUES ('utd-9302', 'Gloas-D-0', 24882510332.9, 6.5);
INSERT INTO AstroSchema.Planets VALUES ('utd-9302', 'Ice Giant', 'Gas dwarf', (SELECT StarID FROM AstroSchema.Stars WHERE StarID = 'fbq-9338'), (SELECT GalaxyName FROM AstroSchema.Systems, AstroSchema.Stars WHERE StarID = 'fbq-9338' AND SystemName = InSystem));
INSERT INTO AstroSchema.AstroObjects VALUES ('xjw-6220', 'Gloas-D-1', 25890727107.9, 876.9);
INSERT INTO AstroSchema.Planets VALUES ('xjw-6220', 'Ice Giant', 'Ice', (SELECT StarID FROM AstroSchema.Stars WHERE StarID = 'fbq-9338'), (SELECT GalaxyName FROM AstroSchema.Systems, AstroSchema.Stars WHERE StarID = 'fbq-9338' AND SystemName = InSystem));
INSERT INTO AstroSchema.AstroObjects VALUES ('rez-6870', 'Gloas-E', 18607669353.1, 22375610.1);
INSERT INTO AstroSchema.Stars VALUES ('rez-6870', 'VI', 'Gloas');
INSERT INTO AstroSchema.AstroObjects VALUES ('gxv-1111', 'Gloas-E-0', 34931288065.5, 839.8);
INSERT INTO AstroSchema.Planets VALUES ('gxv-1111', 'Super-Earth', 'Hycean', (SELECT StarID FROM AstroSchema.Stars WHERE StarID = 'rez-6870'), (SELECT GalaxyName FROM AstroSchema.Systems, AstroSchema.Stars WHERE StarID = 'rez-6870' AND SystemName = InSystem));
INSERT INTO AstroSchema.AstroObjects VALUES ('dsz-3141', 'Gloas-F', 8478259114.3, 25236845.3);
INSERT INTO AstroSchema.Stars VALUES ('dsz-3141', 'Ia-O', 'Gloas');
INSERT INTO AstroSchema.AstroObjects VALUES ('nez-5863', 'Gloas-F-0', 17331184235.4, 1360.6);
INSERT INTO AstroSchema.Planets VALUES ('nez-5863', 'Mini-Neptune', 'Hycean', (SELECT StarID FROM AstroSchema.Stars WHERE StarID = 'dsz-3141'), (SELECT GalaxyName FROM AstroSchema.Systems, AstroSchema.Stars WHERE StarID = 'dsz-3141' AND SystemName = InSystem));
INSERT INTO AstroSchema.AstroObjects VALUES ('rhv-4218', 'Gloas-F-1', 29109021028.1, 252.4);
INSERT INTO AstroSchema.Planets VALUES ('rhv-4218', 'Mini-Neptune', 'Coreless', (SELECT StarID FROM AstroSchema.Stars WHERE StarID = 'dsz-3141'), (SELECT GalaxyName FROM AstroSchema.Systems, AstroSchema.Stars WHERE StarID = 'dsz-3141' AND SystemName = InSystem));
INSERT INTO AstroSchema.AstroObjects VALUES ('dxi-9776', 'Gloas-F-2', 37002568554.6, 876.1);
INSERT INTO AstroSchema.Planets VALUES ('dxi-9776', 'Ice Giant', 'Ocean', (SELECT StarID FROM AstroSchema.Stars WHERE StarID = 'dsz-3141'), (SELECT GalaxyName FROM AstroSchema.Systems, AstroSchema.Stars WHERE StarID = 'dsz-3141' AND SystemName = InSystem));
INSERT INTO AstroSchema.AstroObjects VALUES ('gpo-5583', 'Gloas-F-3', 17685387439.4, 1255.8);
INSERT INTO AstroSchema.Planets VALUES ('gpo-5583', 'Gas Giant', 'Silicate', (SELECT StarID FROM AstroSchema.Stars WHERE StarID = 'dsz-3141'), (SELECT GalaxyName FROM AstroSchema.Systems, AstroSchema.Stars WHERE StarID = 'dsz-3141' AND SystemName = InSystem));
INSERT INTO AstroSchema.AstroObjects VALUES ('ydd-9894', 'Gloas-F-4', 16049922793.9, 58.9);
INSERT INTO AstroSchema.Planets VALUES ('ydd-9894', 'Mini-Neptune', 'Carbon', (SELECT StarID FROM AstroSchema.Stars WHERE StarID = 'dsz-3141'), (SELECT GalaxyName FROM AstroSchema.Systems, AstroSchema.Stars WHERE StarID = 'dsz-3141' AND SystemName = InSystem));
INSERT INTO AstroSchema.AstroObjects VALUES ('sno-9841', 'Gloas-F-5', 30130983591.3, 411.9);
INSERT INTO AstroSchema.Planets VALUES ('sno-9841', 'Mini-Neptune', 'Silicate', (SELECT StarID FROM AstroSchema.Stars WHERE StarID = 'dsz-3141'), (SELECT GalaxyName FROM AstroSchema.Systems, AstroSchema.Stars WHERE StarID = 'dsz-3141' AND SystemName = InSystem));
INSERT INTO AstroSchema.AstroObjects VALUES ('sfq-2771', 'Gloas-F-6', 32490085883.8, 383.4);
INSERT INTO AstroSchema.Planets VALUES ('sfq-2771', 'Ice Giant', 'Chtonian', (SELECT StarID FROM AstroSchema.Stars WHERE StarID = 'dsz-3141'), (SELECT GalaxyName FROM AstroSchema.Systems, AstroSchema.Stars WHERE StarID = 'dsz-3141' AND SystemName = InSystem));
INSERT INTO AstroSchema.AstroObjects VALUES ('szt-3507', 'Gloas-F-7', 5149224514.4, 1375.4);
INSERT INTO AstroSchema.Planets VALUES ('szt-3507', 'Super-Earth', 'Silicate', (SELECT StarID FROM AstroSchema.Stars WHERE StarID = 'dsz-3141'), (SELECT GalaxyName FROM AstroSchema.Systems, AstroSchema.Stars WHERE StarID = 'dsz-3141' AND SystemName = InSystem));
INSERT INTO AstroSchema.AstroObjects VALUES ('ktr-7809', 'Gloas-F-8', 21008223338.2, 303.3);
INSERT INTO AstroSchema.Planets VALUES ('ktr-7809', 'Ice Giant', 'Gas dwarf', (SELECT StarID FROM AstroSchema.Stars WHERE StarID = 'dsz-3141'), (SELECT GalaxyName FROM AstroSchema.Systems, AstroSchema.Stars WHERE StarID = 'dsz-3141' AND SystemName = InSystem));
INSERT INTO AstroSchema.AstroObjects VALUES ('cdu-1803', 'Gloas-F-9', 33833384936.4, 669.0);
INSERT INTO AstroSchema.Planets VALUES ('cdu-1803', 'Sub-Earth', 'Terrestrial', (SELECT StarID FROM AstroSchema.Stars WHERE StarID = 'dsz-3141'), (SELECT GalaxyName FROM AstroSchema.Systems, AstroSchema.Stars WHERE StarID = 'dsz-3141' AND SystemName = InSystem));
INSERT INTO AstroSchema.AstroObjects VALUES ('taz-6367', 'Gloas-G', 32953149936.2, 16421753.0);
INSERT INTO AstroSchema.Stars VALUES ('taz-6367', 'II', 'Gloas');
INSERT INTO AstroSchema.AstroObjects VALUES ('rds-5010', 'Gloas-G-0', 21081973758.1, 395.5);
INSERT INTO AstroSchema.Planets VALUES ('rds-5010', 'Gas Giant', 'Hycean', (SELECT StarID FROM AstroSchema.Stars WHERE StarID = 'taz-6367'), (SELECT GalaxyName FROM AstroSchema.Systems, AstroSchema.Stars WHERE StarID = 'taz-6367' AND SystemName = InSystem));
INSERT INTO AstroSchema.AstroObjects VALUES ('rov-2147', 'Gloas-G-1', 25714999382.8, 583.9);
INSERT INTO AstroSchema.Planets VALUES ('rov-2147', 'Gas Giant', 'Chtonian', (SELECT StarID FROM AstroSchema.Stars WHERE StarID = 'taz-6367'), (SELECT GalaxyName FROM AstroSchema.Systems, AstroSchema.Stars WHERE StarID = 'taz-6367' AND SystemName = InSystem));
INSERT INTO AstroSchema.AstroObjects VALUES ('maq-7335', 'Gloas-G-2', 21855475648.3, 829.2);
INSERT INTO AstroSchema.Planets VALUES ('maq-7335', 'Sub-Earth', 'Carbon', (SELECT StarID FROM AstroSchema.Stars WHERE StarID = 'taz-6367'), (SELECT GalaxyName FROM AstroSchema.Systems, AstroSchema.Stars WHERE StarID = 'taz-6367' AND SystemName = InSystem));
INSERT INTO AstroSchema.AstroObjects VALUES ('dix-2175', 'Gloas-G-3', 4506691304.0, 69.9);
INSERT INTO AstroSchema.Planets VALUES ('dix-2175', 'Gas Giant', 'Protoplanet', (SELECT StarID FROM AstroSchema.Stars WHERE StarID = 'taz-6367'), (SELECT GalaxyName FROM AstroSchema.Systems, AstroSchema.Stars WHERE StarID = 'taz-6367' AND SystemName = InSystem));
INSERT INTO AstroSchema.Systems VALUES ('Siccon', 'Multiple', (SELECT GalaxyName FROM AstroSchema.Galaxies WHERE GalaxyName = 'Leo I'), (SELECT ConstellationName FROM AstroSchema.Galaxies WHERE GalaxyName = 'Leo I'));
INSERT INTO AstroSchema.AstroObjects VALUES ('ugw-1120', 'Siccon-A', 12467301644.7, 2198645.2);
INSERT INTO AstroSchema.Stars VALUES ('ugw-1120', 'II', 'Siccon');
INSERT INTO AstroSchema.AstroObjects VALUES ('fmt-6174', 'Siccon-B', 2851832811.2, 782268.6);
INSERT INTO AstroSchema.Stars VALUES ('fmt-6174', 'Ia', 'Siccon');
INSERT INTO AstroSchema.AstroObjects VALUES ('jgv-5290', 'Siccon-B-0', 36708068318.1, 999.4);
INSERT INTO AstroSchema.Planets VALUES ('jgv-5290', 'Sub-Earth', 'Terrestrial', (SELECT StarID FROM AstroSchema.Stars WHERE StarID = 'fmt-6174'), (SELECT GalaxyName FROM AstroSchema.Systems, AstroSchema.Stars WHERE StarID = 'fmt-6174' AND SystemName = InSystem));
INSERT INTO AstroSchema.Systems VALUES ('Gauzor', 'Mono', (SELECT GalaxyName FROM AstroSchema.Galaxies WHERE GalaxyName = 'Leo I'), (SELECT ConstellationName FROM AstroSchema.Galaxies WHERE GalaxyName = 'Leo I'));
INSERT INTO AstroSchema.AstroObjects VALUES ('wai-1348', 'Gauzor', 10827302018.0, 88045862.0);
INSERT INTO AstroSchema.Stars VALUES ('wai-1348', 'Ib', 'Gauzor');
INSERT INTO AstroSchema.AstroObjects VALUES ('nhj-4457', 'Gauzor-0', 31120783654.4, 1174.7);
INSERT INTO AstroSchema.Planets VALUES ('nhj-4457', 'Ice Giant', 'Ice', (SELECT StarID FROM AstroSchema.Stars WHERE StarID = 'wai-1348'), (SELECT GalaxyName FROM AstroSchema.Systems, AstroSchema.Stars WHERE StarID = 'wai-1348' AND SystemName = InSystem));
INSERT INTO AstroSchema.AstroObjects VALUES ('mau-5630', 'Gauzor-1', 3974333138.3, 44.2);
INSERT INTO AstroSchema.Planets VALUES ('mau-5630', 'Sub-Earth', 'Carbon', (SELECT StarID FROM AstroSchema.Stars WHERE StarID = 'wai-1348'), (SELECT GalaxyName FROM AstroSchema.Systems, AstroSchema.Stars WHERE StarID = 'wai-1348' AND SystemName = InSystem));
INSERT INTO AstroSchema.Systems VALUES ('Zaniah', 'Binary', (SELECT GalaxyName FROM AstroSchema.Galaxies WHERE GalaxyName = 'Small Magellanic Cloud'), NULL);
INSERT INTO AstroSchema.AstroObjects VALUES ('xou-1484', 'Zaniah-A', 7065415713.9, 64285948.0);
INSERT INTO AstroSchema.Stars VALUES ('xou-1484', 'VI', 'Zaniah');
INSERT INTO AstroSchema.AstroObjects VALUES ('rcz-6056', 'Zaniah-A-0', 4756693284.1, 400.6);
INSERT INTO AstroSchema.Planets VALUES ('rcz-6056', 'Sub-Earth', 'Protoplanet', (SELECT StarID FROM AstroSchema.Stars WHERE StarID = 'xou-1484'), (SELECT GalaxyName FROM AstroSchema.Systems, AstroSchema.Stars WHERE StarID = 'xou-1484' AND SystemName = InSystem));
INSERT INTO AstroSchema.AstroObjects VALUES ('owr-4774', 'Zaniah-A-1', 34884994538.7, 1022.3);
INSERT INTO AstroSchema.Planets VALUES ('owr-4774', 'Gas Giant', 'Ice', (SELECT StarID FROM AstroSchema.Stars WHERE StarID = 'xou-1484'), (SELECT GalaxyName FROM AstroSchema.Systems, AstroSchema.Stars WHERE StarID = 'xou-1484' AND SystemName = InSystem));
INSERT INTO AstroSchema.AstroObjects VALUES ('bzv-3252', 'Zaniah-A-2', 14886551068.6, 897.1);
INSERT INTO AstroSchema.Planets VALUES ('bzv-3252', 'Sub-Earth', 'Terrestrial', (SELECT StarID FROM AstroSchema.Stars WHERE StarID = 'xou-1484'), (SELECT GalaxyName FROM AstroSchema.Systems, AstroSchema.Stars WHERE StarID = 'xou-1484' AND SystemName = InSystem));
INSERT INTO AstroSchema.AstroObjects VALUES ('abp-3195', 'Zaniah-B', 3358148744.0, 49483420.3);
INSERT INTO AstroSchema.Stars VALUES ('abp-3195', 'IV', 'Zaniah');
INSERT INTO AstroSchema.AstroObjects VALUES ('kop-2423', 'Zaniah-B-0', 39682707488.3, 608.3);
INSERT INTO AstroSchema.Planets VALUES ('kop-2423', 'Super-Jupiter', 'Hycean', (SELECT StarID FROM AstroSchema.Stars WHERE StarID = 'abp-3195'), (SELECT GalaxyName FROM AstroSchema.Systems, AstroSchema.Stars WHERE StarID = 'abp-3195' AND SystemName = InSystem));
INSERT INTO AstroSchema.AstroObjects VALUES ('wiv-3386', 'Zaniah-B-1', 31089511917.1, 1080.7);
INSERT INTO AstroSchema.Planets VALUES ('wiv-3386', 'Super-Earth', 'Terrestrial', (SELECT StarID FROM AstroSchema.Stars WHERE StarID = 'abp-3195'), (SELECT GalaxyName FROM AstroSchema.Systems, AstroSchema.Stars WHERE StarID = 'abp-3195' AND SystemName = InSystem));
INSERT INTO AstroSchema.AstroObjects VALUES ('aef-7560', 'Zaniah-B-2', 18616952330.4, 1200.5);
INSERT INTO AstroSchema.Planets VALUES ('aef-7560', 'Gas Giant', 'Terrestrial', (SELECT StarID FROM AstroSchema.Stars WHERE StarID = 'abp-3195'), (SELECT GalaxyName FROM AstroSchema.Systems, AstroSchema.Stars WHERE StarID = 'abp-3195' AND SystemName = InSystem));
INSERT INTO AstroSchema.AstroObjects VALUES ('dvt-8934', 'Zaniah-B-3', 22926726714.9, 1232.7);
INSERT INTO AstroSchema.Planets VALUES ('dvt-8934', 'Super-Jupiter', 'Chtonian', (SELECT StarID FROM AstroSchema.Stars WHERE StarID = 'abp-3195'), (SELECT GalaxyName FROM AstroSchema.Systems, AstroSchema.Stars WHERE StarID = 'abp-3195' AND SystemName = InSystem));
INSERT INTO AstroSchema.AstroObjects VALUES ('lgy-8510', 'Zaniah-B-4', 20643577091.8, 373.4);
INSERT INTO AstroSchema.Planets VALUES ('lgy-8510', 'Super-Earth', 'Chtonian', (SELECT StarID FROM AstroSchema.Stars WHERE StarID = 'abp-3195'), (SELECT GalaxyName FROM AstroSchema.Systems, AstroSchema.Stars WHERE StarID = 'abp-3195' AND SystemName = InSystem));
INSERT INTO AstroSchema.AstroObjects VALUES ('zxc-5216', 'Zaniah-B-5', 34562103813.1, 456.4);
INSERT INTO AstroSchema.Planets VALUES ('zxc-5216', 'Ice Giant', 'Desert', (SELECT StarID FROM AstroSchema.Stars WHERE StarID = 'abp-3195'), (SELECT GalaxyName FROM AstroSchema.Systems, AstroSchema.Stars WHERE StarID = 'abp-3195' AND SystemName = InSystem));
INSERT INTO AstroSchema.AstroObjects VALUES ('sgg-1608', 'Zaniah-B-6', 23333692793.4, 338.0);
INSERT INTO AstroSchema.Planets VALUES ('sgg-1608', 'Ice Giant', 'Gas giant', (SELECT StarID FROM AstroSchema.Stars WHERE StarID = 'abp-3195'), (SELECT GalaxyName FROM AstroSchema.Systems, AstroSchema.Stars WHERE StarID = 'abp-3195' AND SystemName = InSystem));
INSERT INTO AstroSchema.AstroObjects VALUES ('laf-3837', 'Zaniah-B-7', 17932528327.8, 1276.7);
INSERT INTO AstroSchema.Planets VALUES ('laf-3837', 'Mini-Neptune', 'Ocean', (SELECT StarID FROM AstroSchema.Stars WHERE StarID = 'abp-3195'), (SELECT GalaxyName FROM AstroSchema.Systems, AstroSchema.Stars WHERE StarID = 'abp-3195' AND SystemName = InSystem));
INSERT INTO AstroSchema.AstroObjects VALUES ('aps-6537', 'Zaniah-B-8', 33292966399.6, 831.8);
INSERT INTO AstroSchema.Planets VALUES ('aps-6537', 'Ice Giant', 'Terrestrial', (SELECT StarID FROM AstroSchema.Stars WHERE StarID = 'abp-3195'), (SELECT GalaxyName FROM AstroSchema.Systems, AstroSchema.Stars WHERE StarID = 'abp-3195' AND SystemName = InSystem));
INSERT INTO AstroSchema.AstroObjects VALUES ('mvj-9850', 'Zaniah-B-9', 34301108399.2, 1220.8);
INSERT INTO AstroSchema.Planets VALUES ('mvj-9850', 'Super-Earth', 'Carbon', (SELECT StarID FROM AstroSchema.Stars WHERE StarID = 'abp-3195'), (SELECT GalaxyName FROM AstroSchema.Systems, AstroSchema.Stars WHERE StarID = 'abp-3195' AND SystemName = InSystem));
INSERT INTO AstroSchema.Systems VALUES ('Eglrarvis', 'Mono', (SELECT GalaxyName FROM AstroSchema.Galaxies WHERE GalaxyName = 'IC 1613'), (SELECT ConstellationName FROM AstroSchema.Galaxies WHERE GalaxyName = 'IC 1613'));
INSERT INTO AstroSchema.AstroObjects VALUES ('rdq-4803', 'Eglrarvis', 21924276876.2, 77187226.9);
INSERT INTO AstroSchema.Stars VALUES ('rdq-4803', 'VI', 'Eglrarvis');
INSERT INTO AstroSchema.AstroObjects VALUES ('urj-3586', 'Eglrarvis-0', 22199323016.6, 868.3);
INSERT INTO AstroSchema.Planets VALUES ('urj-3586', 'Super-Earth', 'Hycean', (SELECT StarID FROM AstroSchema.Stars WHERE StarID = 'rdq-4803'), (SELECT GalaxyName FROM AstroSchema.Systems, AstroSchema.Stars WHERE StarID = 'rdq-4803' AND SystemName = InSystem));
INSERT INTO AstroSchema.Systems VALUES ('Trabalore', 'Trinary', NULL, NULL);
INSERT INTO AstroSchema.AstroObjects VALUES ('vtg-4026', 'Trabalore-A', 43531507954.1, 1047717.6);
INSERT INTO AstroSchema.Stars VALUES ('vtg-4026', 'Ia', 'Trabalore');
INSERT INTO AstroSchema.AstroObjects VALUES ('ath-4597', 'Trabalore-A-0', 4584243585.2, 833.9);
INSERT INTO AstroSchema.Planets VALUES ('ath-4597', 'Sub-Earth', 'Desert', (SELECT StarID FROM AstroSchema.Stars WHERE StarID = 'vtg-4026'), (SELECT GalaxyName FROM AstroSchema.Systems, AstroSchema.Stars WHERE StarID = 'vtg-4026' AND SystemName = InSystem));
INSERT INTO AstroSchema.AstroObjects VALUES ('oho-1133', 'Trabalore-A-1', 7510095759.8, 723.2);
INSERT INTO AstroSchema.Planets VALUES ('oho-1133', 'Gas Giant', 'Chtonian', (SELECT StarID FROM AstroSchema.Stars WHERE StarID = 'vtg-4026'), (SELECT GalaxyName FROM AstroSchema.Systems, AstroSchema.Stars WHERE StarID = 'vtg-4026' AND SystemName = InSystem));
INSERT INTO AstroSchema.AstroObjects VALUES ('nrt-8117', 'Trabalore-A-2', 11704838041.7, 357.3);
INSERT INTO AstroSchema.Planets VALUES ('nrt-8117', 'Super-Earth', 'Terrestrial', (SELECT StarID FROM AstroSchema.Stars WHERE StarID = 'vtg-4026'), (SELECT GalaxyName FROM AstroSchema.Systems, AstroSchema.Stars WHERE StarID = 'vtg-4026' AND SystemName = InSystem));
INSERT INTO AstroSchema.AstroObjects VALUES ('zuc-7465', 'Trabalore-A-3', 45655482476.4, 1088.4);
INSERT INTO AstroSchema.Planets VALUES ('zuc-7465', 'Ice Giant', 'Gas giant', (SELECT StarID FROM AstroSchema.Stars WHERE StarID = 'vtg-4026'), (SELECT GalaxyName FROM AstroSchema.Systems, AstroSchema.Stars WHERE StarID = 'vtg-4026' AND SystemName = InSystem));
INSERT INTO AstroSchema.AstroObjects VALUES ('tbr-8225', 'Trabalore-A-4', 4846577189.5, 1084.2);
INSERT INTO AstroSchema.Planets VALUES ('tbr-8225', 'Ice Giant', 'Carbon', (SELECT StarID FROM AstroSchema.Stars WHERE StarID = 'vtg-4026'), (SELECT GalaxyName FROM AstroSchema.Systems, AstroSchema.Stars WHERE StarID = 'vtg-4026' AND SystemName = InSystem));
INSERT INTO AstroSchema.AstroObjects VALUES ('uhx-6279', 'Trabalore-A-5', 39686922576.7, 622.5);
INSERT INTO AstroSchema.Planets VALUES ('uhx-6279', 'Ice Giant', 'Gas giant', (SELECT StarID FROM AstroSchema.Stars WHERE StarID = 'vtg-4026'), (SELECT GalaxyName FROM AstroSchema.Systems, AstroSchema.Stars WHERE StarID = 'vtg-4026' AND SystemName = InSystem));
INSERT INTO AstroSchema.AstroObjects VALUES ('mvn-9373', 'Trabalore-A-6', 16429769306.6, 1491.8);
INSERT INTO AstroSchema.Planets VALUES ('mvn-9373', 'Ice Giant', 'Desert', (SELECT StarID FROM AstroSchema.Stars WHERE StarID = 'vtg-4026'), (SELECT GalaxyName FROM AstroSchema.Systems, AstroSchema.Stars WHERE StarID = 'vtg-4026' AND SystemName = InSystem));
INSERT INTO AstroSchema.AstroObjects VALUES ('gmx-3513', 'Trabalore-A-7', 24544349980.3, 1164.4);
INSERT INTO AstroSchema.Planets VALUES ('gmx-3513', 'Super-Earth', 'Ocean', (SELECT StarID FROM AstroSchema.Stars WHERE StarID = 'vtg-4026'), (SELECT GalaxyName FROM AstroSchema.Systems, AstroSchema.Stars WHERE StarID = 'vtg-4026' AND SystemName = InSystem));
INSERT INTO AstroSchema.AstroObjects VALUES ('zlg-3026', 'Trabalore-B', 37311219955.5, 24556451.1);
INSERT INTO AstroSchema.Stars VALUES ('zlg-3026', 'III', 'Trabalore');
INSERT INTO AstroSchema.AstroObjects VALUES ('bqf-3302', 'Trabalore-B-0', 27559578823.7, 324.4);
INSERT INTO AstroSchema.Planets VALUES ('bqf-3302', 'Super-Earth', 'Silicate', (SELECT StarID FROM AstroSchema.Stars WHERE StarID = 'zlg-3026'), (SELECT GalaxyName FROM AstroSchema.Systems, AstroSchema.Stars WHERE StarID = 'zlg-3026' AND SystemName = InSystem));
INSERT INTO AstroSchema.AstroObjects VALUES ('kbt-3674', 'Trabalore-B-1', 31020064098.0, 1166.4);
INSERT INTO AstroSchema.Planets VALUES ('kbt-3674', 'Sub-Earth', 'Puffy', (SELECT StarID FROM AstroSchema.Stars WHERE StarID = 'zlg-3026'), (SELECT GalaxyName FROM AstroSchema.Systems, AstroSchema.Stars WHERE StarID = 'zlg-3026' AND SystemName = InSystem));
INSERT INTO AstroSchema.AstroObjects VALUES ('axd-8151', 'Trabalore-B-2', 5734331391.4, 859.1);
INSERT INTO AstroSchema.Planets VALUES ('axd-8151', 'Ice Giant', 'Carbon', (SELECT StarID FROM AstroSchema.Stars WHERE StarID = 'zlg-3026'), (SELECT GalaxyName FROM AstroSchema.Systems, AstroSchema.Stars WHERE StarID = 'zlg-3026' AND SystemName = InSystem));
INSERT INTO AstroSchema.AstroObjects VALUES ('nqe-6600', 'Trabalore-B-3', 9235013553.6, 1337.3);
INSERT INTO AstroSchema.Planets VALUES ('nqe-6600', 'Mini-Neptune', 'Silicate', (SELECT StarID FROM AstroSchema.Stars WHERE StarID = 'zlg-3026'), (SELECT GalaxyName FROM AstroSchema.Systems, AstroSchema.Stars WHERE StarID = 'zlg-3026' AND SystemName = InSystem));
INSERT INTO AstroSchema.AstroObjects VALUES ('jfo-4301', 'Trabalore-B-4', 28617340520.1, 242.0);
INSERT INTO AstroSchema.Planets VALUES ('jfo-4301', 'Sub-Earth', 'Ocean', (SELECT StarID FROM AstroSchema.Stars WHERE StarID = 'zlg-3026'), (SELECT GalaxyName FROM AstroSchema.Systems, AstroSchema.Stars WHERE StarID = 'zlg-3026' AND SystemName = InSystem));
INSERT INTO AstroSchema.AstroObjects VALUES ('rmy-7944', 'Trabalore-B-5', 24708435501.5, 972.2);
INSERT INTO AstroSchema.Planets VALUES ('rmy-7944', 'Mini-Neptune', 'Helium', (SELECT StarID FROM AstroSchema.Stars WHERE StarID = 'zlg-3026'), (SELECT GalaxyName FROM AstroSchema.Systems, AstroSchema.Stars WHERE StarID = 'zlg-3026' AND SystemName = InSystem));
INSERT INTO AstroSchema.AstroObjects VALUES ('tkk-7436', 'Trabalore-B-6', 19430187892.0, 1463.5);
INSERT INTO AstroSchema.Planets VALUES ('tkk-7436', 'Gas Giant', 'Ice', (SELECT StarID FROM AstroSchema.Stars WHERE StarID = 'zlg-3026'), (SELECT GalaxyName FROM AstroSchema.Systems, AstroSchema.Stars WHERE StarID = 'zlg-3026' AND SystemName = InSystem));
INSERT INTO AstroSchema.AstroObjects VALUES ('ubq-1607', 'Trabalore-C', 32472392725.8, 93981244.4);
INSERT INTO AstroSchema.Stars VALUES ('ubq-1607', 'D', 'Trabalore');
INSERT INTO AstroSchema.AstroObjects VALUES ('ymn-3829', 'Trabalore-C-0', 35294150971.0, 1038.4);
INSERT INTO AstroSchema.Planets VALUES ('ymn-3829', 'Super-Earth', 'Ice', (SELECT StarID FROM AstroSchema.Stars WHERE StarID = 'ubq-1607'), (SELECT GalaxyName FROM AstroSchema.Systems, AstroSchema.Stars WHERE StarID = 'ubq-1607' AND SystemName = InSystem));
INSERT INTO AstroSchema.AstroObjects VALUES ('fei-8303', 'Trabalore-C-1', 25006021257.2, 759.4);
INSERT INTO AstroSchema.Planets VALUES ('fei-8303', 'Ice Giant', 'Helium', (SELECT StarID FROM AstroSchema.Stars WHERE StarID = 'ubq-1607'), (SELECT GalaxyName FROM AstroSchema.Systems, AstroSchema.Stars WHERE StarID = 'ubq-1607' AND SystemName = InSystem));
INSERT INTO AstroSchema.AstroObjects VALUES ('hng-5974', 'Trabalore-C-2', 25916550987.7, 892.9);
INSERT INTO AstroSchema.Planets VALUES ('hng-5974', 'Sub-Earth', 'Ocean', (SELECT StarID FROM AstroSchema.Stars WHERE StarID = 'ubq-1607'), (SELECT GalaxyName FROM AstroSchema.Systems, AstroSchema.Stars WHERE StarID = 'ubq-1607' AND SystemName = InSystem));
INSERT INTO AstroSchema.AstroObjects VALUES ('xia-3221', 'Trabalore-C-3', 19236839156.6, 1307.8);
INSERT INTO AstroSchema.Planets VALUES ('xia-3221', 'Super-Jupiter', 'Terrestrial', (SELECT StarID FROM AstroSchema.Stars WHERE StarID = 'ubq-1607'), (SELECT GalaxyName FROM AstroSchema.Systems, AstroSchema.Stars WHERE StarID = 'ubq-1607' AND SystemName = InSystem));
INSERT INTO AstroSchema.AstroObjects VALUES ('xla-8819', 'Trabalore-C-4', 36879987759.5, 568.6);
INSERT INTO AstroSchema.Planets VALUES ('xla-8819', 'Super-Earth', 'Ice', (SELECT StarID FROM AstroSchema.Stars WHERE StarID = 'ubq-1607'), (SELECT GalaxyName FROM AstroSchema.Systems, AstroSchema.Stars WHERE StarID = 'ubq-1607' AND SystemName = InSystem));
INSERT INTO AstroSchema.AstroObjects VALUES ('utf-6060', 'Trabalore-C-5', 7559678351.5, 319.0);
INSERT INTO AstroSchema.Planets VALUES ('utf-6060', 'Super-Jupiter', 'Desert', (SELECT StarID FROM AstroSchema.Stars WHERE StarID = 'ubq-1607'), (SELECT GalaxyName FROM AstroSchema.Systems, AstroSchema.Stars WHERE StarID = 'ubq-1607' AND SystemName = InSystem));
INSERT INTO AstroSchema.AstroObjects VALUES ('ixg-7113', 'Trabalore-C-6', 44916440950.6, 1029.3);
INSERT INTO AstroSchema.Planets VALUES ('ixg-7113', 'Gas Giant', 'Chtonian', (SELECT StarID FROM AstroSchema.Stars WHERE StarID = 'ubq-1607'), (SELECT GalaxyName FROM AstroSchema.Systems, AstroSchema.Stars WHERE StarID = 'ubq-1607' AND SystemName = InSystem));
INSERT INTO AstroSchema.AstroObjects VALUES ('cdo-2906', 'Trabalore-C-7', 41450673897.1, 957.6);
INSERT INTO AstroSchema.Planets VALUES ('cdo-2906', 'Super-Jupiter', 'Puffy', (SELECT StarID FROM AstroSchema.Stars WHERE StarID = 'ubq-1607'), (SELECT GalaxyName FROM AstroSchema.Systems, AstroSchema.Stars WHERE StarID = 'ubq-1607' AND SystemName = InSystem));
INSERT INTO AstroSchema.AstroObjects VALUES ('wil-3530', 'Trabalore-C-8', 31922513777.8, 1055.9);
INSERT INTO AstroSchema.Planets VALUES ('wil-3530', 'Mini-Neptune', 'Terrestrial', (SELECT StarID FROM AstroSchema.Stars WHERE StarID = 'ubq-1607'), (SELECT GalaxyName FROM AstroSchema.Systems, AstroSchema.Stars WHERE StarID = 'ubq-1607' AND SystemName = InSystem));
INSERT INTO AstroSchema.AstroObjects VALUES ('int-1159', 'Trabalore-C-9', 26023739437.0, 801.9);
INSERT INTO AstroSchema.Planets VALUES ('int-1159', 'Ice Giant', 'Desert', (SELECT StarID FROM AstroSchema.Stars WHERE StarID = 'ubq-1607'), (SELECT GalaxyName FROM AstroSchema.Systems, AstroSchema.Stars WHERE StarID = 'ubq-1607' AND SystemName = InSystem));
INSERT INTO AstroSchema.Systems VALUES ('Selnoc', 'Quaternary', (SELECT GalaxyName FROM AstroSchema.Galaxies WHERE GalaxyName = 'Triangulum'), NULL);
INSERT INTO AstroSchema.AstroObjects VALUES ('hte-1686', 'Selnoc-A', 13478617454.7, 15681337.5);
INSERT INTO AstroSchema.Stars VALUES ('hte-1686', 'III', 'Selnoc');
INSERT INTO AstroSchema.AstroObjects VALUES ('wyu-2441', 'Selnoc-A-0', 21496211516.3, 936.3);
INSERT INTO AstroSchema.Planets VALUES ('wyu-2441', 'Super-Jupiter', 'Chtonian', (SELECT StarID FROM AstroSchema.Stars WHERE StarID = 'hte-1686'), (SELECT GalaxyName FROM AstroSchema.Systems, AstroSchema.Stars WHERE StarID = 'hte-1686' AND SystemName = InSystem));
INSERT INTO AstroSchema.AstroObjects VALUES ('sqa-9657', 'Selnoc-A-1', 3729004415.5, 1282.7);
INSERT INTO AstroSchema.Planets VALUES ('sqa-9657', 'Super-Jupiter', 'Hycean', (SELECT StarID FROM AstroSchema.Stars WHERE StarID = 'hte-1686'), (SELECT GalaxyName FROM AstroSchema.Systems, AstroSchema.Stars WHERE StarID = 'hte-1686' AND SystemName = InSystem));
INSERT INTO AstroSchema.AstroObjects VALUES ('ite-9869', 'Selnoc-A-2', 6294403506.9, 923.2);
INSERT INTO AstroSchema.Planets VALUES ('ite-9869', 'Sub-Earth', 'Gas giant', (SELECT StarID FROM AstroSchema.Stars WHERE StarID = 'hte-1686'), (SELECT GalaxyName FROM AstroSchema.Systems, AstroSchema.Stars WHERE StarID = 'hte-1686' AND SystemName = InSystem));
INSERT INTO AstroSchema.AstroObjects VALUES ('fla-1918', 'Selnoc-A-3', 190728968.6, 337.2);
INSERT INTO AstroSchema.Planets VALUES ('fla-1918', 'Super-Earth', 'Puffy', (SELECT StarID FROM AstroSchema.Stars WHERE StarID = 'hte-1686'), (SELECT GalaxyName FROM AstroSchema.Systems, AstroSchema.Stars WHERE StarID = 'hte-1686' AND SystemName = InSystem));
INSERT INTO AstroSchema.AstroObjects VALUES ('bqk-7201', 'Selnoc-A-4', 14365874687.9, 1423.7);
INSERT INTO AstroSchema.Planets VALUES ('bqk-7201', 'Super-Jupiter', 'Gas giant', (SELECT StarID FROM AstroSchema.Stars WHERE StarID = 'hte-1686'), (SELECT GalaxyName FROM AstroSchema.Systems, AstroSchema.Stars WHERE StarID = 'hte-1686' AND SystemName = InSystem));
INSERT INTO AstroSchema.AstroObjects VALUES ('nam-3755', 'Selnoc-A-5', 16510493987.2, 511.7);
INSERT INTO AstroSchema.Planets VALUES ('nam-3755', 'Sub-Earth', 'Chtonian', (SELECT StarID FROM AstroSchema.Stars WHERE StarID = 'hte-1686'), (SELECT GalaxyName FROM AstroSchema.Systems, AstroSchema.Stars WHERE StarID = 'hte-1686' AND SystemName = InSystem));
INSERT INTO AstroSchema.AstroObjects VALUES ('oec-8983', 'Selnoc-B', 23829479190.2, 23388336.1);
INSERT INTO AstroSchema.Stars VALUES ('oec-8983', 'III', 'Selnoc');
INSERT INTO AstroSchema.AstroObjects VALUES ('uru-3782', 'Selnoc-B-0', 27666513291.3, 1299.2);
INSERT INTO AstroSchema.Planets VALUES ('uru-3782', 'Super-Jupiter', 'Gas dwarf', (SELECT StarID FROM AstroSchema.Stars WHERE StarID = 'oec-8983'), (SELECT GalaxyName FROM AstroSchema.Systems, AstroSchema.Stars WHERE StarID = 'oec-8983' AND SystemName = InSystem));
INSERT INTO AstroSchema.AstroObjects VALUES ('fyn-4814', 'Selnoc-C', 28179857924.4, 67068881.2);
INSERT INTO AstroSchema.Stars VALUES ('fyn-4814', 'Ia-O', 'Selnoc');
INSERT INTO AstroSchema.AstroObjects VALUES ('lli-6626', 'Selnoc-C-0', 14637426984.7, 302.8);
INSERT INTO AstroSchema.Planets VALUES ('lli-6626', 'Sub-Earth', 'Carbon', (SELECT StarID FROM AstroSchema.Stars WHERE StarID = 'fyn-4814'), (SELECT GalaxyName FROM AstroSchema.Systems, AstroSchema.Stars WHERE StarID = 'fyn-4814' AND SystemName = InSystem));
INSERT INTO AstroSchema.AstroObjects VALUES ('erv-4224', 'Selnoc-D', 7263238609.1, 62564118.1);
INSERT INTO AstroSchema.Stars VALUES ('erv-4224', 'III', 'Selnoc');
INSERT INTO AstroSchema.AstroObjects VALUES ('vxw-5895', 'Selnoc-D-0', 21926059750.7, 1171.6);
INSERT INTO AstroSchema.Planets VALUES ('vxw-5895', 'Ice Giant', 'Terrestrial', (SELECT StarID FROM AstroSchema.Stars WHERE StarID = 'erv-4224'), (SELECT GalaxyName FROM AstroSchema.Systems, AstroSchema.Stars WHERE StarID = 'erv-4224' AND SystemName = InSystem));
INSERT INTO AstroSchema.AstroObjects VALUES ('lgn-2952', 'Selnoc-D-1', 40908409677.0, 565.7);
INSERT INTO AstroSchema.Planets VALUES ('lgn-2952', 'Ice Giant', 'Protoplanet', (SELECT StarID FROM AstroSchema.Stars WHERE StarID = 'erv-4224'), (SELECT GalaxyName FROM AstroSchema.Systems, AstroSchema.Stars WHERE StarID = 'erv-4224' AND SystemName = InSystem));
INSERT INTO AstroSchema.Systems VALUES ('Tyl', 'Mono', (SELECT GalaxyName FROM AstroSchema.Galaxies WHERE GalaxyName = 'Leo II'), (SELECT ConstellationName FROM AstroSchema.Galaxies WHERE GalaxyName = 'Leo II'));
INSERT INTO AstroSchema.AstroObjects VALUES ('aip-6820', 'Tyl', 27513532940.6, 27692850.9);
INSERT INTO AstroSchema.Stars VALUES ('aip-6820', 'VI', 'Tyl');
INSERT INTO AstroSchema.AstroObjects VALUES ('tmn-3253', 'Tyl-0', 20249520594.0, 509.1);
INSERT INTO AstroSchema.Planets VALUES ('tmn-3253', 'Super-Earth', 'Ice', (SELECT StarID FROM AstroSchema.Stars WHERE StarID = 'aip-6820'), (SELECT GalaxyName FROM AstroSchema.Systems, AstroSchema.Stars WHERE StarID = 'aip-6820' AND SystemName = InSystem));
INSERT INTO AstroSchema.AstroObjects VALUES ('yfi-6420', 'Tyl-1', 19102233253.7, 1359.5);
INSERT INTO AstroSchema.Planets VALUES ('yfi-6420', 'Super-Jupiter', 'Ocean', (SELECT StarID FROM AstroSchema.Stars WHERE StarID = 'aip-6820'), (SELECT GalaxyName FROM AstroSchema.Systems, AstroSchema.Stars WHERE StarID = 'aip-6820' AND SystemName = InSystem));
INSERT INTO AstroSchema.Systems VALUES ('Dabih', 'Binary', (SELECT GalaxyName FROM AstroSchema.Galaxies WHERE GalaxyName = 'Draco Dwarf'), NULL);
INSERT INTO AstroSchema.AstroObjects VALUES ('qnm-6595', 'Dabih-A', 4612976170.3, 84060899.9);
INSERT INTO AstroSchema.Stars VALUES ('qnm-6595', 'Ia', 'Dabih');
INSERT INTO AstroSchema.AstroObjects VALUES ('nvi-4626', 'Dabih-A-0', 36961611546.2, 960.7);
INSERT INTO AstroSchema.Planets VALUES ('nvi-4626', 'Super-Jupiter', 'Ocean', (SELECT StarID FROM AstroSchema.Stars WHERE StarID = 'qnm-6595'), (SELECT GalaxyName FROM AstroSchema.Systems, AstroSchema.Stars WHERE StarID = 'qnm-6595' AND SystemName = InSystem));
INSERT INTO AstroSchema.AstroObjects VALUES ('rrj-7695', 'Dabih-A-1', 13707800124.7, 727.6);
INSERT INTO AstroSchema.Planets VALUES ('rrj-7695', 'Ice Giant', 'Ice', (SELECT StarID FROM AstroSchema.Stars WHERE StarID = 'qnm-6595'), (SELECT GalaxyName FROM AstroSchema.Systems, AstroSchema.Stars WHERE StarID = 'qnm-6595' AND SystemName = InSystem));
INSERT INTO AstroSchema.AstroObjects VALUES ('auv-1904', 'Dabih-B', 2052628333.2, 30647133.1);
INSERT INTO AstroSchema.Stars VALUES ('auv-1904', 'Ia', 'Dabih');
INSERT INTO AstroSchema.Systems VALUES ('Damiun', 'Binary', (SELECT GalaxyName FROM AstroSchema.Galaxies WHERE GalaxyName = 'Wolf-Lundmark-Melotte'), (SELECT ConstellationName FROM AstroSchema.Galaxies WHERE GalaxyName = 'Wolf-Lundmark-Melotte'));
INSERT INTO AstroSchema.AstroObjects VALUES ('itm-1490', 'Damiun-A', 20091426578.9, 90638801.6);
INSERT INTO AstroSchema.Stars VALUES ('itm-1490', 'V', 'Damiun');
INSERT INTO AstroSchema.AstroObjects VALUES ('skp-2435', 'Damiun-B', 22971559195.5, 68607961.7);
INSERT INTO AstroSchema.Stars VALUES ('skp-2435', 'V', 'Damiun');
INSERT INTO AstroSchema.Systems VALUES ('Hagers', 'Trinary', (SELECT GalaxyName FROM AstroSchema.Galaxies WHERE GalaxyName = 'Maffei 2'), NULL);
INSERT INTO AstroSchema.AstroObjects VALUES ('rov-5356', 'Hagers-A', 39321691177.0, 24158357.5);
INSERT INTO AstroSchema.Stars VALUES ('rov-5356', 'II', 'Hagers');
INSERT INTO AstroSchema.AstroObjects VALUES ('ryi-8931', 'Hagers-A-0', 28353553624.1, 952.1);
INSERT INTO AstroSchema.Planets VALUES ('ryi-8931', 'Super-Earth', 'Hycean', (SELECT StarID FROM AstroSchema.Stars WHERE StarID = 'rov-5356'), (SELECT GalaxyName FROM AstroSchema.Systems, AstroSchema.Stars WHERE StarID = 'rov-5356' AND SystemName = InSystem));
INSERT INTO AstroSchema.AstroObjects VALUES ('ppq-7718', 'Hagers-A-1', 9374388414.8, 598.9);
INSERT INTO AstroSchema.Planets VALUES ('ppq-7718', 'Super-Jupiter', 'Terrestrial', (SELECT StarID FROM AstroSchema.Stars WHERE StarID = 'rov-5356'), (SELECT GalaxyName FROM AstroSchema.Systems, AstroSchema.Stars WHERE StarID = 'rov-5356' AND SystemName = InSystem));
INSERT INTO AstroSchema.AstroObjects VALUES ('vqf-2499', 'Hagers-B', 6220857867.7, 79695174.7);
INSERT INTO AstroSchema.Stars VALUES ('vqf-2499', 'Ib', 'Hagers');
INSERT INTO AstroSchema.AstroObjects VALUES ('pcg-4579', 'Hagers-B-0', 24200594856.5, 460.3);
INSERT INTO AstroSchema.Planets VALUES ('pcg-4579', 'Sub-Earth', 'Helium', (SELECT StarID FROM AstroSchema.Stars WHERE StarID = 'vqf-2499'), (SELECT GalaxyName FROM AstroSchema.Systems, AstroSchema.Stars WHERE StarID = 'vqf-2499' AND SystemName = InSystem));
INSERT INTO AstroSchema.AstroObjects VALUES ('ppy-9360', 'Hagers-C', 8200856466.2, 69740456.7);
INSERT INTO AstroSchema.Stars VALUES ('ppy-9360', 'D', 'Hagers');
INSERT INTO AstroSchema.Employees (EmployeeName, EmployeeSurname) VALUES ('Teri', 'Sheridan');
INSERT INTO AstroSchema.Employees (EmployeeName, EmployeeSurname) VALUES ('Lauren', 'Pfaffenbach');
INSERT INTO AstroSchema.Employees (EmployeeName, EmployeeSurname) VALUES ('Adrienne', 'Miller');
INSERT INTO AstroSchema.Employees (EmployeeName, EmployeeSurname) VALUES ('Selina', 'Harrington');
INSERT INTO AstroSchema.Employees (EmployeeName, EmployeeSurname) VALUES ('Thomas', 'Alexander');
INSERT INTO AstroSchema.Employees (EmployeeName, EmployeeSurname) VALUES ('Conan', 'Hutchins');
INSERT INTO AstroSchema.Employees (EmployeeName, EmployeeSurname) VALUES ('Jackie', 'Little');
INSERT INTO AstroSchema.Employees (EmployeeName, EmployeeSurname) VALUES ('Vera', 'Bainbridge');
INSERT INTO AstroSchema.Employees (EmployeeName, EmployeeSurname) VALUES ('Horatio', 'Hansen');
INSERT INTO AstroSchema.Employees (EmployeeName, EmployeeSurname) VALUES ('Maxwell', 'Robinson');
INSERT INTO AstroSchema.Employees (EmployeeName, EmployeeSurname) VALUES ('Olivia', 'Bridges');
INSERT INTO AstroSchema.Employees (EmployeeName, EmployeeSurname) VALUES ('Andy', 'Shaw');
INSERT INTO AstroSchema.Employees (EmployeeName, EmployeeSurname) VALUES ('Reginald', 'Wickham');
INSERT INTO AstroSchema.Employees (EmployeeName, EmployeeSurname) VALUES ('Jonathan', 'Phillips');
INSERT INTO AstroSchema.Employees (EmployeeName, EmployeeSurname) VALUES ('Bonnie', 'Stanfield');
INSERT INTO AstroSchema.Employees (EmployeeName, EmployeeSurname) VALUES ('Douglas', 'Merchant');
INSERT INTO AstroSchema.Employees (EmployeeName, EmployeeSurname) VALUES ('Rosemary', 'Page');
INSERT INTO AstroSchema.Employees (EmployeeName, EmployeeSurname) VALUES ('Paul', 'TaylorJr');
INSERT INTO AstroSchema.Employees (EmployeeName, EmployeeSurname) VALUES ('Louis', 'Stark');
INSERT INTO AstroSchema.Employees (EmployeeName, EmployeeSurname) VALUES ('Rebecca', 'Sheridan');
INSERT INTO AstroSchema.Employees (EmployeeName, EmployeeSurname) VALUES ('Bruce', 'Bixby');
INSERT INTO AstroSchema.Employees (EmployeeName, EmployeeSurname) VALUES ('Keith', 'Gilligan');
INSERT INTO AstroSchema.Employees (EmployeeName, EmployeeSurname) VALUES ('Jennifer', 'Snider');
INSERT INTO AstroSchema.Employees (EmployeeName, EmployeeSurname) VALUES ('Gaylord', 'Compton');
INSERT INTO AstroSchema.Employees (EmployeeName, EmployeeSurname) VALUES ('Hilary', 'Smith');
INSERT INTO AstroSchema.Employees (EmployeeName, EmployeeSurname) VALUES ('Derek', 'Becker');
INSERT INTO AstroSchema.Employees (EmployeeName, EmployeeSurname) VALUES ('Basil', 'Channing');
INSERT INTO AstroSchema.Employees (EmployeeName, EmployeeSurname) VALUES ('Alec', 'Reinhart');
INSERT INTO AstroSchema.Employees (EmployeeName, EmployeeSurname) VALUES ('Addison', 'Prefontaine');
INSERT INTO AstroSchema.Employees (EmployeeName, EmployeeSurname) VALUES ('Dorothy', 'Blackwood');
INSERT INTO AstroSchema.Employees (EmployeeName, EmployeeSurname) VALUES ('Connor', 'Jacobs');
INSERT INTO AstroSchema.Employees (EmployeeName, EmployeeSurname) VALUES ('Charity', 'Thornton');
INSERT INTO AstroSchema.Employees (EmployeeName, EmployeeSurname) VALUES ('SirAndrew', 'Martin');
INSERT INTO AstroSchema.Employees (EmployeeName, EmployeeSurname) VALUES ('Cheryl', 'Zimmerman');
INSERT INTO AstroSchema.Employees (EmployeeName, EmployeeSurname) VALUES ('Erin', 'Goodman');
INSERT INTO AstroSchema.Employees (EmployeeName, EmployeeSurname) VALUES ('Gwen', 'Holloway');
INSERT INTO AstroSchema.Employees (EmployeeName, EmployeeSurname) VALUES ('Kayla', 'Burke');
INSERT INTO AstroSchema.Employees (EmployeeName, EmployeeSurname) VALUES ('SirJames', 'Bannister');
INSERT INTO AstroSchema.Employees (EmployeeName, EmployeeSurname) VALUES ('Jason', 'Whitfield');
INSERT INTO AstroSchema.Employees (EmployeeName, EmployeeSurname) VALUES ('Pamela', 'Ferguson');
INSERT INTO AstroSchema.Employees (EmployeeName, EmployeeSurname) VALUES ('Gabriella', 'Perkins');
INSERT INTO AstroSchema.Employees (EmployeeName, EmployeeSurname) VALUES ('Judy', 'Owens');
INSERT INTO AstroSchema.Employees (EmployeeName, EmployeeSurname) VALUES ('Kathleen', 'Merchant');
INSERT INTO AstroSchema.Employees (EmployeeName, EmployeeSurname) VALUES ('Finn', 'Glass');
INSERT INTO AstroSchema.Employees (EmployeeName, EmployeeSurname) VALUES ('Claire', 'Buckland');
INSERT INTO AstroSchema.Employees (EmployeeName, EmployeeSurname) VALUES ('Odette', 'Sweeney');
INSERT INTO AstroSchema.Employees (EmployeeName, EmployeeSurname) VALUES ('Michael', 'Keeler');
INSERT INTO AstroSchema.Employees (EmployeeName, EmployeeSurname) VALUES ('Ethan', 'Kane');
INSERT INTO AstroSchema.Employees (EmployeeName, EmployeeSurname) VALUES ('Robin', 'Fleming');
INSERT INTO AstroSchema.Employees (EmployeeName, EmployeeSurname) VALUES ('Eric', 'Quincey');
INSERT INTO AstroSchema.Employees (EmployeeName, EmployeeSurname) VALUES ('Karla', 'Ballard');
INSERT INTO AstroSchema.Employees (EmployeeName, EmployeeSurname) VALUES ('Fran', 'Breckenridge');
INSERT INTO AstroSchema.Employees (EmployeeName, EmployeeSurname) VALUES ('Nancy', 'Colt');
INSERT INTO AstroSchema.Employees (EmployeeName, EmployeeSurname) VALUES ('Nelson', 'Russell');
INSERT INTO AstroSchema.Employees (EmployeeName, EmployeeSurname) VALUES ('Philippa', 'Stewart');
INSERT INTO AstroSchema.Employees (EmployeeName, EmployeeSurname) VALUES ('Emmett', 'Murray');
INSERT INTO AstroSchema.Employees (EmployeeName, EmployeeSurname) VALUES ('Maud', 'MeriweatherII');
INSERT INTO AstroSchema.Employees (EmployeeName, EmployeeSurname) VALUES ('Edgar', 'Bell');
INSERT INTO AstroSchema.Employees (EmployeeName, EmployeeSurname) VALUES ('Bethany', 'Gilbert');
INSERT INTO AstroSchema.Employees (EmployeeName, EmployeeSurname) VALUES ('Sidney', 'Weaver');
INSERT INTO AstroSchema.Employees (EmployeeName, EmployeeSurname) VALUES ('Kevin', 'Matthews');
INSERT INTO AstroSchema.Employees (EmployeeName, EmployeeSurname) VALUES ('Lance', 'Marshall');
INSERT INTO AstroSchema.Employees (EmployeeName, EmployeeSurname) VALUES ('Linda', 'Galloway');
INSERT INTO AstroSchema.Employees (EmployeeName, EmployeeSurname) VALUES ('Carl', 'Cartwright');
INSERT INTO AstroSchema.Employees (EmployeeName, EmployeeSurname) VALUES ('Linda', 'Poole');
INSERT INTO AstroSchema.Employees (EmployeeName, EmployeeSurname) VALUES ('Dorothy', 'Strudwick');
INSERT INTO AstroSchema.Employees (EmployeeName, EmployeeSurname) VALUES ('Craig', 'Compton');
INSERT INTO AstroSchema.Employees (EmployeeName, EmployeeSurname) VALUES ('Tyrone', 'Vincent');
INSERT INTO AstroSchema.Employees (EmployeeName, EmployeeSurname) VALUES ('Brooklyn', 'Lockhart');
INSERT INTO AstroSchema.Employees (EmployeeName, EmployeeSurname) VALUES ('Lindsay', 'Grimes');
INSERT INTO AstroSchema.Employees (EmployeeName, EmployeeSurname) VALUES ('Edwina', 'Wade');
INSERT INTO AstroSchema.Employees (EmployeeName, EmployeeSurname) VALUES ('Franklin', 'Miller');
INSERT INTO AstroSchema.Employees (EmployeeName, EmployeeSurname) VALUES ('Winona', 'Handler');
INSERT INTO AstroSchema.Employees (EmployeeName, EmployeeSurname) VALUES ('Bonnie', 'Whitley');
INSERT INTO AstroSchema.Employees (EmployeeName, EmployeeSurname) VALUES ('Sean', 'Nash');
INSERT INTO AstroSchema.Employees (EmployeeName, EmployeeSurname) VALUES ('Caitlyn', 'Quinn');
INSERT INTO AstroSchema.Employees (EmployeeName, EmployeeSurname) VALUES ('Miranda', 'Sorensen');
INSERT INTO AstroSchema.Employees (EmployeeName, EmployeeSurname) VALUES ('Anna', 'Whitley');
INSERT INTO AstroSchema.Employees (EmployeeName, EmployeeSurname) VALUES ('Bonnie', 'Robertson');
INSERT INTO AstroSchema.Employees (EmployeeName, EmployeeSurname) VALUES ('Jane', 'King');
INSERT INTO AstroSchema.Employees (EmployeeName, EmployeeSurname) VALUES ('Larry', 'Purcell');
INSERT INTO AstroSchema.Employees (EmployeeName, EmployeeSurname) VALUES ('Sibyl', 'Cross');
INSERT INTO AstroSchema.Employees (EmployeeName, EmployeeSurname) VALUES ('Donna', 'Youngfellow');
INSERT INTO AstroSchema.Employees (EmployeeName, EmployeeSurname) VALUES ('Lydia', 'MacKenzie');
INSERT INTO AstroSchema.Employees (EmployeeName, EmployeeSurname) VALUES ('Paige', 'Swanson');
INSERT INTO AstroSchema.Employees (EmployeeName, EmployeeSurname) VALUES ('Tabitha', 'Patterson');
INSERT INTO AstroSchema.Employees (EmployeeName, EmployeeSurname) VALUES ('Lee', 'Gardner');
INSERT INTO AstroSchema.Employees (EmployeeName, EmployeeSurname) VALUES ('Maria', 'Barnes');
INSERT INTO AstroSchema.Employees (EmployeeName, EmployeeSurname) VALUES ('Caroline', 'LeadbetterIV');
INSERT INTO AstroSchema.Employees (EmployeeName, EmployeeSurname) VALUES ('Christina', 'Birch');
INSERT INTO AstroSchema.Employees (EmployeeName, EmployeeSurname) VALUES ('Brian', 'Kruger');
INSERT INTO AstroSchema.Employees (EmployeeName, EmployeeSurname) VALUES ('Constance', 'Silverman');
INSERT INTO AstroSchema.Employees (EmployeeName, EmployeeSurname) VALUES ('Maria', 'Lessard');
INSERT INTO AstroSchema.Employees (EmployeeName, EmployeeSurname) VALUES ('Lawrence', 'Banks');
INSERT INTO AstroSchema.Employees (EmployeeName, EmployeeSurname) VALUES ('Alexandra', 'Bellflower');
INSERT INTO AstroSchema.Employees (EmployeeName, EmployeeSurname) VALUES ('Gina', 'Walden');
INSERT INTO AstroSchema.Employees (EmployeeName, EmployeeSurname) VALUES ('Felicia', 'Fletcher');
INSERT INTO AstroSchema.Employees (EmployeeName, EmployeeSurname) VALUES ('Amelia', 'Bergman');
INSERT INTO AstroSchema.Employees (EmployeeName, EmployeeSurname) VALUES ('Suzanne', 'Bainbridge');
INSERT INTO AstroSchema.Employees (EmployeeName, EmployeeSurname) VALUES ('Earl', 'Richardson');
INSERT INTO AstroSchema.Employees (EmployeeName, EmployeeSurname) VALUES ('Kenneth', 'Thompson');
INSERT INTO AstroSchema.Employees (EmployeeName, EmployeeSurname) VALUES ('Martin', 'Sandler');
INSERT INTO AstroSchema.Employees (EmployeeName, EmployeeSurname) VALUES ('Holly', 'Chaffin');
INSERT INTO AstroSchema.Employees (EmployeeName, EmployeeSurname) VALUES ('Ethan', 'Smith');
INSERT INTO AstroSchema.Employees (EmployeeName, EmployeeSurname) VALUES ('Deanna', 'Brockbank');
INSERT INTO AstroSchema.Employees (EmployeeName, EmployeeSurname) VALUES ('George', 'McGillis');
INSERT INTO AstroSchema.Employees (EmployeeName, EmployeeSurname) VALUES ('Timothy', 'Olsen');
INSERT INTO AstroSchema.Employees (EmployeeName, EmployeeSurname) VALUES ('Nigel', 'Hudson');
INSERT INTO AstroSchema.Employees (EmployeeName, EmployeeSurname) VALUES ('Ashley', 'Bannister');
INSERT INTO AstroSchema.Employees (EmployeeName, EmployeeSurname) VALUES ('Wallace', 'Kane');
INSERT INTO AstroSchema.Employees (EmployeeName, EmployeeSurname) VALUES ('Tisha', 'Montgomery');
INSERT INTO AstroSchema.Employees (EmployeeName, EmployeeSurname) VALUES ('John', 'Gilligan');
INSERT INTO AstroSchema.Employees (EmployeeName, EmployeeSurname) VALUES ('Alexandra', 'Sheridan');
INSERT INTO AstroSchema.Employees (EmployeeName, EmployeeSurname) VALUES ('Margaret', 'Bixby');
INSERT INTO AstroSchema.Employees (EmployeeName, EmployeeSurname) VALUES ('Claire', 'Novak');
INSERT INTO AstroSchema.Employees (EmployeeName, EmployeeSurname) VALUES ('Eleonor', 'Shields');
INSERT INTO AstroSchema.Employees (EmployeeName, EmployeeSurname) VALUES ('Susan', 'Channing');
INSERT INTO AstroSchema.Employees (EmployeeName, EmployeeSurname) VALUES ('Emma', 'Johnson');
INSERT INTO AstroSchema.Employees (EmployeeName, EmployeeSurname) VALUES ('Kathryn', 'Renaud');
INSERT INTO AstroSchema.Employees (EmployeeName, EmployeeSurname) VALUES ('Darren', 'Whitfield');
INSERT INTO AstroSchema.Employees (EmployeeName, EmployeeSurname) VALUES ('Nelson', 'Cochrane');
INSERT INTO AstroSchema.Employees (EmployeeName, EmployeeSurname) VALUES ('Tabitha', 'Lloyd');
INSERT INTO AstroSchema.Employees (EmployeeName, EmployeeSurname) VALUES ('Tony', 'Kennedy');
INSERT INTO AstroSchema.Employees (EmployeeName, EmployeeSurname) VALUES ('Cynthia', 'Pfaffenbach');
INSERT INTO AstroSchema.Employees (EmployeeName, EmployeeSurname) VALUES ('Vera', 'Fowler');
INSERT INTO AstroSchema.Employees (EmployeeName, EmployeeSurname) VALUES ('Ruth', 'Kingston');
INSERT INTO AstroSchema.Employees (EmployeeName, EmployeeSurname) VALUES ('Candace', 'Decker');
INSERT INTO AstroSchema.Employees (EmployeeName, EmployeeSurname) VALUES ('Beatrice', 'Salinger');
INSERT INTO AstroSchema.Employees (EmployeeName, EmployeeSurname) VALUES ('Virginia', 'Featherstone');
INSERT INTO AstroSchema.Employees (EmployeeName, EmployeeSurname) VALUES ('Nadine', 'Sedgwick');
INSERT INTO AstroSchema.Employees (EmployeeName, EmployeeSurname) VALUES ('Paula', 'Townsend');
INSERT INTO AstroSchema.Employees (EmployeeName, EmployeeSurname) VALUES ('Percival', 'Kenway');
INSERT INTO AstroSchema.Employees (EmployeeName, EmployeeSurname) VALUES ('Lisa', 'SmithJr');
INSERT INTO AstroSchema.Employees (EmployeeName, EmployeeSurname) VALUES ('Leonard', 'Jones');
INSERT INTO AstroSchema.Employees (EmployeeName, EmployeeSurname) VALUES ('Morton', 'Shaw');
INSERT INTO AstroSchema.Employees (EmployeeName, EmployeeSurname) VALUES ('Carl', 'Bancroft');
INSERT INTO AstroSchema.Employees (EmployeeName, EmployeeSurname) VALUES ('Vance', 'Tipton');
INSERT INTO AstroSchema.Employees (EmployeeName, EmployeeSurname) VALUES ('Angus', 'Shepard');
INSERT INTO AstroSchema.Employees (EmployeeName, EmployeeSurname) VALUES ('Honor', 'Stiles');
INSERT INTO AstroSchema.Employees (EmployeeName, EmployeeSurname) VALUES ('Selina', 'Clancy');
INSERT INTO AstroSchema.Employees (EmployeeName, EmployeeSurname) VALUES ('Grace', 'Bennett');
INSERT INTO AstroSchema.Employees (EmployeeName, EmployeeSurname) VALUES ('Lisa', 'Sedgwick');
INSERT INTO AstroSchema.Employees (EmployeeName, EmployeeSurname) VALUES ('Nelson', 'Lawrence');
INSERT INTO AstroSchema.Employees (EmployeeName, EmployeeSurname) VALUES ('Penny', 'Wilkins');
INSERT INTO AstroSchema.Employees (EmployeeName, EmployeeSurname) VALUES ('Lee', 'Gray');
INSERT INTO AstroSchema.Employees (EmployeeName, EmployeeSurname) VALUES ('Patrick', 'Futterman');
INSERT INTO AstroSchema.Employees (EmployeeName, EmployeeSurname) VALUES ('Doris', 'Kane');
INSERT INTO AstroSchema.Employees (EmployeeName, EmployeeSurname) VALUES ('Nancy', 'Jennings');
INSERT INTO AstroSchema.Employees (EmployeeName, EmployeeSurname) VALUES ('Zack', 'Fisher');
INSERT INTO AstroSchema.Employees (EmployeeName, EmployeeSurname) VALUES ('Matilda', 'Pfaffenbach');
INSERT INTO AstroSchema.Employees (EmployeeName, EmployeeSurname) VALUES ('Kevin', 'Johnson');
INSERT INTO AstroSchema.Employees (EmployeeName, EmployeeSurname) VALUES ('Hayden', 'Breckenridge');
INSERT INTO AstroSchema.Employees (EmployeeName, EmployeeSurname) VALUES ('Earl', 'Colbeck');
INSERT INTO AstroSchema.Employees (EmployeeName, EmployeeSurname) VALUES ('Penelope', 'Masterson');
INSERT INTO AstroSchema.Employees (EmployeeName, EmployeeSurname) VALUES ('Loretta', 'Hines');
INSERT INTO AstroSchema.Employees (EmployeeName, EmployeeSurname) VALUES ('Horace', 'Goodwin');
INSERT INTO AstroSchema.Employees (EmployeeName, EmployeeSurname) VALUES ('Kathleen', 'Jenkins');
INSERT INTO AstroSchema.Employees (EmployeeName, EmployeeSurname) VALUES ('Julia', 'TrapierIII');
INSERT INTO AstroSchema.Employees (EmployeeName, EmployeeSurname) VALUES ('David', 'Bean');
INSERT INTO AstroSchema.Employees (EmployeeName, EmployeeSurname) VALUES ('Jackson', 'North');
INSERT INTO AstroSchema.Employees (EmployeeName, EmployeeSurname) VALUES ('Mercedes', 'Austin');
INSERT INTO AstroSchema.Employees (EmployeeName, EmployeeSurname) VALUES ('Jason', 'Hutchinson');
INSERT INTO AstroSchema.Employees (EmployeeName, EmployeeSurname) VALUES ('Claire', 'Nicholas');
INSERT INTO AstroSchema.Employees (EmployeeName, EmployeeSurname) VALUES ('Doreen', 'Haygarth');
INSERT INTO AstroSchema.Employees (EmployeeName, EmployeeSurname) VALUES ('Connor', 'Olsen');
INSERT INTO AstroSchema.Employees (EmployeeName, EmployeeSurname) VALUES ('Harold', 'Kelly');
INSERT INTO AstroSchema.Employees (EmployeeName, EmployeeSurname) VALUES ('Lee', 'Carter');
INSERT INTO AstroSchema.Employees (EmployeeName, EmployeeSurname) VALUES ('Gwen', 'Shepard');
INSERT INTO AstroSchema.Employees (EmployeeName, EmployeeSurname) VALUES ('Miles', 'Hall');
INSERT INTO AstroSchema.Employees (EmployeeName, EmployeeSurname) VALUES ('Vivica', 'Preston');
INSERT INTO AstroSchema.Employees (EmployeeName, EmployeeSurname) VALUES ('Calhoun', 'Scott');
INSERT INTO AstroSchema.Employees (EmployeeName, EmployeeSurname) VALUES ('Olivia', 'Bolton');
INSERT INTO AstroSchema.Employees (EmployeeName, EmployeeSurname) VALUES ('Rosamund', 'Becker');
INSERT INTO AstroSchema.Employees (EmployeeName, EmployeeSurname) VALUES ('Cassandra', 'Baldwin');
INSERT INTO AstroSchema.Employees (EmployeeName, EmployeeSurname) VALUES ('Grace', 'Polk');
INSERT INTO AstroSchema.Employees (EmployeeName, EmployeeSurname) VALUES ('Horatio', 'Welsh');
INSERT INTO AstroSchema.Employees (EmployeeName, EmployeeSurname) VALUES ('Gaylord', 'Shaw');
INSERT INTO AstroSchema.Employees (EmployeeName, EmployeeSurname) VALUES ('Alice', 'Hendricks');
INSERT INTO AstroSchema.Employees (EmployeeName, EmployeeSurname) VALUES ('Ernest', 'Barton');
INSERT INTO AstroSchema.Employees (EmployeeName, EmployeeSurname) VALUES ('Herbert', 'Kirk');
INSERT INTO AstroSchema.Employees (EmployeeName, EmployeeSurname) VALUES ('Constance', 'Hoover');
INSERT INTO AstroSchema.Employees (EmployeeName, EmployeeSurname) VALUES ('Amanda', 'Findley');
INSERT INTO AstroSchema.Employees (EmployeeName, EmployeeSurname) VALUES ('Felix', 'Stanley');
INSERT INTO AstroSchema.Employees (EmployeeName, EmployeeSurname) VALUES ('Paige', 'Page');
INSERT INTO AstroSchema.Employees (EmployeeName, EmployeeSurname) VALUES ('Maxwell', 'Sanders');
INSERT INTO AstroSchema.Employees (EmployeeName, EmployeeSurname) VALUES ('Heather', 'Evans');
INSERT INTO AstroSchema.Employees (EmployeeName, EmployeeSurname) VALUES ('SirMontgomery', 'Penebscott');
INSERT INTO AstroSchema.Employees (EmployeeName, EmployeeSurname) VALUES ('Irving', 'Doggart');
INSERT INTO AstroSchema.Employees (EmployeeName, EmployeeSurname) VALUES ('Teri', 'Taylor');
INSERT INTO AstroSchema.Employees (EmployeeName, EmployeeSurname) VALUES ('Candace', 'Colt');
INSERT INTO AstroSchema.Employees (EmployeeName, EmployeeSurname) VALUES ('Dermot', 'Holden');
INSERT INTO AstroSchema.Employees (EmployeeName, EmployeeSurname) VALUES ('Roxanne', 'Hoover');
INSERT INTO AstroSchema.Employees (EmployeeName, EmployeeSurname) VALUES ('Desmond', 'Patterson');
INSERT INTO AstroSchema.Employees (EmployeeName, EmployeeSurname) VALUES ('Timothy', 'Hazelton');
INSERT INTO AstroSchema.Employees (EmployeeName, EmployeeSurname) VALUES ('Teri', 'Longfield');
INSERT INTO AstroSchema.Employees (EmployeeName, EmployeeSurname) VALUES ('Ben', 'Simpson');
INSERT INTO AstroSchema.Employees (EmployeeName, EmployeeSurname) VALUES ('Candace', 'Warner');
INSERT INTO AstroSchema.Employees (EmployeeName, EmployeeSurname) VALUES ('Robin', 'Penebscott');
INSERT INTO AstroSchema.Employees (EmployeeName, EmployeeSurname) VALUES ('Dennis', 'Baird');
INSERT INTO AstroSchema.Employees (EmployeeName, EmployeeSurname) VALUES ('Margaret', 'Tucker');
INSERT INTO AstroSchema.Employees (EmployeeName, EmployeeSurname) VALUES ('James', 'Alexander');
INSERT INTO AstroSchema.Employees (EmployeeName, EmployeeSurname) VALUES ('Erica', 'Buxton');
INSERT INTO AstroSchema.Employees (EmployeeName, EmployeeSurname) VALUES ('Thelma', 'Myers');
INSERT INTO AstroSchema.Employees (EmployeeName, EmployeeSurname) VALUES ('Arthur', 'Lindsay');
INSERT INTO AstroSchema.Employees (EmployeeName, EmployeeSurname) VALUES ('Pamela', 'Colt');
INSERT INTO AstroSchema.Employees (EmployeeName, EmployeeSurname) VALUES ('Albert', 'Shoebottom');
INSERT INTO AstroSchema.Employees (EmployeeName, EmployeeSurname) VALUES ('Nicholas', 'ScottJr');
INSERT INTO AstroSchema.Employees (EmployeeName, EmployeeSurname) VALUES ('Emily', 'Lynch');
INSERT INTO AstroSchema.Employees (EmployeeName, EmployeeSurname) VALUES ('Xavier', 'York');
INSERT INTO AstroSchema.Employees (EmployeeName, EmployeeSurname) VALUES ('Ben', 'Marsh');
INSERT INTO AstroSchema.Employees (EmployeeName, EmployeeSurname) VALUES ('Dermot', 'Penebscott');
INSERT INTO AstroSchema.Employees (EmployeeName, EmployeeSurname) VALUES ('Diane', 'McAllister');
INSERT INTO AstroSchema.Employees (EmployeeName, EmployeeSurname) VALUES ('Frank', 'Cairns');
INSERT INTO AstroSchema.Employees (EmployeeName, EmployeeSurname) VALUES ('Walter', 'WalkerJr');
INSERT INTO AstroSchema.Employees (EmployeeName, EmployeeSurname) VALUES ('Karla', 'Wright');
INSERT INTO AstroSchema.Employees (EmployeeName, EmployeeSurname) VALUES ('Angela', 'Lynch');
INSERT INTO AstroSchema.Employees (EmployeeName, EmployeeSurname) VALUES ('Leonard', 'Muldoon');
INSERT INTO AstroSchema.Employees (EmployeeName, EmployeeSurname) VALUES ('Oliver', 'BarksdaleIII');
INSERT INTO AstroSchema.Employees (EmployeeName, EmployeeSurname) VALUES ('Marvin', 'Sutherland');
INSERT INTO AstroSchema.Employees (EmployeeName, EmployeeSurname) VALUES ('Ambrose', 'McCoy');
INSERT INTO AstroSchema.Employees (EmployeeName, EmployeeSurname) VALUES ('Gene', 'Knox');
INSERT INTO AstroSchema.Employees (EmployeeName, EmployeeSurname) VALUES ('Alexander', 'Kenway');
INSERT INTO AstroSchema.Employees (EmployeeName, EmployeeSurname) VALUES ('Constance', 'Baldwin');
INSERT INTO AstroSchema.Employees (EmployeeName, EmployeeSurname) VALUES ('Megan', 'Sandford');
INSERT INTO AstroSchema.Employees (EmployeeName, EmployeeSurname) VALUES ('Kathleen', 'Kellerman');
INSERT INTO AstroSchema.Employees (EmployeeName, EmployeeSurname) VALUES ('Rodney', 'Kirby');
INSERT INTO AstroSchema.Employees (EmployeeName, EmployeeSurname) VALUES ('Julianne', 'Webb');
INSERT INTO AstroSchema.Employees (EmployeeName, EmployeeSurname) VALUES ('Reginald', 'SmithJr');
INSERT INTO AstroSchema.Employees (EmployeeName, EmployeeSurname) VALUES ('Kristen', 'Holt');
INSERT INTO AstroSchema.Employees (EmployeeName, EmployeeSurname) VALUES ('Winona', 'Reilly');
INSERT INTO AstroSchema.Employees (EmployeeName, EmployeeSurname) VALUES ('Edmund', 'Haddock');
INSERT INTO AstroSchema.Employees (EmployeeName, EmployeeSurname) VALUES ('Cliff', 'Snider');
INSERT INTO AstroSchema.Employees (EmployeeName, EmployeeSurname) VALUES ('Melvin', 'Darling');
INSERT INTO AstroSchema.Employees (EmployeeName, EmployeeSurname) VALUES ('Rhonda', 'Shields');
INSERT INTO AstroSchema.Employees (EmployeeName, EmployeeSurname) VALUES ('Erica', 'Carlyle');
INSERT INTO AstroSchema.Employees (EmployeeName, EmployeeSurname) VALUES ('Simon', 'Clark');
INSERT INTO AstroSchema.Employees (EmployeeName, EmployeeSurname) VALUES ('Mallory', 'Kruger');
INSERT INTO AstroSchema.Employees (EmployeeName, EmployeeSurname) VALUES ('Ryan', 'Hansen');
INSERT INTO AstroSchema.Employees (EmployeeName, EmployeeSurname) VALUES ('Derek', 'Shannon');
INSERT INTO AstroSchema.Employees (EmployeeName, EmployeeSurname) VALUES ('Edwina', 'Atkins');
INSERT INTO AstroSchema.Employees (EmployeeName, EmployeeSurname) VALUES ('Nigel', 'Masterson');
INSERT INTO AstroSchema.Employees (EmployeeName, EmployeeSurname) VALUES ('Sabrina', 'Sterling');
INSERT INTO AstroSchema.Employees (EmployeeName, EmployeeSurname) VALUES ('Angus', 'Lankshear');
INSERT INTO AstroSchema.Employees (EmployeeName, EmployeeSurname) VALUES ('Denise', 'Shepard');
INSERT INTO AstroSchema.Employees (EmployeeName, EmployeeSurname) VALUES ('Addison', 'Hooks');
INSERT INTO AstroSchema.Employees (EmployeeName, EmployeeSurname) VALUES ('Larry', 'Cursham');
INSERT INTO AstroSchema.Employees (EmployeeName, EmployeeSurname) VALUES ('Imelda', 'Burton');
INSERT INTO AstroSchema.Employees (EmployeeName, EmployeeSurname) VALUES ('Bradley', 'Perry');
INSERT INTO AstroSchema.Employees (EmployeeName, EmployeeSurname) VALUES ('Joseph', 'Gorney');
INSERT INTO AstroSchema.Employees (EmployeeName, EmployeeSurname) VALUES ('April', 'Milton');
INSERT INTO AstroSchema.Employees (EmployeeName, EmployeeSurname) VALUES ('Nelson', 'Sorensen');
INSERT INTO AstroSchema.Employees (EmployeeName, EmployeeSurname) VALUES ('Emmett', 'Walters');
INSERT INTO AstroSchema.Employees (EmployeeName, EmployeeSurname) VALUES ('Felicia', 'Weyland');
INSERT INTO AstroSchema.Employees (EmployeeName, EmployeeSurname) VALUES ('Ernest', 'Jones');
INSERT INTO AstroSchema.Employees (EmployeeName, EmployeeSurname) VALUES ('Nicole', 'Bergman');
INSERT INTO AstroSchema.Employees (EmployeeName, EmployeeSurname) VALUES ('Margaret', 'Ellis');
INSERT INTO AstroSchema.Employees (EmployeeName, EmployeeSurname) VALUES ('Daphne', 'Hargreaves');
INSERT INTO AstroSchema.Employees (EmployeeName, EmployeeSurname) VALUES ('Nadine', 'Rawson');
INSERT INTO AstroSchema.Employees (EmployeeName, EmployeeSurname) VALUES ('Shelly', 'Bennett');
INSERT INTO AstroSchema.Employees (EmployeeName, EmployeeSurname) VALUES ('Matthew', 'Handler');
INSERT INTO AstroSchema.Employees (EmployeeName, EmployeeSurname) VALUES ('James', 'Sparks');
INSERT INTO AstroSchema.Employees (EmployeeName, EmployeeSurname) VALUES ('Matilda', 'Funk');
INSERT INTO AstroSchema.Employees (EmployeeName, EmployeeSurname) VALUES ('Desmond', 'Marshall');
INSERT INTO AstroSchema.Employees (EmployeeName, EmployeeSurname) VALUES ('Sarah', 'Stark');
INSERT INTO AstroSchema.Employees (EmployeeName, EmployeeSurname) VALUES ('Virginia', 'Fowler');
INSERT INTO AstroSchema.Employees (EmployeeName, EmployeeSurname) VALUES ('Randall', 'Sparks');
INSERT INTO AstroSchema.Employees (EmployeeName, EmployeeSurname) VALUES ('Travis', 'Wickham');
INSERT INTO AstroSchema.Employees (EmployeeName, EmployeeSurname) VALUES ('Richard', 'Walker');
INSERT INTO AstroSchema.Employees (EmployeeName, EmployeeSurname) VALUES ('Willow', 'Snider');
INSERT INTO AstroSchema.Employees (EmployeeName, EmployeeSurname) VALUES ('Evelyn', 'VanRijn');
INSERT INTO AstroSchema.Employees (EmployeeName, EmployeeSurname) VALUES ('Frances', 'Richardson');
INSERT INTO AstroSchema.Employees (EmployeeName, EmployeeSurname) VALUES ('Grant', 'Morrison');
INSERT INTO AstroSchema.Employees (EmployeeName, EmployeeSurname) VALUES ('Gary', 'Barton');
INSERT INTO AstroSchema.Employees (EmployeeName, EmployeeSurname) VALUES ('Rodney', 'McCoy');
INSERT INTO AstroSchema.Employees (EmployeeName, EmployeeSurname) VALUES ('Ruby', 'Banks');
INSERT INTO AstroSchema.Employees (EmployeeName, EmployeeSurname) VALUES ('Dennis', 'Smith');
INSERT INTO AstroSchema.Employees (EmployeeName, EmployeeSurname) VALUES ('Patrick', 'Griffin');
INSERT INTO AstroSchema.Employees (EmployeeName, EmployeeSurname) VALUES ('Kayla', 'Kowalski');
INSERT INTO AstroSchema.Employees (EmployeeName, EmployeeSurname) VALUES ('Edgar', 'Hutchinson');
INSERT INTO AstroSchema.Employees (EmployeeName, EmployeeSurname) VALUES ('Marilyn', 'Silverman');
INSERT INTO AstroSchema.Employees (EmployeeName, EmployeeSurname) VALUES ('Graham', 'Colbeck');
INSERT INTO AstroSchema.Employees (EmployeeName, EmployeeSurname) VALUES ('Larry', 'Billingsley');
INSERT INTO AstroSchema.Employees (EmployeeName, EmployeeSurname) VALUES ('Elaine', 'McCall');
INSERT INTO AstroSchema.Employees (EmployeeName, EmployeeSurname) VALUES ('Fred', 'Renaud');
INSERT INTO AstroSchema.Employees (EmployeeName, EmployeeSurname) VALUES ('Scott', 'Lowe');
INSERT INTO AstroSchema.Employees (EmployeeName, EmployeeSurname) VALUES ('Duane', 'Allenby');
INSERT INTO AstroSchema.Employees (EmployeeName, EmployeeSurname) VALUES ('Xavier', 'Cox');
INSERT INTO AstroSchema.Employees (EmployeeName, EmployeeSurname) VALUES ('Cecilia', 'Arnold');
INSERT INTO AstroSchema.Employees (EmployeeName, EmployeeSurname) VALUES ('Paul', 'Thompson');
INSERT INTO AstroSchema.Employees (EmployeeName, EmployeeSurname) VALUES ('Hayden', 'Swanson');
INSERT INTO AstroSchema.Employees (EmployeeName, EmployeeSurname) VALUES ('Miles', 'Ericson');
INSERT INTO AstroSchema.Employees (EmployeeName, EmployeeSurname) VALUES ('Wayne', 'Paxton');
INSERT INTO AstroSchema.Employees (EmployeeName, EmployeeSurname) VALUES ('Scarlett', 'Bowden');
INSERT INTO AstroSchema.Employees (EmployeeName, EmployeeSurname) VALUES ('Marcus', 'McGillis');
INSERT INTO AstroSchema.Employees (EmployeeName, EmployeeSurname) VALUES ('Megan', 'Gilligan');
INSERT INTO AstroSchema.Employees (EmployeeName, EmployeeSurname) VALUES ('Suzanne', 'McCall');
INSERT INTO AstroSchema.Employees (EmployeeName, EmployeeSurname) VALUES ('Cooper', 'Pritchard');
INSERT INTO AstroSchema.Employees (EmployeeName, EmployeeSurname) VALUES ('Constance', 'Irwin');
INSERT INTO AstroSchema.Employees (EmployeeName, EmployeeSurname) VALUES ('Meredith', 'Fawcett');
INSERT INTO AstroSchema.Employees (EmployeeName, EmployeeSurname) VALUES ('Teri', 'Brewster');
DECLARE @studyID INT;DECLARE @anomalyID INT;INSERT INTO AstroSchema.Studies (StudyStartDate, StudyEndDate, StudySupervisor) VALUES ('2148-07-01', '2150-03-26', (SELECT EmployeeID FROM AstroSchema.Employees WHERE EmployeeName = 'Alec' AND EmployeeSurname = 'Reinhart'));
SET @studyID = SCOPE_IDENTITY();
INSERT INTO AstroSchema.Anomalies (AnomalyStatus, AnomalyDescription, AnomalyLocation) VALUES ('In Progress', 'Unusually high temperature detected', (SELECT AstroObjectID FROM AstroSchema.AstroObjects WHERE AstroObjectName = 'Cajamere-A-7'));
SET @anomalyID = SCOPE_IDENTITY();
INSERT INTO AstroSchema.StudyStages (StudyID, AnomalyID, StageStartDate, StageEndDate) VALUES (@studyID, @anomalyID, '2145-06-28', '2150-09-14');
INSERT INTO AstroSchema.Anomalies (AnomalyStatus, AnomalyDescription, AnomalyLocation) VALUES ('In Progress', 'Stange waves of unknown origin sweep surface of this body regularly', (SELECT AstroObjectID FROM AstroSchema.AstroObjects WHERE AstroObjectName = 'Clochasaigh-A-4'));
SET @anomalyID = SCOPE_IDENTITY();
INSERT INTO AstroSchema.StudyStages (StudyID, AnomalyID, StageStartDate, StageEndDate) VALUES (@studyID, @anomalyID, '2131-12-19', '2150-04-04');
INSERT INTO AstroSchema.StudyAssignments (StudyID, EmployeeID) VALUES (@studyID, (SELECT EmployeeID FROM AstroSchema.Employees WHERE EmployeeName = 'Jason' AND EmployeeSurname = 'Hutchinson'));
INSERT INTO AstroSchema.StudyAssignments (StudyID, EmployeeID) VALUES (@studyID, (SELECT EmployeeID FROM AstroSchema.Employees WHERE EmployeeName = 'Miles' AND EmployeeSurname = 'Ericson'));
INSERT INTO AstroSchema.StudyAssignments (StudyID, EmployeeID) VALUES (@studyID, (SELECT EmployeeID FROM AstroSchema.Employees WHERE EmployeeName = 'Virginia' AND EmployeeSurname = 'Featherstone'));
INSERT INTO AstroSchema.StudyAssignments (StudyID, EmployeeID) VALUES (@studyID, (SELECT EmployeeID FROM AstroSchema.Employees WHERE EmployeeName = 'Nelson' AND EmployeeSurname = 'Sorensen'));
INSERT INTO AstroSchema.StudyAssignments (StudyID, EmployeeID) VALUES (@studyID, (SELECT EmployeeID FROM AstroSchema.Employees WHERE EmployeeName = 'Teri' AND EmployeeSurname = 'Taylor'));
INSERT INTO AstroSchema.Studies (StudyStartDate, StudyEndDate, StudySupervisor) VALUES ('2145-09-12', '2149-10-06', (SELECT EmployeeID FROM AstroSchema.Employees WHERE EmployeeName = 'Doris' AND EmployeeSurname = 'Kane'));
SET @studyID = SCOPE_IDENTITY();
INSERT INTO AstroSchema.Anomalies (AnomalyStatus, AnomalyDescription, AnomalyLocation) VALUES ('Open', 'Unusual gravitational readings', (SELECT AstroObjectID FROM AstroSchema.AstroObjects WHERE AstroObjectName = 'Ayfriri-D-0'));
SET @anomalyID = SCOPE_IDENTITY();
INSERT INTO AstroSchema.StudyStages (StudyID, AnomalyID, StageStartDate, StageEndDate) VALUES (@studyID, @anomalyID, '2122-09-10', '2150-02-17');
INSERT INTO AstroSchema.Anomalies (AnomalyStatus, AnomalyDescription, AnomalyLocation) VALUES ('In Progress', 'This body has a very eccentric orbit', (SELECT AstroObjectID FROM AstroSchema.AstroObjects WHERE AstroObjectName = 'Dontaur-A-1'));
SET @anomalyID = SCOPE_IDENTITY();
INSERT INTO AstroSchema.StudyStages (StudyID, AnomalyID, StageStartDate, StageEndDate) VALUES (@studyID, @anomalyID, '2145-03-03', '2150-06-10');
INSERT INTO AstroSchema.Anomalies (AnomalyStatus, AnomalyDescription, AnomalyLocation) VALUES ('Closed', 'Contact with exploration team was lost, reason unknown', (SELECT AstroObjectID FROM AstroSchema.AstroObjects WHERE AstroObjectName = 'Seradon-C-7'));
SET @anomalyID = SCOPE_IDENTITY();
INSERT INTO AstroSchema.StudyStages (StudyID, AnomalyID, StageStartDate, StageEndDate) VALUES (@studyID, @anomalyID, '2143-07-01', '2149-11-05');
INSERT INTO AstroSchema.Anomalies (AnomalyStatus, AnomalyDescription, AnomalyLocation) VALUES ('Closed', 'Abnormal energy readings', (SELECT AstroObjectID FROM AstroSchema.AstroObjects WHERE AstroObjectName = 'Sanach-B'));
SET @anomalyID = SCOPE_IDENTITY();
INSERT INTO AstroSchema.StudyStages (StudyID, AnomalyID, StageStartDate, StageEndDate) VALUES (@studyID, @anomalyID, '2135-05-13', '2150-11-11');
INSERT INTO AstroSchema.Anomalies (AnomalyStatus, AnomalyDescription, AnomalyLocation) VALUES ('Closed', 'Strange sattaellite of unknown origin', (SELECT AstroObjectID FROM AstroSchema.AstroObjects WHERE AstroObjectName = 'Ushminaria-A-3'));
SET @anomalyID = SCOPE_IDENTITY();
INSERT INTO AstroSchema.StudyStages (StudyID, AnomalyID, StageStartDate, StageEndDate) VALUES (@studyID, @anomalyID, '2123-12-23', '2150-09-17');
INSERT INTO AstroSchema.StudyAssignments (StudyID, EmployeeID) VALUES (@studyID, (SELECT EmployeeID FROM AstroSchema.Employees WHERE EmployeeName = 'Lydia' AND EmployeeSurname = 'MacKenzie'));
INSERT INTO AstroSchema.StudyAssignments (StudyID, EmployeeID) VALUES (@studyID, (SELECT EmployeeID FROM AstroSchema.Employees WHERE EmployeeName = 'Teri' AND EmployeeSurname = 'Longfield'));
INSERT INTO AstroSchema.StudyAssignments (StudyID, EmployeeID) VALUES (@studyID, (SELECT EmployeeID FROM AstroSchema.Employees WHERE EmployeeName = 'Nadine' AND EmployeeSurname = 'Sedgwick'));
INSERT INTO AstroSchema.Studies (StudyStartDate, StudyEndDate, StudySupervisor) VALUES ('2148-04-22', '2149-02-19', (SELECT EmployeeID FROM AstroSchema.Employees WHERE EmployeeName = 'Herbert' AND EmployeeSurname = 'Kirk'));
SET @studyID = SCOPE_IDENTITY();
INSERT INTO AstroSchema.Anomalies (AnomalyStatus, AnomalyDescription, AnomalyLocation) VALUES ('In Progress', 'A distress signal was detected form this location', (SELECT AstroObjectID FROM AstroSchema.AstroObjects WHERE AstroObjectName = 'Taiyangshou-A-6'));
SET @anomalyID = SCOPE_IDENTITY();
INSERT INTO AstroSchema.StudyStages (StudyID, AnomalyID, StageStartDate, StageEndDate) VALUES (@studyID, @anomalyID, '2133-08-07', '2149-10-08');
INSERT INTO AstroSchema.StudyAssignments (StudyID, EmployeeID) VALUES (@studyID, (SELECT EmployeeID FROM AstroSchema.Employees WHERE EmployeeName = 'Bonnie' AND EmployeeSurname = 'Whitley'));
INSERT INTO AstroSchema.StudyAssignments (StudyID, EmployeeID) VALUES (@studyID, (SELECT EmployeeID FROM AstroSchema.Employees WHERE EmployeeName = 'Zack' AND EmployeeSurname = 'Fisher'));
INSERT INTO AstroSchema.StudyAssignments (StudyID, EmployeeID) VALUES (@studyID, (SELECT EmployeeID FROM AstroSchema.Employees WHERE EmployeeName = 'Nancy' AND EmployeeSurname = 'Jennings'));
INSERT INTO AstroSchema.StudyAssignments (StudyID, EmployeeID) VALUES (@studyID, (SELECT EmployeeID FROM AstroSchema.Employees WHERE EmployeeName = 'Nadine' AND EmployeeSurname = 'Sedgwick'));
INSERT INTO AstroSchema.Studies (StudyStartDate, StudyEndDate, StudySupervisor) VALUES ('2138-01-09', '2140-01-11', (SELECT EmployeeID FROM AstroSchema.Employees WHERE EmployeeName = 'Margaret' AND EmployeeSurname = 'Ellis'));
SET @studyID = SCOPE_IDENTITY();
INSERT INTO AstroSchema.Anomalies (AnomalyStatus, AnomalyDescription, AnomalyLocation) VALUES ('In Progress', 'What may possibly be an aritificial structure was detected orbiting the body', (SELECT AstroObjectID FROM AstroSchema.AstroObjects WHERE AstroObjectName = 'Tuban-A-2'));
SET @anomalyID = SCOPE_IDENTITY();
INSERT INTO AstroSchema.StudyStages (StudyID, AnomalyID, StageStartDate, StageEndDate) VALUES (@studyID, @anomalyID, '2136-10-06', '2140-07-26');
INSERT INTO AstroSchema.Anomalies (AnomalyStatus, AnomalyDescription, AnomalyLocation) VALUES ('In Progress', 'Unusually high temperature detected', (SELECT AstroObjectID FROM AstroSchema.AstroObjects WHERE AstroObjectName = 'Sarpocchus-B-2'));
SET @anomalyID = SCOPE_IDENTITY();
INSERT INTO AstroSchema.StudyStages (StudyID, AnomalyID, StageStartDate, StageEndDate) VALUES (@studyID, @anomalyID, '2123-06-13', '2141-11-13');
INSERT INTO AstroSchema.Anomalies (AnomalyStatus, AnomalyDescription, AnomalyLocation) VALUES ('Open', 'Unusual gravitational readings', (SELECT AstroObjectID FROM AstroSchema.AstroObjects WHERE AstroObjectName = 'Elissa-A-2'));
SET @anomalyID = SCOPE_IDENTITY();
INSERT INTO AstroSchema.StudyStages (StudyID, AnomalyID, StageStartDate, StageEndDate) VALUES (@studyID, @anomalyID, '2137-11-20', '2144-03-16');
INSERT INTO AstroSchema.Anomalies (AnomalyStatus, AnomalyDescription, AnomalyLocation) VALUES ('Open', 'Unknown object, possibly an automated probe or a ship spotted nearby', (SELECT AstroObjectID FROM AstroSchema.AstroObjects WHERE AstroObjectName = 'Trabalore-C-1'));
SET @anomalyID = SCOPE_IDENTITY();
INSERT INTO AstroSchema.StudyStages (StudyID, AnomalyID, StageStartDate, StageEndDate) VALUES (@studyID, @anomalyID, '2129-11-09', '2143-09-05');
INSERT INTO AstroSchema.StudyAssignments (StudyID, EmployeeID) VALUES (@studyID, (SELECT EmployeeID FROM AstroSchema.Employees WHERE EmployeeName = 'Caroline' AND EmployeeSurname = 'LeadbetterIV'));
INSERT INTO AstroSchema.Studies (StudyStartDate, StudyEndDate, StudySupervisor) VALUES ('2137-12-02', '2147-07-26', (SELECT EmployeeID FROM AstroSchema.Employees WHERE EmployeeName = 'Tyrone' AND EmployeeSurname = 'Vincent'));
SET @studyID = SCOPE_IDENTITY();
INSERT INTO AstroSchema.Anomalies (AnomalyStatus, AnomalyDescription, AnomalyLocation) VALUES ('Closed', 'Unique electromagnetic readings', (SELECT AstroObjectID FROM AstroSchema.AstroObjects WHERE AstroObjectName = 'Gedexus-3'));
SET @anomalyID = SCOPE_IDENTITY();
INSERT INTO AstroSchema.StudyStages (StudyID, AnomalyID, StageStartDate, StageEndDate) VALUES (@studyID, @anomalyID, '2127-01-05', '2149-06-20');
INSERT INTO AstroSchema.Anomalies (AnomalyStatus, AnomalyDescription, AnomalyLocation) VALUES ('Closed', 'This body has a very unusual composition', (SELECT AstroObjectID FROM AstroSchema.AstroObjects WHERE AstroObjectName = 'Onab-D'));
SET @anomalyID = SCOPE_IDENTITY();
INSERT INTO AstroSchema.StudyStages (StudyID, AnomalyID, StageStartDate, StageEndDate) VALUES (@studyID, @anomalyID, '2133-03-02', '2148-08-04');
INSERT INTO AstroSchema.Anomalies (AnomalyStatus, AnomalyDescription, AnomalyLocation) VALUES ('Closed', 'Huge imapct crater left by unknown source detected', (SELECT AstroObjectID FROM AstroSchema.AstroObjects WHERE AstroObjectName = 'Sugeylia-B-1'));
SET @anomalyID = SCOPE_IDENTITY();
INSERT INTO AstroSchema.StudyStages (StudyID, AnomalyID, StageStartDate, StageEndDate) VALUES (@studyID, @anomalyID, '2135-10-09', '2148-11-14');
INSERT INTO AstroSchema.Anomalies (AnomalyStatus, AnomalyDescription, AnomalyLocation) VALUES ('Open', 'A distress signal was detected form this location', (SELECT AstroObjectID FROM AstroSchema.AstroObjects WHERE AstroObjectName = 'Rammas-B'));
SET @anomalyID = SCOPE_IDENTITY();
INSERT INTO AstroSchema.StudyStages (StudyID, AnomalyID, StageStartDate, StageEndDate) VALUES (@studyID, @anomalyID, '2134-01-09', '2147-09-23');
INSERT INTO AstroSchema.Anomalies (AnomalyStatus, AnomalyDescription, AnomalyLocation) VALUES ('In Progress', 'Strange sattaellite of unknown origin', (SELECT AstroObjectID FROM AstroSchema.AstroObjects WHERE AstroObjectName = 'Sarpocchus-C-8'));
SET @anomalyID = SCOPE_IDENTITY();
INSERT INTO AstroSchema.StudyStages (StudyID, AnomalyID, StageStartDate, StageEndDate) VALUES (@studyID, @anomalyID, '2132-06-08', '2149-11-20');
INSERT INTO AstroSchema.StudyAssignments (StudyID, EmployeeID) VALUES (@studyID, (SELECT EmployeeID FROM AstroSchema.Employees WHERE EmployeeName = 'Kenneth' AND EmployeeSurname = 'Thompson'));
INSERT INTO AstroSchema.Studies (StudyStartDate, StudyEndDate, StudySupervisor) VALUES ('2130-07-11', '2145-04-01', (SELECT EmployeeID FROM AstroSchema.Employees WHERE EmployeeName = 'Teri' AND EmployeeSurname = 'Taylor'));
SET @studyID = SCOPE_IDENTITY();
INSERT INTO AstroSchema.Anomalies (AnomalyStatus, AnomalyDescription, AnomalyLocation) VALUES ('In Progress', 'Huge imapct crater left by unknown source detected', (SELECT AstroObjectID FROM AstroSchema.AstroObjects WHERE AstroObjectName = 'Ryl Somot-B'));
SET @anomalyID = SCOPE_IDENTITY();
INSERT INTO AstroSchema.StudyStages (StudyID, AnomalyID, StageStartDate, StageEndDate) VALUES (@studyID, @anomalyID, '2121-05-26', '2150-09-23');
INSERT INTO AstroSchema.StudyAssignments (StudyID, EmployeeID) VALUES (@studyID, (SELECT EmployeeID FROM AstroSchema.Employees WHERE EmployeeName = 'Patrick' AND EmployeeSurname = 'Griffin'));
INSERT INTO AstroSchema.StudyAssignments (StudyID, EmployeeID) VALUES (@studyID, (SELECT EmployeeID FROM AstroSchema.Employees WHERE EmployeeName = 'Simon' AND EmployeeSurname = 'Clark'));
INSERT INTO AstroSchema.Studies (StudyStartDate, StudyEndDate, StudySupervisor) VALUES ('2146-06-16', '2147-11-16', (SELECT EmployeeID FROM AstroSchema.Employees WHERE EmployeeName = 'Alec' AND EmployeeSurname = 'Reinhart'));
SET @studyID = SCOPE_IDENTITY();
INSERT INTO AstroSchema.Anomalies (AnomalyStatus, AnomalyDescription, AnomalyLocation) VALUES ('Open', 'Possible subsurface ocean detected', (SELECT AstroObjectID FROM AstroSchema.AstroObjects WHERE AstroObjectName = 'Trabalore-A-5'));
SET @anomalyID = SCOPE_IDENTITY();
INSERT INTO AstroSchema.StudyStages (StudyID, AnomalyID, StageStartDate, StageEndDate) VALUES (@studyID, @anomalyID, '2125-02-15', '2149-03-12');
INSERT INTO AstroSchema.Anomalies (AnomalyStatus, AnomalyDescription, AnomalyLocation) VALUES ('Closed', 'Unusual gravitational readings', (SELECT AstroObjectID FROM AstroSchema.AstroObjects WHERE AstroObjectName = 'Dontaur-B'));
SET @anomalyID = SCOPE_IDENTITY();
INSERT INTO AstroSchema.StudyStages (StudyID, AnomalyID, StageStartDate, StageEndDate) VALUES (@studyID, @anomalyID, '2143-01-17', '2149-07-22');
INSERT INTO AstroSchema.Anomalies (AnomalyStatus, AnomalyDescription, AnomalyLocation) VALUES ('Open', 'Unusually high temperature detected', (SELECT AstroObjectID FROM AstroSchema.AstroObjects WHERE AstroObjectName = 'Boggor-5'));
SET @anomalyID = SCOPE_IDENTITY();
INSERT INTO AstroSchema.StudyStages (StudyID, AnomalyID, StageStartDate, StageEndDate) VALUES (@studyID, @anomalyID, '2123-08-15', '2149-05-18');
INSERT INTO AstroSchema.StudyAssignments (StudyID, EmployeeID) VALUES (@studyID, (SELECT EmployeeID FROM AstroSchema.Employees WHERE EmployeeName = 'Wallace' AND EmployeeSurname = 'Kane'));
INSERT INTO AstroSchema.StudyAssignments (StudyID, EmployeeID) VALUES (@studyID, (SELECT EmployeeID FROM AstroSchema.Employees WHERE EmployeeName = 'Constance' AND EmployeeSurname = 'Hoover'));
INSERT INTO AstroSchema.Studies (StudyStartDate, StudyEndDate, StudySupervisor) VALUES ('2122-02-25', '2123-02-19', (SELECT EmployeeID FROM AstroSchema.Employees WHERE EmployeeName = 'Miles' AND EmployeeSurname = 'Ericson'));
SET @studyID = SCOPE_IDENTITY();
INSERT INTO AstroSchema.Anomalies (AnomalyStatus, AnomalyDescription, AnomalyLocation) VALUES ('In Progress', 'Unique electromagnetic readings', (SELECT AstroObjectID FROM AstroSchema.AstroObjects WHERE AstroObjectName = 'Japris-C-1'));
SET @anomalyID = SCOPE_IDENTITY();
INSERT INTO AstroSchema.StudyStages (StudyID, AnomalyID, StageStartDate, StageEndDate) VALUES (@studyID, @anomalyID, '2120-03-20', '2150-05-28');
INSERT INTO AstroSchema.StudyAssignments (StudyID, EmployeeID) VALUES (@studyID, (SELECT EmployeeID FROM AstroSchema.Employees WHERE EmployeeName = 'Morton' AND EmployeeSurname = 'Shaw'));
INSERT INTO AstroSchema.StudyAssignments (StudyID, EmployeeID) VALUES (@studyID, (SELECT EmployeeID FROM AstroSchema.Employees WHERE EmployeeName = 'Maria' AND EmployeeSurname = 'Barnes'));
INSERT INTO AstroSchema.StudyAssignments (StudyID, EmployeeID) VALUES (@studyID, (SELECT EmployeeID FROM AstroSchema.Employees WHERE EmployeeName = 'Caitlyn' AND EmployeeSurname = 'Quinn'));
INSERT INTO AstroSchema.Studies (StudyStartDate, StudyEndDate, StudySupervisor) VALUES ('2143-05-15', '2143-07-11', (SELECT EmployeeID FROM AstroSchema.Employees WHERE EmployeeName = 'Beatrice' AND EmployeeSurname = 'Salinger'));
SET @studyID = SCOPE_IDENTITY();
INSERT INTO AstroSchema.Anomalies (AnomalyStatus, AnomalyDescription, AnomalyLocation) VALUES ('Open', 'What may possibly be an aritificial structure was detected orbiting the body', (SELECT AstroObjectID FROM AstroSchema.AstroObjects WHERE AstroObjectName = 'Puntrazed-C-3'));
SET @anomalyID = SCOPE_IDENTITY();
INSERT INTO AstroSchema.StudyStages (StudyID, AnomalyID, StageStartDate, StageEndDate) VALUES (@studyID, @anomalyID, '2142-01-03', '2147-07-28');
INSERT INTO AstroSchema.Anomalies (AnomalyStatus, AnomalyDescription, AnomalyLocation) VALUES ('Open', 'Contact with exploration team was lost, reason unknown', (SELECT AstroObjectID FROM AstroSchema.AstroObjects WHERE AstroObjectName = 'Gloas-F-7'));
SET @anomalyID = SCOPE_IDENTITY();
INSERT INTO AstroSchema.StudyStages (StudyID, AnomalyID, StageStartDate, StageEndDate) VALUES (@studyID, @anomalyID, '2132-04-11', '2149-10-15');
INSERT INTO AstroSchema.Anomalies (AnomalyStatus, AnomalyDescription, AnomalyLocation) VALUES ('Closed', 'Automated probe lost contact with the base, reason unknown', (SELECT AstroObjectID FROM AstroSchema.AstroObjects WHERE AstroObjectName = 'Puntrazed-D-3'));
SET @anomalyID = SCOPE_IDENTITY();
INSERT INTO AstroSchema.StudyStages (StudyID, AnomalyID, StageStartDate, StageEndDate) VALUES (@studyID, @anomalyID, '2134-06-22', '2144-02-26');
INSERT INTO AstroSchema.StudyAssignments (StudyID, EmployeeID) VALUES (@studyID, (SELECT EmployeeID FROM AstroSchema.Employees WHERE EmployeeName = 'Claire' AND EmployeeSurname = 'Buckland'));
INSERT INTO AstroSchema.StudyAssignments (StudyID, EmployeeID) VALUES (@studyID, (SELECT EmployeeID FROM AstroSchema.Employees WHERE EmployeeName = 'Morton' AND EmployeeSurname = 'Shaw'));
INSERT INTO AstroSchema.StudyAssignments (StudyID, EmployeeID) VALUES (@studyID, (SELECT EmployeeID FROM AstroSchema.Employees WHERE EmployeeName = 'Zack' AND EmployeeSurname = 'Fisher'));
INSERT INTO AstroSchema.StudyAssignments (StudyID, EmployeeID) VALUES (@studyID, (SELECT EmployeeID FROM AstroSchema.Employees WHERE EmployeeName = 'Herbert' AND EmployeeSurname = 'Kirk'));
INSERT INTO AstroSchema.StudyAssignments (StudyID, EmployeeID) VALUES (@studyID, (SELECT EmployeeID FROM AstroSchema.Employees WHERE EmployeeName = 'Vivica' AND EmployeeSurname = 'Preston'));
INSERT INTO AstroSchema.Studies (StudyStartDate, StudyEndDate, StudySupervisor) VALUES ('2133-03-12', '2140-07-21', (SELECT EmployeeID FROM AstroSchema.Employees WHERE EmployeeName = 'Pamela' AND EmployeeSurname = 'Colt'));
SET @studyID = SCOPE_IDENTITY();
INSERT INTO AstroSchema.Anomalies (AnomalyStatus, AnomalyDescription, AnomalyLocation) VALUES ('In Progress', 'Unusually low amount of minerals detected', (SELECT AstroObjectID FROM AstroSchema.AstroObjects WHERE AstroObjectName = 'Ovany-A-0'));
SET @anomalyID = SCOPE_IDENTITY();
INSERT INTO AstroSchema.StudyStages (StudyID, AnomalyID, StageStartDate, StageEndDate) VALUES (@studyID, @anomalyID, '2125-10-26', '2143-11-07');
INSERT INTO AstroSchema.Anomalies (AnomalyStatus, AnomalyDescription, AnomalyLocation) VALUES ('Open', 'This body has a very eccentric orbit', (SELECT AstroObjectID FROM AstroSchema.AstroObjects WHERE AstroObjectName = 'Shaula-1'));
SET @anomalyID = SCOPE_IDENTITY();
INSERT INTO AstroSchema.StudyStages (StudyID, AnomalyID, StageStartDate, StageEndDate) VALUES (@studyID, @anomalyID, '2120-08-20', '2145-07-07');
INSERT INTO AstroSchema.StudyAssignments (StudyID, EmployeeID) VALUES (@studyID, (SELECT EmployeeID FROM AstroSchema.Employees WHERE EmployeeName = 'Edgar' AND EmployeeSurname = 'Bell'));
INSERT INTO AstroSchema.Studies (StudyStartDate, StudyEndDate, StudySupervisor) VALUES ('2128-12-02', '2145-08-15', (SELECT EmployeeID FROM AstroSchema.Employees WHERE EmployeeName = 'Lance' AND EmployeeSurname = 'Marshall'));
SET @studyID = SCOPE_IDENTITY();
INSERT INTO AstroSchema.Anomalies (AnomalyStatus, AnomalyDescription, AnomalyLocation) VALUES ('Closed', 'Possible subsurface ocean detected', (SELECT AstroObjectID FROM AstroSchema.AstroObjects WHERE AstroObjectName = 'Ayfriri-C'));
SET @anomalyID = SCOPE_IDENTITY();
INSERT INTO AstroSchema.StudyStages (StudyID, AnomalyID, StageStartDate, StageEndDate) VALUES (@studyID, @anomalyID, '2123-08-15', '2147-09-26');
INSERT INTO AstroSchema.Anomalies (AnomalyStatus, AnomalyDescription, AnomalyLocation) VALUES ('Open', 'This body has a very eccentric orbit', (SELECT AstroObjectID FROM AstroSchema.AstroObjects WHERE AstroObjectName = 'Jhapp-A'));
SET @anomalyID = SCOPE_IDENTITY();
INSERT INTO AstroSchema.StudyStages (StudyID, AnomalyID, StageStartDate, StageEndDate) VALUES (@studyID, @anomalyID, '2123-08-19', '2147-07-06');
INSERT INTO AstroSchema.StudyAssignments (StudyID, EmployeeID) VALUES (@studyID, (SELECT EmployeeID FROM AstroSchema.Employees WHERE EmployeeName = 'Ruby' AND EmployeeSurname = 'Banks'));
INSERT INTO AstroSchema.StudyAssignments (StudyID, EmployeeID) VALUES (@studyID, (SELECT EmployeeID FROM AstroSchema.Employees WHERE EmployeeName = 'Jackie' AND EmployeeSurname = 'Little'));
INSERT INTO AstroSchema.Studies (StudyStartDate, StudyEndDate, StudySupervisor) VALUES ('2141-10-19', '2143-09-26', (SELECT EmployeeID FROM AstroSchema.Employees WHERE EmployeeName = 'Selina' AND EmployeeSurname = 'Harrington'));
SET @studyID = SCOPE_IDENTITY();
INSERT INTO AstroSchema.Anomalies (AnomalyStatus, AnomalyDescription, AnomalyLocation) VALUES ('Closed', 'Unusually low temperature detected', (SELECT AstroObjectID FROM AstroSchema.AstroObjects WHERE AstroObjectName = 'Alpha Canis-0'));
SET @anomalyID = SCOPE_IDENTITY();
INSERT INTO AstroSchema.StudyStages (StudyID, AnomalyID, StageStartDate, StageEndDate) VALUES (@studyID, @anomalyID, '2120-06-15', '2144-02-14');
INSERT INTO AstroSchema.Anomalies (AnomalyStatus, AnomalyDescription, AnomalyLocation) VALUES ('Closed', 'Unusually low amount of minerals detected', (SELECT AstroObjectID FROM AstroSchema.AstroObjects WHERE AstroObjectName = 'Siccon-B-0'));
SET @anomalyID = SCOPE_IDENTITY();
INSERT INTO AstroSchema.StudyStages (StudyID, AnomalyID, StageStartDate, StageEndDate) VALUES (@studyID, @anomalyID, '2136-10-26', '2150-07-20');
INSERT INTO AstroSchema.Anomalies (AnomalyStatus, AnomalyDescription, AnomalyLocation) VALUES ('Closed', 'What may possibly be an aritificial structure was detected orbiting the body', (SELECT AstroObjectID FROM AstroSchema.AstroObjects WHERE AstroObjectName = 'Coggan-6'));
SET @anomalyID = SCOPE_IDENTITY();
INSERT INTO AstroSchema.StudyStages (StudyID, AnomalyID, StageStartDate, StageEndDate) VALUES (@studyID, @anomalyID, '2121-09-23', '2147-02-05');
INSERT INTO AstroSchema.StudyAssignments (StudyID, EmployeeID) VALUES (@studyID, (SELECT EmployeeID FROM AstroSchema.Employees WHERE EmployeeName = 'SirJames' AND EmployeeSurname = 'Bannister'));
INSERT INTO AstroSchema.StudyAssignments (StudyID, EmployeeID) VALUES (@studyID, (SELECT EmployeeID FROM AstroSchema.Employees WHERE EmployeeName = 'Sibyl' AND EmployeeSurname = 'Cross'));
INSERT INTO AstroSchema.StudyAssignments (StudyID, EmployeeID) VALUES (@studyID, (SELECT EmployeeID FROM AstroSchema.Employees WHERE EmployeeName = 'Frank' AND EmployeeSurname = 'Cairns'));
INSERT INTO AstroSchema.Studies (StudyStartDate, StudyEndDate, StudySupervisor) VALUES ('2123-05-19', '2144-03-20', (SELECT EmployeeID FROM AstroSchema.Employees WHERE EmployeeName = 'Gene' AND EmployeeSurname = 'Knox'));
SET @studyID = SCOPE_IDENTITY();
INSERT INTO AstroSchema.Anomalies (AnomalyStatus, AnomalyDescription, AnomalyLocation) VALUES ('Open', 'A distress signal was detected form this location', (SELECT AstroObjectID FROM AstroSchema.AstroObjects WHERE AstroObjectName = 'Kahkonen-A'));
SET @anomalyID = SCOPE_IDENTITY();
INSERT INTO AstroSchema.StudyStages (StudyID, AnomalyID, StageStartDate, StageEndDate) VALUES (@studyID, @anomalyID, '2122-11-22', '2148-06-24');
INSERT INTO AstroSchema.Anomalies (AnomalyStatus, AnomalyDescription, AnomalyLocation) VALUES ('Closed', 'This body has a very eccentric orbit', (SELECT AstroObjectID FROM AstroSchema.AstroObjects WHERE AstroObjectName = 'Acramalo-C-2'));
SET @anomalyID = SCOPE_IDENTITY();
INSERT INTO AstroSchema.StudyStages (StudyID, AnomalyID, StageStartDate, StageEndDate) VALUES (@studyID, @anomalyID, '2120-12-26', '2145-10-03');
INSERT INTO AstroSchema.Anomalies (AnomalyStatus, AnomalyDescription, AnomalyLocation) VALUES ('Open', 'Strange sattaellite of unknown origin', (SELECT AstroObjectID FROM AstroSchema.AstroObjects WHERE AstroObjectName = 'Derellis-A-5'));
SET @anomalyID = SCOPE_IDENTITY();
INSERT INTO AstroSchema.StudyStages (StudyID, AnomalyID, StageStartDate, StageEndDate) VALUES (@studyID, @anomalyID, '2122-07-01', '2147-03-07');
INSERT INTO AstroSchema.Anomalies (AnomalyStatus, AnomalyDescription, AnomalyLocation) VALUES ('In Progress', 'What may possibly be an aritificial structure was detected orbiting the body', (SELECT AstroObjectID FROM AstroSchema.AstroObjects WHERE AstroObjectName = 'Bir-A'));
SET @anomalyID = SCOPE_IDENTITY();
INSERT INTO AstroSchema.StudyStages (StudyID, AnomalyID, StageStartDate, StageEndDate) VALUES (@studyID, @anomalyID, '2120-10-26', '2147-07-14');
INSERT INTO AstroSchema.Anomalies (AnomalyStatus, AnomalyDescription, AnomalyLocation) VALUES ('Open', 'Huge asteroid, possibly rich in minerals', (SELECT AstroObjectID FROM AstroSchema.AstroObjects WHERE AstroObjectName = 'Kornephoros-C-0'));
SET @anomalyID = SCOPE_IDENTITY();
INSERT INTO AstroSchema.StudyStages (StudyID, AnomalyID, StageStartDate, StageEndDate) VALUES (@studyID, @anomalyID, '2122-03-25', '2147-10-14');
INSERT INTO AstroSchema.StudyAssignments (StudyID, EmployeeID) VALUES (@studyID, (SELECT EmployeeID FROM AstroSchema.Employees WHERE EmployeeName = 'Heather' AND EmployeeSurname = 'Evans'));
INSERT INTO AstroSchema.StudyAssignments (StudyID, EmployeeID) VALUES (@studyID, (SELECT EmployeeID FROM AstroSchema.Employees WHERE EmployeeName = 'Gwen' AND EmployeeSurname = 'Holloway'));
INSERT INTO AstroSchema.StudyAssignments (StudyID, EmployeeID) VALUES (@studyID, (SELECT EmployeeID FROM AstroSchema.Employees WHERE EmployeeName = 'Derek' AND EmployeeSurname = 'Shannon'));
INSERT INTO AstroSchema.Studies (StudyStartDate, StudyEndDate, StudySupervisor) VALUES ('2122-02-04', '2125-10-03', (SELECT EmployeeID FROM AstroSchema.Employees WHERE EmployeeName = 'Selina' AND EmployeeSurname = 'Clancy'));
SET @studyID = SCOPE_IDENTITY();
INSERT INTO AstroSchema.Anomalies (AnomalyStatus, AnomalyDescription, AnomalyLocation) VALUES ('In Progress', 'Unusually low amount of minerals detected', (SELECT AstroObjectID FROM AstroSchema.AstroObjects WHERE AstroObjectName = 'Ablapus-E-4'));
SET @anomalyID = SCOPE_IDENTITY();
INSERT INTO AstroSchema.StudyStages (StudyID, AnomalyID, StageStartDate, StageEndDate) VALUES (@studyID, @anomalyID, '2120-11-04', '2142-03-13');
INSERT INTO AstroSchema.Anomalies (AnomalyStatus, AnomalyDescription, AnomalyLocation) VALUES ('In Progress', 'Automated probe lost contact with the base, reason unknown', (SELECT AstroObjectID FROM AstroSchema.AstroObjects WHERE AstroObjectName = 'Jhapp-D-5'));
SET @anomalyID = SCOPE_IDENTITY();
INSERT INTO AstroSchema.StudyStages (StudyID, AnomalyID, StageStartDate, StageEndDate) VALUES (@studyID, @anomalyID, '2120-07-06', '2141-04-04');
INSERT INTO AstroSchema.StudyAssignments (StudyID, EmployeeID) VALUES (@studyID, (SELECT EmployeeID FROM AstroSchema.Employees WHERE EmployeeName = 'Loretta' AND EmployeeSurname = 'Hines'));
INSERT INTO AstroSchema.StudyAssignments (StudyID, EmployeeID) VALUES (@studyID, (SELECT EmployeeID FROM AstroSchema.Employees WHERE EmployeeName = 'Dermot' AND EmployeeSurname = 'Holden'));
INSERT INTO AstroSchema.StudyAssignments (StudyID, EmployeeID) VALUES (@studyID, (SELECT EmployeeID FROM AstroSchema.Employees WHERE EmployeeName = 'Douglas' AND EmployeeSurname = 'Merchant'));
INSERT INTO AstroSchema.StudyAssignments (StudyID, EmployeeID) VALUES (@studyID, (SELECT EmployeeID FROM AstroSchema.Employees WHERE EmployeeName = 'Addison' AND EmployeeSurname = 'Hooks'));
INSERT INTO AstroSchema.Studies (StudyStartDate, StudyEndDate, StudySupervisor) VALUES ('2143-03-15', '2145-08-21', (SELECT EmployeeID FROM AstroSchema.Employees WHERE EmployeeName = 'Nancy' AND EmployeeSurname = 'Colt'));
SET @studyID = SCOPE_IDENTITY();
INSERT INTO AstroSchema.Anomalies (AnomalyStatus, AnomalyDescription, AnomalyLocation) VALUES ('In Progress', 'Abnormal energy readings', (SELECT AstroObjectID FROM AstroSchema.AstroObjects WHERE AstroObjectName = 'Shorax-A-0'));
SET @anomalyID = SCOPE_IDENTITY();
INSERT INTO AstroSchema.StudyStages (StudyID, AnomalyID, StageStartDate, StageEndDate) VALUES (@studyID, @anomalyID, '2122-07-20', '2146-05-24');
INSERT INTO AstroSchema.Anomalies (AnomalyStatus, AnomalyDescription, AnomalyLocation) VALUES ('In Progress', 'What may possibly be an aritificial structure was detected orbiting the body', (SELECT AstroObjectID FROM AstroSchema.AstroObjects WHERE AstroObjectName = 'Salluria-B-0'));
SET @anomalyID = SCOPE_IDENTITY();
INSERT INTO AstroSchema.StudyStages (StudyID, AnomalyID, StageStartDate, StageEndDate) VALUES (@studyID, @anomalyID, '2130-03-05', '2149-07-03');
INSERT INTO AstroSchema.StudyAssignments (StudyID, EmployeeID) VALUES (@studyID, (SELECT EmployeeID FROM AstroSchema.Employees WHERE EmployeeName = 'Paige' AND EmployeeSurname = 'Page'));
INSERT INTO AstroSchema.StudyAssignments (StudyID, EmployeeID) VALUES (@studyID, (SELECT EmployeeID FROM AstroSchema.Employees WHERE EmployeeName = 'Craig' AND EmployeeSurname = 'Compton'));
INSERT INTO AstroSchema.StudyAssignments (StudyID, EmployeeID) VALUES (@studyID, (SELECT EmployeeID FROM AstroSchema.Employees WHERE EmployeeName = 'Leonard' AND EmployeeSurname = 'Muldoon'));
INSERT INTO AstroSchema.StudyAssignments (StudyID, EmployeeID) VALUES (@studyID, (SELECT EmployeeID FROM AstroSchema.Employees WHERE EmployeeName = 'Louis' AND EmployeeSurname = 'Stark'));
INSERT INTO AstroSchema.Studies (StudyStartDate, StudyEndDate, StudySupervisor) VALUES ('2125-09-01', '2130-11-16', (SELECT EmployeeID FROM AstroSchema.Employees WHERE EmployeeName = 'Ethan' AND EmployeeSurname = 'Smith'));
SET @studyID = SCOPE_IDENTITY();
INSERT INTO AstroSchema.Anomalies (AnomalyStatus, AnomalyDescription, AnomalyLocation) VALUES ('In Progress', 'Unique electromagnetic readings', (SELECT AstroObjectID FROM AstroSchema.AstroObjects WHERE AstroObjectName = 'Eshiuq-B-2'));
SET @anomalyID = SCOPE_IDENTITY();
INSERT INTO AstroSchema.StudyStages (StudyID, AnomalyID, StageStartDate, StageEndDate) VALUES (@studyID, @anomalyID, '2120-10-15', '2132-02-22');
INSERT INTO AstroSchema.Anomalies (AnomalyStatus, AnomalyDescription, AnomalyLocation) VALUES ('Closed', 'A distress signal was detected form this location', (SELECT AstroObjectID FROM AstroSchema.AstroObjects WHERE AstroObjectName = 'Nethupa-B-5'));
SET @anomalyID = SCOPE_IDENTITY();
INSERT INTO AstroSchema.StudyStages (StudyID, AnomalyID, StageStartDate, StageEndDate) VALUES (@studyID, @anomalyID, '2125-06-17', '2136-08-02');
INSERT INTO AstroSchema.StudyAssignments (StudyID, EmployeeID) VALUES (@studyID, (SELECT EmployeeID FROM AstroSchema.Employees WHERE EmployeeName = 'Alexandra' AND EmployeeSurname = 'Sheridan'));
INSERT INTO AstroSchema.StudyAssignments (StudyID, EmployeeID) VALUES (@studyID, (SELECT EmployeeID FROM AstroSchema.Employees WHERE EmployeeName = 'Lisa' AND EmployeeSurname = 'Sedgwick'));
INSERT INTO AstroSchema.StudyAssignments (StudyID, EmployeeID) VALUES (@studyID, (SELECT EmployeeID FROM AstroSchema.Employees WHERE EmployeeName = 'Mallory' AND EmployeeSurname = 'Kruger'));
INSERT INTO AstroSchema.Studies (StudyStartDate, StudyEndDate, StudySupervisor) VALUES ('2145-11-08', '2147-07-24', (SELECT EmployeeID FROM AstroSchema.Employees WHERE EmployeeName = 'Christina' AND EmployeeSurname = 'Birch'));
SET @studyID = SCOPE_IDENTITY();
INSERT INTO AstroSchema.Anomalies (AnomalyStatus, AnomalyDescription, AnomalyLocation) VALUES ('Closed', 'Automated probe lost contact with the base, reason unknown', (SELECT AstroObjectID FROM AstroSchema.AstroObjects WHERE AstroObjectName = 'Betria-B-8'));
SET @anomalyID = SCOPE_IDENTITY();
INSERT INTO AstroSchema.StudyStages (StudyID, AnomalyID, StageStartDate, StageEndDate) VALUES (@studyID, @anomalyID, '2138-08-20', '2150-04-05');
INSERT INTO AstroSchema.Anomalies (AnomalyStatus, AnomalyDescription, AnomalyLocation) VALUES ('Open', 'Possible subsurface ocean detected', (SELECT AstroObjectID FROM AstroSchema.AstroObjects WHERE AstroObjectName = 'Olfete-0'));
SET @anomalyID = SCOPE_IDENTITY();
INSERT INTO AstroSchema.StudyStages (StudyID, AnomalyID, StageStartDate, StageEndDate) VALUES (@studyID, @anomalyID, '2122-09-18', '2149-08-20');
INSERT INTO AstroSchema.Anomalies (AnomalyStatus, AnomalyDescription, AnomalyLocation) VALUES ('In Progress', 'What may possibly be an aritificial structure was detected orbiting the body', (SELECT AstroObjectID FROM AstroSchema.AstroObjects WHERE AstroObjectName = 'Scottica-A-4'));
SET @anomalyID = SCOPE_IDENTITY();
INSERT INTO AstroSchema.StudyStages (StudyID, AnomalyID, StageStartDate, StageEndDate) VALUES (@studyID, @anomalyID, '2124-05-15', '2147-08-07');
INSERT INTO AstroSchema.Anomalies (AnomalyStatus, AnomalyDescription, AnomalyLocation) VALUES ('Closed', 'What may possibly be an aritificial structure was detected orbiting the body', (SELECT AstroObjectID FROM AstroSchema.AstroObjects WHERE AstroObjectName = 'Dabih-B'));
SET @anomalyID = SCOPE_IDENTITY();
INSERT INTO AstroSchema.StudyStages (StudyID, AnomalyID, StageStartDate, StageEndDate) VALUES (@studyID, @anomalyID, '2131-09-11', '2148-09-07');
INSERT INTO AstroSchema.StudyAssignments (StudyID, EmployeeID) VALUES (@studyID, (SELECT EmployeeID FROM AstroSchema.Employees WHERE EmployeeName = 'Lawrence' AND EmployeeSurname = 'Banks'));
INSERT INTO AstroSchema.StudyAssignments (StudyID, EmployeeID) VALUES (@studyID, (SELECT EmployeeID FROM AstroSchema.Employees WHERE EmployeeName = 'Kevin' AND EmployeeSurname = 'Johnson'));
INSERT INTO AstroSchema.StudyAssignments (StudyID, EmployeeID) VALUES (@studyID, (SELECT EmployeeID FROM AstroSchema.Employees WHERE EmployeeName = 'Evelyn' AND EmployeeSurname = 'VanRijn'));
INSERT INTO AstroSchema.Studies (StudyStartDate, StudyEndDate, StudySupervisor) VALUES ('2125-08-25', '2139-08-10', (SELECT EmployeeID FROM AstroSchema.Employees WHERE EmployeeName = 'Gabriella' AND EmployeeSurname = 'Perkins'));
SET @studyID = SCOPE_IDENTITY();
INSERT INTO AstroSchema.Anomalies (AnomalyStatus, AnomalyDescription, AnomalyLocation) VALUES ('Open', 'Unusually low amount of minerals detected', (SELECT AstroObjectID FROM AstroSchema.AstroObjects WHERE AstroObjectName = 'Jomel-1'));
SET @anomalyID = SCOPE_IDENTITY();
INSERT INTO AstroSchema.StudyStages (StudyID, AnomalyID, StageStartDate, StageEndDate) VALUES (@studyID, @anomalyID, '2124-04-22', '2150-04-16');
INSERT INTO AstroSchema.Anomalies (AnomalyStatus, AnomalyDescription, AnomalyLocation) VALUES ('Closed', 'Unusually high temperature detected', (SELECT AstroObjectID FROM AstroSchema.AstroObjects WHERE AstroObjectName = 'Ushminaria-A-1'));
SET @anomalyID = SCOPE_IDENTITY();
INSERT INTO AstroSchema.StudyStages (StudyID, AnomalyID, StageStartDate, StageEndDate) VALUES (@studyID, @anomalyID, '2125-07-20', '2145-07-22');
INSERT INTO AstroSchema.Anomalies (AnomalyStatus, AnomalyDescription, AnomalyLocation) VALUES ('Open', 'Unusually low amount of minerals detected', (SELECT AstroObjectID FROM AstroSchema.AstroObjects WHERE AstroObjectName = 'Takhvan-2'));
SET @anomalyID = SCOPE_IDENTITY();
INSERT INTO AstroSchema.StudyStages (StudyID, AnomalyID, StageStartDate, StageEndDate) VALUES (@studyID, @anomalyID, '2125-08-20', '2141-08-08');
INSERT INTO AstroSchema.StudyAssignments (StudyID, EmployeeID) VALUES (@studyID, (SELECT EmployeeID FROM AstroSchema.Employees WHERE EmployeeName = 'Erica' AND EmployeeSurname = 'Carlyle'));
INSERT INTO AstroSchema.StudyAssignments (StudyID, EmployeeID) VALUES (@studyID, (SELECT EmployeeID FROM AstroSchema.Employees WHERE EmployeeName = 'Cynthia' AND EmployeeSurname = 'Pfaffenbach'));
INSERT INTO AstroSchema.StudyAssignments (StudyID, EmployeeID) VALUES (@studyID, (SELECT EmployeeID FROM AstroSchema.Employees WHERE EmployeeName = 'Honor' AND EmployeeSurname = 'Stiles'));
INSERT INTO AstroSchema.StudyAssignments (StudyID, EmployeeID) VALUES (@studyID, (SELECT EmployeeID FROM AstroSchema.Employees WHERE EmployeeName = 'Conan' AND EmployeeSurname = 'Hutchins'));
INSERT INTO AstroSchema.StudyAssignments (StudyID, EmployeeID) VALUES (@studyID, (SELECT EmployeeID FROM AstroSchema.Employees WHERE EmployeeName = 'Anna' AND EmployeeSurname = 'Whitley'));
INSERT INTO AstroSchema.Studies (StudyStartDate, StudyEndDate, StudySupervisor) VALUES ('2147-10-07', '2148-09-17', (SELECT EmployeeID FROM AstroSchema.Employees WHERE EmployeeName = 'Amanda' AND EmployeeSurname = 'Findley'));
SET @studyID = SCOPE_IDENTITY();
INSERT INTO AstroSchema.Anomalies (AnomalyStatus, AnomalyDescription, AnomalyLocation) VALUES ('Closed', 'Unusual gravitational readings', (SELECT AstroObjectID FROM AstroSchema.AstroObjects WHERE AstroObjectName = 'Gloas-G-0'));
SET @anomalyID = SCOPE_IDENTITY();
INSERT INTO AstroSchema.StudyStages (StudyID, AnomalyID, StageStartDate, StageEndDate) VALUES (@studyID, @anomalyID, '2141-03-20', '2149-03-06');
INSERT INTO AstroSchema.StudyAssignments (StudyID, EmployeeID) VALUES (@studyID, (SELECT EmployeeID FROM AstroSchema.Employees WHERE EmployeeName = 'Marcus' AND EmployeeSurname = 'McGillis'));
INSERT INTO AstroSchema.StudyAssignments (StudyID, EmployeeID) VALUES (@studyID, (SELECT EmployeeID FROM AstroSchema.Employees WHERE EmployeeName = 'Gwen' AND EmployeeSurname = 'Holloway'));
INSERT INTO AstroSchema.StudyAssignments (StudyID, EmployeeID) VALUES (@studyID, (SELECT EmployeeID FROM AstroSchema.Employees WHERE EmployeeName = 'Nelson' AND EmployeeSurname = 'Lawrence'));
INSERT INTO AstroSchema.Studies (StudyStartDate, StudyEndDate, StudySupervisor) VALUES ('2145-03-27', '2147-01-06', (SELECT EmployeeID FROM AstroSchema.Employees WHERE EmployeeName = 'Nancy' AND EmployeeSurname = 'Colt'));
SET @studyID = SCOPE_IDENTITY();
INSERT INTO AstroSchema.Anomalies (AnomalyStatus, AnomalyDescription, AnomalyLocation) VALUES ('Closed', 'This body has a very unusual composition', (SELECT AstroObjectID FROM AstroSchema.AstroObjects WHERE AstroObjectName = 'Pesch-A-2'));
SET @anomalyID = SCOPE_IDENTITY();
INSERT INTO AstroSchema.StudyStages (StudyID, AnomalyID, StageStartDate, StageEndDate) VALUES (@studyID, @anomalyID, '2141-04-23', '2148-09-27');
INSERT INTO AstroSchema.Anomalies (AnomalyStatus, AnomalyDescription, AnomalyLocation) VALUES ('Closed', 'Unusual gravitational readings', (SELECT AstroObjectID FROM AstroSchema.AstroObjects WHERE AstroObjectName = 'Shorax-A-2'));
SET @anomalyID = SCOPE_IDENTITY();
INSERT INTO AstroSchema.StudyStages (StudyID, AnomalyID, StageStartDate, StageEndDate) VALUES (@studyID, @anomalyID, '2124-10-20', '2147-09-13');
INSERT INTO AstroSchema.Anomalies (AnomalyStatus, AnomalyDescription, AnomalyLocation) VALUES ('Closed', 'Unusually low temperature detected', (SELECT AstroObjectID FROM AstroSchema.AstroObjects WHERE AstroObjectName = 'Selnoc-A-0'));
SET @anomalyID = SCOPE_IDENTITY();
INSERT INTO AstroSchema.StudyStages (StudyID, AnomalyID, StageStartDate, StageEndDate) VALUES (@studyID, @anomalyID, '2138-08-18', '2150-12-21');
INSERT INTO AstroSchema.Anomalies (AnomalyStatus, AnomalyDescription, AnomalyLocation) VALUES ('Open', 'What may possibly be an aritificial structure was detected orbiting the body', (SELECT AstroObjectID FROM AstroSchema.AstroObjects WHERE AstroObjectName = 'Scottica-B-1'));
SET @anomalyID = SCOPE_IDENTITY();
INSERT INTO AstroSchema.StudyStages (StudyID, AnomalyID, StageStartDate, StageEndDate) VALUES (@studyID, @anomalyID, '2123-12-14', '2148-05-27');
INSERT INTO AstroSchema.Anomalies (AnomalyStatus, AnomalyDescription, AnomalyLocation) VALUES ('Closed', 'Huge imapct crater left by unknown source detected', (SELECT AstroObjectID FROM AstroSchema.AstroObjects WHERE AstroObjectName = 'TVilkait-8'));
SET @anomalyID = SCOPE_IDENTITY();
INSERT INTO AstroSchema.StudyStages (StudyID, AnomalyID, StageStartDate, StageEndDate) VALUES (@studyID, @anomalyID, '2141-02-28', '2148-11-13');
INSERT INTO AstroSchema.StudyAssignments (StudyID, EmployeeID) VALUES (@studyID, (SELECT EmployeeID FROM AstroSchema.Employees WHERE EmployeeName = 'Emmett' AND EmployeeSurname = 'Murray'));
INSERT INTO AstroSchema.Studies (StudyStartDate, StudyEndDate, StudySupervisor) VALUES ('2146-08-16', '2147-06-22', (SELECT EmployeeID FROM AstroSchema.Employees WHERE EmployeeName = 'Edwina' AND EmployeeSurname = 'Wade'));
SET @studyID = SCOPE_IDENTITY();
INSERT INTO AstroSchema.Anomalies (AnomalyStatus, AnomalyDescription, AnomalyLocation) VALUES ('In Progress', 'Unique electromagnetic readings', (SELECT AstroObjectID FROM AstroSchema.AstroObjects WHERE AstroObjectName = 'Gloas-D-0'));
SET @anomalyID = SCOPE_IDENTITY();
INSERT INTO AstroSchema.StudyStages (StudyID, AnomalyID, StageStartDate, StageEndDate) VALUES (@studyID, @anomalyID, '2140-08-26', '2148-12-02');
INSERT INTO AstroSchema.StudyAssignments (StudyID, EmployeeID) VALUES (@studyID, (SELECT EmployeeID FROM AstroSchema.Employees WHERE EmployeeName = 'Lance' AND EmployeeSurname = 'Marshall'));
INSERT INTO AstroSchema.StudyAssignments (StudyID, EmployeeID) VALUES (@studyID, (SELECT EmployeeID FROM AstroSchema.Employees WHERE EmployeeName = 'Xavier' AND EmployeeSurname = 'Cox'));
INSERT INTO AstroSchema.StudyAssignments (StudyID, EmployeeID) VALUES (@studyID, (SELECT EmployeeID FROM AstroSchema.Employees WHERE EmployeeName = 'Kathryn' AND EmployeeSurname = 'Renaud'));
INSERT INTO AstroSchema.Studies (StudyStartDate, StudyEndDate, StudySupervisor) VALUES ('2136-07-15', '2148-06-01', (SELECT EmployeeID FROM AstroSchema.Employees WHERE EmployeeName = 'Cliff' AND EmployeeSurname = 'Snider'));
SET @studyID = SCOPE_IDENTITY();
INSERT INTO AstroSchema.Anomalies (AnomalyStatus, AnomalyDescription, AnomalyLocation) VALUES ('Open', 'Unique electromagnetic readings', (SELECT AstroObjectID FROM AstroSchema.AstroObjects WHERE AstroObjectName = 'Vollonis-B-3'));
SET @anomalyID = SCOPE_IDENTITY();
INSERT INTO AstroSchema.StudyStages (StudyID, AnomalyID, StageStartDate, StageEndDate) VALUES (@studyID, @anomalyID, '2131-12-26', '2149-06-27');
INSERT INTO AstroSchema.Anomalies (AnomalyStatus, AnomalyDescription, AnomalyLocation) VALUES ('Open', 'Abnormal energy readings', (SELECT AstroObjectID FROM AstroSchema.AstroObjects WHERE AstroObjectName = 'Rabinoc-B'));
SET @anomalyID = SCOPE_IDENTITY();
INSERT INTO AstroSchema.StudyStages (StudyID, AnomalyID, StageStartDate, StageEndDate) VALUES (@studyID, @anomalyID, '2123-12-25', '2150-08-02');
INSERT INTO AstroSchema.Anomalies (AnomalyStatus, AnomalyDescription, AnomalyLocation) VALUES ('In Progress', 'Contact with exploration team was lost, reason unknown', (SELECT AstroObjectID FROM AstroSchema.AstroObjects WHERE AstroObjectName = 'Damia-B-0'));
SET @anomalyID = SCOPE_IDENTITY();
INSERT INTO AstroSchema.StudyStages (StudyID, AnomalyID, StageStartDate, StageEndDate) VALUES (@studyID, @anomalyID, '2131-06-10', '2150-12-11');
INSERT INTO AstroSchema.StudyAssignments (StudyID, EmployeeID) VALUES (@studyID, (SELECT EmployeeID FROM AstroSchema.Employees WHERE EmployeeName = 'Margaret' AND EmployeeSurname = 'Tucker'));
INSERT INTO AstroSchema.StudyAssignments (StudyID, EmployeeID) VALUES (@studyID, (SELECT EmployeeID FROM AstroSchema.Employees WHERE EmployeeName = 'Gary' AND EmployeeSurname = 'Barton'));
INSERT INTO AstroSchema.StudyAssignments (StudyID, EmployeeID) VALUES (@studyID, (SELECT EmployeeID FROM AstroSchema.Employees WHERE EmployeeName = 'George' AND EmployeeSurname = 'McGillis'));
INSERT INTO AstroSchema.StudyAssignments (StudyID, EmployeeID) VALUES (@studyID, (SELECT EmployeeID FROM AstroSchema.Employees WHERE EmployeeName = 'Tyrone' AND EmployeeSurname = 'Vincent'));
INSERT INTO AstroSchema.StudyAssignments (StudyID, EmployeeID) VALUES (@studyID, (SELECT EmployeeID FROM AstroSchema.Employees WHERE EmployeeName = 'Grace' AND EmployeeSurname = 'Polk'));
INSERT INTO AstroSchema.Studies (StudyStartDate, StudyEndDate, StudySupervisor) VALUES ('2126-04-08', '2136-01-13', (SELECT EmployeeID FROM AstroSchema.Employees WHERE EmployeeName = 'Larry' AND EmployeeSurname = 'Cursham'));
SET @studyID = SCOPE_IDENTITY();
INSERT INTO AstroSchema.Anomalies (AnomalyStatus, AnomalyDescription, AnomalyLocation) VALUES ('Closed', 'Unique electromagnetic readings', (SELECT AstroObjectID FROM AstroSchema.AstroObjects WHERE AstroObjectName = 'Tuban-A'));
SET @anomalyID = SCOPE_IDENTITY();
INSERT INTO AstroSchema.StudyStages (StudyID, AnomalyID, StageStartDate, StageEndDate) VALUES (@studyID, @anomalyID, '2123-05-22', '2146-07-08');
INSERT INTO AstroSchema.Anomalies (AnomalyStatus, AnomalyDescription, AnomalyLocation) VALUES ('Closed', 'Unknown object, possibly an automated probe or a ship spotted nearby', (SELECT AstroObjectID FROM AstroSchema.AstroObjects WHERE AstroObjectName = 'Ablapus-E-5'));
SET @anomalyID = SCOPE_IDENTITY();
INSERT INTO AstroSchema.StudyStages (StudyID, AnomalyID, StageStartDate, StageEndDate) VALUES (@studyID, @anomalyID, '2125-11-21', '2141-11-10');
INSERT INTO AstroSchema.Anomalies (AnomalyStatus, AnomalyDescription, AnomalyLocation) VALUES ('Closed', 'Contact with exploration team was lost, reason unknown', (SELECT AstroObjectID FROM AstroSchema.AstroObjects WHERE AstroObjectName = 'Selnoc-C-0'));
SET @anomalyID = SCOPE_IDENTITY();
INSERT INTO AstroSchema.StudyStages (StudyID, AnomalyID, StageStartDate, StageEndDate) VALUES (@studyID, @anomalyID, '2122-07-18', '2148-08-16');
INSERT INTO AstroSchema.StudyAssignments (StudyID, EmployeeID) VALUES (@studyID, (SELECT EmployeeID FROM AstroSchema.Employees WHERE EmployeeName = 'Bonnie' AND EmployeeSurname = 'Robertson'));
INSERT INTO AstroSchema.StudyAssignments (StudyID, EmployeeID) VALUES (@studyID, (SELECT EmployeeID FROM AstroSchema.Employees WHERE EmployeeName = 'Margaret' AND EmployeeSurname = 'Bixby'));
INSERT INTO AstroSchema.Studies (StudyStartDate, StudyEndDate, StudySupervisor) VALUES ('2144-09-22', '2150-08-26', (SELECT EmployeeID FROM AstroSchema.Employees WHERE EmployeeName = 'Philippa' AND EmployeeSurname = 'Stewart'));
SET @studyID = SCOPE_IDENTITY();
INSERT INTO AstroSchema.Anomalies (AnomalyStatus, AnomalyDescription, AnomalyLocation) VALUES ('Open', 'Huge imapct crater left by unknown source detected', (SELECT AstroObjectID FROM AstroSchema.AstroObjects WHERE AstroObjectName = 'Rammas-A-4'));
SET @anomalyID = SCOPE_IDENTITY();
INSERT INTO AstroSchema.StudyStages (StudyID, AnomalyID, StageStartDate, StageEndDate) VALUES (@studyID, @anomalyID, '2142-08-19', '2150-09-16');
INSERT INTO AstroSchema.Anomalies (AnomalyStatus, AnomalyDescription, AnomalyLocation) VALUES ('Open', 'This body has a very eccentric orbit', (SELECT AstroObjectID FROM AstroSchema.AstroObjects WHERE AstroObjectName = 'Cirban-G-1'));
SET @anomalyID = SCOPE_IDENTITY();
INSERT INTO AstroSchema.StudyStages (StudyID, AnomalyID, StageStartDate, StageEndDate) VALUES (@studyID, @anomalyID, '2139-07-04', '2150-12-21');
INSERT INTO AstroSchema.Anomalies (AnomalyStatus, AnomalyDescription, AnomalyLocation) VALUES ('In Progress', 'Unknown object, possibly an automated probe or a ship spotted nearby', (SELECT AstroObjectID FROM AstroSchema.AstroObjects WHERE AstroObjectName = 'Cajamere-A-1'));
SET @anomalyID = SCOPE_IDENTITY();
INSERT INTO AstroSchema.StudyStages (StudyID, AnomalyID, StageStartDate, StageEndDate) VALUES (@studyID, @anomalyID, '2133-04-28', '2150-09-19');
INSERT INTO AstroSchema.Anomalies (AnomalyStatus, AnomalyDescription, AnomalyLocation) VALUES ('In Progress', 'Possible subsurface ocean detected', (SELECT AstroObjectID FROM AstroSchema.AstroObjects WHERE AstroObjectName = 'Hlilje-B'));
SET @anomalyID = SCOPE_IDENTITY();
INSERT INTO AstroSchema.StudyStages (StudyID, AnomalyID, StageStartDate, StageEndDate) VALUES (@studyID, @anomalyID, '2143-01-22', '2150-12-12');
INSERT INTO AstroSchema.Anomalies (AnomalyStatus, AnomalyDescription, AnomalyLocation) VALUES ('In Progress', 'Automated probe lost contact with the base, reason unknown', (SELECT AstroObjectID FROM AstroSchema.AstroObjects WHERE AstroObjectName = 'Betria-A'));
SET @anomalyID = SCOPE_IDENTITY();
INSERT INTO AstroSchema.StudyStages (StudyID, AnomalyID, StageStartDate, StageEndDate) VALUES (@studyID, @anomalyID, '2142-01-18', '2150-09-14');
INSERT INTO AstroSchema.StudyAssignments (StudyID, EmployeeID) VALUES (@studyID, (SELECT EmployeeID FROM AstroSchema.Employees WHERE EmployeeName = 'Ethan' AND EmployeeSurname = 'Smith'));
INSERT INTO AstroSchema.StudyAssignments (StudyID, EmployeeID) VALUES (@studyID, (SELECT EmployeeID FROM AstroSchema.Employees WHERE EmployeeName = 'Ernest' AND EmployeeSurname = 'Barton'));
INSERT INTO AstroSchema.StudyAssignments (StudyID, EmployeeID) VALUES (@studyID, (SELECT EmployeeID FROM AstroSchema.Employees WHERE EmployeeName = 'Alexandra' AND EmployeeSurname = 'Sheridan'));
INSERT INTO AstroSchema.StudyAssignments (StudyID, EmployeeID) VALUES (@studyID, (SELECT EmployeeID FROM AstroSchema.Employees WHERE EmployeeName = 'Nelson' AND EmployeeSurname = 'Russell'));
INSERT INTO AstroSchema.StudyAssignments (StudyID, EmployeeID) VALUES (@studyID, (SELECT EmployeeID FROM AstroSchema.Employees WHERE EmployeeName = 'Dennis' AND EmployeeSurname = 'Smith'));
INSERT INTO AstroSchema.Studies (StudyStartDate, StudyEndDate, StudySupervisor) VALUES ('2144-07-13', '2148-08-17', (SELECT EmployeeID FROM AstroSchema.Employees WHERE EmployeeName = 'Oliver' AND EmployeeSurname = 'BarksdaleIII'));
SET @studyID = SCOPE_IDENTITY();
INSERT INTO AstroSchema.Anomalies (AnomalyStatus, AnomalyDescription, AnomalyLocation) VALUES ('Closed', 'Stange waves of unknown origin sweep surface of this body regularly', (SELECT AstroObjectID FROM AstroSchema.AstroObjects WHERE AstroObjectName = 'Grekil-C-1'));
SET @anomalyID = SCOPE_IDENTITY();
INSERT INTO AstroSchema.StudyStages (StudyID, AnomalyID, StageStartDate, StageEndDate) VALUES (@studyID, @anomalyID, '2128-05-17', '2149-01-21');
INSERT INTO AstroSchema.Anomalies (AnomalyStatus, AnomalyDescription, AnomalyLocation) VALUES ('Open', 'Unusual gravitational readings', (SELECT AstroObjectID FROM AstroSchema.AstroObjects WHERE AstroObjectName = 'Puntrazed-D'));
SET @anomalyID = SCOPE_IDENTITY();
INSERT INTO AstroSchema.StudyStages (StudyID, AnomalyID, StageStartDate, StageEndDate) VALUES (@studyID, @anomalyID, '2142-08-11', '2150-05-24');
INSERT INTO AstroSchema.StudyAssignments (StudyID, EmployeeID) VALUES (@studyID, (SELECT EmployeeID FROM AstroSchema.Employees WHERE EmployeeName = 'Wayne' AND EmployeeSurname = 'Paxton'));
INSERT INTO AstroSchema.StudyAssignments (StudyID, EmployeeID) VALUES (@studyID, (SELECT EmployeeID FROM AstroSchema.Employees WHERE EmployeeName = 'Timothy' AND EmployeeSurname = 'Hazelton'));
INSERT INTO AstroSchema.StudyAssignments (StudyID, EmployeeID) VALUES (@studyID, (SELECT EmployeeID FROM AstroSchema.Employees WHERE EmployeeName = 'Sarah' AND EmployeeSurname = 'Stark'));
INSERT INTO AstroSchema.StudyAssignments (StudyID, EmployeeID) VALUES (@studyID, (SELECT EmployeeID FROM AstroSchema.Employees WHERE EmployeeName = 'Emma' AND EmployeeSurname = 'Johnson'));
INSERT INTO AstroSchema.StudyAssignments (StudyID, EmployeeID) VALUES (@studyID, (SELECT EmployeeID FROM AstroSchema.Employees WHERE EmployeeName = 'Brooklyn' AND EmployeeSurname = 'Lockhart'));
INSERT INTO AstroSchema.Studies (StudyStartDate, StudyEndDate, StudySupervisor) VALUES ('2123-12-24', '2124-03-21', (SELECT EmployeeID FROM AstroSchema.Employees WHERE EmployeeName = 'Nicole' AND EmployeeSurname = 'Bergman'));
SET @studyID = SCOPE_IDENTITY();
INSERT INTO AstroSchema.Anomalies (AnomalyStatus, AnomalyDescription, AnomalyLocation) VALUES ('Closed', 'Unusually low amount of minerals detected', (SELECT AstroObjectID FROM AstroSchema.AstroObjects WHERE AstroObjectName = 'Belgium-C-0'));
SET @anomalyID = SCOPE_IDENTITY();
INSERT INTO AstroSchema.StudyStages (StudyID, AnomalyID, StageStartDate, StageEndDate) VALUES (@studyID, @anomalyID, '2120-11-23', '2133-05-25');
INSERT INTO AstroSchema.Anomalies (AnomalyStatus, AnomalyDescription, AnomalyLocation) VALUES ('In Progress', 'Unusually low amount of minerals detected', (SELECT AstroObjectID FROM AstroSchema.AstroObjects WHERE AstroObjectName = 'Jamor-B-4'));
SET @anomalyID = SCOPE_IDENTITY();
INSERT INTO AstroSchema.StudyStages (StudyID, AnomalyID, StageStartDate, StageEndDate) VALUES (@studyID, @anomalyID, '2120-01-20', '2130-03-27');
INSERT INTO AstroSchema.StudyAssignments (StudyID, EmployeeID) VALUES (@studyID, (SELECT EmployeeID FROM AstroSchema.Employees WHERE EmployeeName = 'Margaret' AND EmployeeSurname = 'Ellis'));
INSERT INTO AstroSchema.StudyAssignments (StudyID, EmployeeID) VALUES (@studyID, (SELECT EmployeeID FROM AstroSchema.Employees WHERE EmployeeName = 'Lindsay' AND EmployeeSurname = 'Grimes'));
INSERT INTO AstroSchema.StudyAssignments (StudyID, EmployeeID) VALUES (@studyID, (SELECT EmployeeID FROM AstroSchema.Employees WHERE EmployeeName = 'Philippa' AND EmployeeSurname = 'Stewart'));
INSERT INTO AstroSchema.StudyAssignments (StudyID, EmployeeID) VALUES (@studyID, (SELECT EmployeeID FROM AstroSchema.Employees WHERE EmployeeName = 'Timothy' AND EmployeeSurname = 'Olsen'));
INSERT INTO AstroSchema.Studies (StudyStartDate, StudyEndDate, StudySupervisor) VALUES ('2140-01-07', '2141-11-07', (SELECT EmployeeID FROM AstroSchema.Employees WHERE EmployeeName = 'Carl' AND EmployeeSurname = 'Bancroft'));
SET @studyID = SCOPE_IDENTITY();
INSERT INTO AstroSchema.Anomalies (AnomalyStatus, AnomalyDescription, AnomalyLocation) VALUES ('Closed', 'Strange sattaellite of unknown origin', (SELECT AstroObjectID FROM AstroSchema.AstroObjects WHERE AstroObjectName = 'Merope-A-7'));
SET @anomalyID = SCOPE_IDENTITY();
INSERT INTO AstroSchema.StudyStages (StudyID, AnomalyID, StageStartDate, StageEndDate) VALUES (@studyID, @anomalyID, '2121-12-14', '2149-05-20');
INSERT INTO AstroSchema.Anomalies (AnomalyStatus, AnomalyDescription, AnomalyLocation) VALUES ('Open', 'Unidentified electromagnetic sygnals detected', (SELECT AstroObjectID FROM AstroSchema.AstroObjects WHERE AstroObjectName = 'Scottica-A-3'));
SET @anomalyID = SCOPE_IDENTITY();
INSERT INTO AstroSchema.StudyStages (StudyID, AnomalyID, StageStartDate, StageEndDate) VALUES (@studyID, @anomalyID, '2136-09-22', '2142-05-23');
INSERT INTO AstroSchema.StudyAssignments (StudyID, EmployeeID) VALUES (@studyID, (SELECT EmployeeID FROM AstroSchema.Employees WHERE EmployeeName = 'Penny' AND EmployeeSurname = 'Wilkins'));
INSERT INTO AstroSchema.StudyAssignments (StudyID, EmployeeID) VALUES (@studyID, (SELECT EmployeeID FROM AstroSchema.Employees WHERE EmployeeName = 'Diane' AND EmployeeSurname = 'McAllister'));
INSERT INTO AstroSchema.StudyAssignments (StudyID, EmployeeID) VALUES (@studyID, (SELECT EmployeeID FROM AstroSchema.Employees WHERE EmployeeName = 'Felix' AND EmployeeSurname = 'Stanley'));
INSERT INTO AstroSchema.StudyAssignments (StudyID, EmployeeID) VALUES (@studyID, (SELECT EmployeeID FROM AstroSchema.Employees WHERE EmployeeName = 'Paige' AND EmployeeSurname = 'Page'));
INSERT INTO AstroSchema.StudyAssignments (StudyID, EmployeeID) VALUES (@studyID, (SELECT EmployeeID FROM AstroSchema.Employees WHERE EmployeeName = 'Erin' AND EmployeeSurname = 'Goodman'));
INSERT INTO AstroSchema.Studies (StudyStartDate, StudyEndDate, StudySupervisor) VALUES ('2143-03-13', '2146-01-03', (SELECT EmployeeID FROM AstroSchema.Employees WHERE EmployeeName = 'Kayla' AND EmployeeSurname = 'Burke'));
SET @studyID = SCOPE_IDENTITY();
INSERT INTO AstroSchema.Anomalies (AnomalyStatus, AnomalyDescription, AnomalyLocation) VALUES ('Open', 'Unique electromagnetic readings', (SELECT AstroObjectID FROM AstroSchema.AstroObjects WHERE AstroObjectName = 'Pharrim-C-2'));
SET @anomalyID = SCOPE_IDENTITY();
INSERT INTO AstroSchema.StudyStages (StudyID, AnomalyID, StageStartDate, StageEndDate) VALUES (@studyID, @anomalyID, '2131-04-15', '2146-12-19');
INSERT INTO AstroSchema.Anomalies (AnomalyStatus, AnomalyDescription, AnomalyLocation) VALUES ('Open', 'Contact with exploration team was lost, reason unknown', (SELECT AstroObjectID FROM AstroSchema.AstroObjects WHERE AstroObjectName = 'Betria-B-3'));
SET @anomalyID = SCOPE_IDENTITY();
INSERT INTO AstroSchema.StudyStages (StudyID, AnomalyID, StageStartDate, StageEndDate) VALUES (@studyID, @anomalyID, '2122-06-16', '2150-11-23');
INSERT INTO AstroSchema.Anomalies (AnomalyStatus, AnomalyDescription, AnomalyLocation) VALUES ('Open', 'Strange sattaellite of unknown origin', (SELECT AstroObjectID FROM AstroSchema.AstroObjects WHERE AstroObjectName = 'Edemar-A-3'));
SET @anomalyID = SCOPE_IDENTITY();
INSERT INTO AstroSchema.StudyStages (StudyID, AnomalyID, StageStartDate, StageEndDate) VALUES (@studyID, @anomalyID, '2123-01-18', '2150-03-04');
INSERT INTO AstroSchema.Anomalies (AnomalyStatus, AnomalyDescription, AnomalyLocation) VALUES ('Open', 'Unusual gravitational readings', (SELECT AstroObjectID FROM AstroSchema.AstroObjects WHERE AstroObjectName = 'Hixam-A-0'));
SET @anomalyID = SCOPE_IDENTITY();
INSERT INTO AstroSchema.StudyStages (StudyID, AnomalyID, StageStartDate, StageEndDate) VALUES (@studyID, @anomalyID, '2136-07-14', '2147-02-18');
INSERT INTO AstroSchema.StudyAssignments (StudyID, EmployeeID) VALUES (@studyID, (SELECT EmployeeID FROM AstroSchema.Employees WHERE EmployeeName = 'Donna' AND EmployeeSurname = 'Youngfellow'));
INSERT INTO AstroSchema.StudyAssignments (StudyID, EmployeeID) VALUES (@studyID, (SELECT EmployeeID FROM AstroSchema.Employees WHERE EmployeeName = 'Denise' AND EmployeeSurname = 'Shepard'));
INSERT INTO AstroSchema.StudyAssignments (StudyID, EmployeeID) VALUES (@studyID, (SELECT EmployeeID FROM AstroSchema.Employees WHERE EmployeeName = 'Oliver' AND EmployeeSurname = 'BarksdaleIII'));
INSERT INTO AstroSchema.Studies (StudyStartDate, StudyEndDate, StudySupervisor) VALUES ('2143-02-25', '2150-06-05', (SELECT EmployeeID FROM AstroSchema.Employees WHERE EmployeeName = 'Nelson' AND EmployeeSurname = 'Russell'));
SET @studyID = SCOPE_IDENTITY();
INSERT INTO AstroSchema.Anomalies (AnomalyStatus, AnomalyDescription, AnomalyLocation) VALUES ('Closed', 'Unusual gravitational readings', (SELECT AstroObjectID FROM AstroSchema.AstroObjects WHERE AstroObjectName = 'Ablapus-A'));
SET @anomalyID = SCOPE_IDENTITY();
INSERT INTO AstroSchema.StudyStages (StudyID, AnomalyID, StageStartDate, StageEndDate) VALUES (@studyID, @anomalyID, '2134-06-14', '2150-08-07');
INSERT INTO AstroSchema.Anomalies (AnomalyStatus, AnomalyDescription, AnomalyLocation) VALUES ('Closed', 'Huge asteroid, possibly rich in minerals', (SELECT AstroObjectID FROM AstroSchema.AstroObjects WHERE AstroObjectName = 'Taunrak-D-5'));
SET @anomalyID = SCOPE_IDENTITY();
INSERT INTO AstroSchema.StudyStages (StudyID, AnomalyID, StageStartDate, StageEndDate) VALUES (@studyID, @anomalyID, '2139-10-04', '2150-08-14');
INSERT INTO AstroSchema.Anomalies (AnomalyStatus, AnomalyDescription, AnomalyLocation) VALUES ('Closed', 'Contact with exploration team was lost, reason unknown', (SELECT AstroObjectID FROM AstroSchema.AstroObjects WHERE AstroObjectName = 'Monzun-A-5'));
SET @anomalyID = SCOPE_IDENTITY();
INSERT INTO AstroSchema.StudyStages (StudyID, AnomalyID, StageStartDate, StageEndDate) VALUES (@studyID, @anomalyID, '2141-05-19', '2150-10-21');
INSERT INTO AstroSchema.Anomalies (AnomalyStatus, AnomalyDescription, AnomalyLocation) VALUES ('Open', 'Contact with exploration team was lost, reason unknown', (SELECT AstroObjectID FROM AstroSchema.AstroObjects WHERE AstroObjectName = 'Ebbarmacchus-B-1'));
SET @anomalyID = SCOPE_IDENTITY();
INSERT INTO AstroSchema.StudyStages (StudyID, AnomalyID, StageStartDate, StageEndDate) VALUES (@studyID, @anomalyID, '2137-01-27', '2150-11-22');
INSERT INTO AstroSchema.StudyAssignments (StudyID, EmployeeID) VALUES (@studyID, (SELECT EmployeeID FROM AstroSchema.Employees WHERE EmployeeName = 'Sidney' AND EmployeeSurname = 'Weaver'));
INSERT INTO AstroSchema.StudyAssignments (StudyID, EmployeeID) VALUES (@studyID, (SELECT EmployeeID FROM AstroSchema.Employees WHERE EmployeeName = 'Emmett' AND EmployeeSurname = 'Murray'));
INSERT INTO AstroSchema.StudyAssignments (StudyID, EmployeeID) VALUES (@studyID, (SELECT EmployeeID FROM AstroSchema.Employees WHERE EmployeeName = 'Heather' AND EmployeeSurname = 'Evans'));
INSERT INTO AstroSchema.Studies (StudyStartDate, StudyEndDate, StudySupervisor) VALUES ('2147-10-09', '2150-09-13', (SELECT EmployeeID FROM AstroSchema.Employees WHERE EmployeeName = 'Meredith' AND EmployeeSurname = 'Fawcett'));
SET @studyID = SCOPE_IDENTITY();
INSERT INTO AstroSchema.Anomalies (AnomalyStatus, AnomalyDescription, AnomalyLocation) VALUES ('In Progress', 'Huge asteroid, possibly rich in minerals', (SELECT AstroObjectID FROM AstroSchema.AstroObjects WHERE AstroObjectName = 'Taunrak-D-4'));
SET @anomalyID = SCOPE_IDENTITY();
INSERT INTO AstroSchema.StudyStages (StudyID, AnomalyID, StageStartDate, StageEndDate) VALUES (@studyID, @anomalyID, '2125-12-15', '2150-09-27');
INSERT INTO AstroSchema.Anomalies (AnomalyStatus, AnomalyDescription, AnomalyLocation) VALUES ('Closed', 'Unusually high temperature detected', (SELECT AstroObjectID FROM AstroSchema.AstroObjects WHERE AstroObjectName = 'Saraklis-B-2'));
SET @anomalyID = SCOPE_IDENTITY();
INSERT INTO AstroSchema.StudyStages (StudyID, AnomalyID, StageStartDate, StageEndDate) VALUES (@studyID, @anomalyID, '2146-09-22', '2150-10-15');
INSERT INTO AstroSchema.StudyAssignments (StudyID, EmployeeID) VALUES (@studyID, (SELECT EmployeeID FROM AstroSchema.Employees WHERE EmployeeName = 'Loretta' AND EmployeeSurname = 'Hines'));
INSERT INTO AstroSchema.StudyAssignments (StudyID, EmployeeID) VALUES (@studyID, (SELECT EmployeeID FROM AstroSchema.Employees WHERE EmployeeName = 'Fred' AND EmployeeSurname = 'Renaud'));
INSERT INTO AstroSchema.StudyAssignments (StudyID, EmployeeID) VALUES (@studyID, (SELECT EmployeeID FROM AstroSchema.Employees WHERE EmployeeName = 'Margaret' AND EmployeeSurname = 'Bixby'));
INSERT INTO AstroSchema.StudyAssignments (StudyID, EmployeeID) VALUES (@studyID, (SELECT EmployeeID FROM AstroSchema.Employees WHERE EmployeeName = 'Matilda' AND EmployeeSurname = 'Pfaffenbach'));
INSERT INTO AstroSchema.StudyAssignments (StudyID, EmployeeID) VALUES (@studyID, (SELECT EmployeeID FROM AstroSchema.Employees WHERE EmployeeName = 'Walter' AND EmployeeSurname = 'WalkerJr'));
INSERT INTO AstroSchema.Studies (StudyStartDate, StudyEndDate, StudySupervisor) VALUES ('2139-10-01', '2141-05-18', (SELECT EmployeeID FROM AstroSchema.Employees WHERE EmployeeName = 'Graham' AND EmployeeSurname = 'Colbeck'));
SET @studyID = SCOPE_IDENTITY();
INSERT INTO AstroSchema.Anomalies (AnomalyStatus, AnomalyDescription, AnomalyLocation) VALUES ('Open', 'What may possibly be an aritificial structure was detected orbiting the body', (SELECT AstroObjectID FROM AstroSchema.AstroObjects WHERE AstroObjectName = 'Hiann-C-6'));
SET @anomalyID = SCOPE_IDENTITY();
INSERT INTO AstroSchema.StudyStages (StudyID, AnomalyID, StageStartDate, StageEndDate) VALUES (@studyID, @anomalyID, '2134-07-07', '2147-07-10');
INSERT INTO AstroSchema.Anomalies (AnomalyStatus, AnomalyDescription, AnomalyLocation) VALUES ('Open', 'Unusually low temperature detected', (SELECT AstroObjectID FROM AstroSchema.AstroObjects WHERE AstroObjectName = 'Vollonis-B-7'));
SET @anomalyID = SCOPE_IDENTITY();
INSERT INTO AstroSchema.StudyStages (StudyID, AnomalyID, StageStartDate, StageEndDate) VALUES (@studyID, @anomalyID, '2123-03-27', '2146-12-22');
INSERT INTO AstroSchema.StudyAssignments (StudyID, EmployeeID) VALUES (@studyID, (SELECT EmployeeID FROM AstroSchema.Employees WHERE EmployeeName = 'Vivica' AND EmployeeSurname = 'Preston'));
INSERT INTO AstroSchema.StudyAssignments (StudyID, EmployeeID) VALUES (@studyID, (SELECT EmployeeID FROM AstroSchema.Employees WHERE EmployeeName = 'Olivia' AND EmployeeSurname = 'Bridges'));
INSERT INTO AstroSchema.StudyAssignments (StudyID, EmployeeID) VALUES (@studyID, (SELECT EmployeeID FROM AstroSchema.Employees WHERE EmployeeName = 'Hilary' AND EmployeeSurname = 'Smith'));
INSERT INTO AstroSchema.StudyAssignments (StudyID, EmployeeID) VALUES (@studyID, (SELECT EmployeeID FROM AstroSchema.Employees WHERE EmployeeName = 'Gina' AND EmployeeSurname = 'Walden'));
INSERT INTO AstroSchema.StudyAssignments (StudyID, EmployeeID) VALUES (@studyID, (SELECT EmployeeID FROM AstroSchema.Employees WHERE EmployeeName = 'Basil' AND EmployeeSurname = 'Channing'));
INSERT INTO AstroSchema.Studies (StudyStartDate, StudyEndDate, StudySupervisor) VALUES ('2143-03-12', '2144-04-06', (SELECT EmployeeID FROM AstroSchema.Employees WHERE EmployeeName = 'Zack' AND EmployeeSurname = 'Fisher'));
SET @studyID = SCOPE_IDENTITY();
INSERT INTO AstroSchema.Anomalies (AnomalyStatus, AnomalyDescription, AnomalyLocation) VALUES ('In Progress', 'Abnormal energy readings', (SELECT AstroObjectID FROM AstroSchema.AstroObjects WHERE AstroObjectName = 'Merope-A-8'));
SET @anomalyID = SCOPE_IDENTITY();
INSERT INTO AstroSchema.StudyStages (StudyID, AnomalyID, StageStartDate, StageEndDate) VALUES (@studyID, @anomalyID, '2123-07-07', '2145-09-25');
INSERT INTO AstroSchema.Anomalies (AnomalyStatus, AnomalyDescription, AnomalyLocation) VALUES ('In Progress', 'This body has a very unusual composition', (SELECT AstroObjectID FROM AstroSchema.AstroObjects WHERE AstroObjectName = 'Clochasaigh-A-7'));
SET @anomalyID = SCOPE_IDENTITY();
INSERT INTO AstroSchema.StudyStages (StudyID, AnomalyID, StageStartDate, StageEndDate) VALUES (@studyID, @anomalyID, '2136-02-10', '2150-07-12');
INSERT INTO AstroSchema.StudyAssignments (StudyID, EmployeeID) VALUES (@studyID, (SELECT EmployeeID FROM AstroSchema.Employees WHERE EmployeeName = 'Lee' AND EmployeeSurname = 'Gardner'));
INSERT INTO AstroSchema.StudyAssignments (StudyID, EmployeeID) VALUES (@studyID, (SELECT EmployeeID FROM AstroSchema.Employees WHERE EmployeeName = 'Rodney' AND EmployeeSurname = 'Kirby'));
INSERT INTO AstroSchema.StudyAssignments (StudyID, EmployeeID) VALUES (@studyID, (SELECT EmployeeID FROM AstroSchema.Employees WHERE EmployeeName = 'Gary' AND EmployeeSurname = 'Barton'));
INSERT INTO AstroSchema.StudyAssignments (StudyID, EmployeeID) VALUES (@studyID, (SELECT EmployeeID FROM AstroSchema.Employees WHERE EmployeeName = 'Derek' AND EmployeeSurname = 'Shannon'));
INSERT INTO AstroSchema.StudyAssignments (StudyID, EmployeeID) VALUES (@studyID, (SELECT EmployeeID FROM AstroSchema.Employees WHERE EmployeeName = 'Sabrina' AND EmployeeSurname = 'Sterling'));
INSERT INTO AstroSchema.Studies (StudyStartDate, StudyEndDate, StudySupervisor) VALUES ('2147-01-08', '2150-04-07', (SELECT EmployeeID FROM AstroSchema.Employees WHERE EmployeeName = 'Larry' AND EmployeeSurname = 'Purcell'));
SET @studyID = SCOPE_IDENTITY();
INSERT INTO AstroSchema.Anomalies (AnomalyStatus, AnomalyDescription, AnomalyLocation) VALUES ('Open', 'Unusually low amount of minerals detected', (SELECT AstroObjectID FROM AstroSchema.AstroObjects WHERE AstroObjectName = 'Cirban-E'));
SET @anomalyID = SCOPE_IDENTITY();
INSERT INTO AstroSchema.StudyStages (StudyID, AnomalyID, StageStartDate, StageEndDate) VALUES (@studyID, @anomalyID, '2130-10-20', '2150-05-20');
INSERT INTO AstroSchema.Anomalies (AnomalyStatus, AnomalyDescription, AnomalyLocation) VALUES ('In Progress', 'Huge asteroid, possibly rich in minerals', (SELECT AstroObjectID FROM AstroSchema.AstroObjects WHERE AstroObjectName = 'Nethupa-C'));
SET @anomalyID = SCOPE_IDENTITY();
INSERT INTO AstroSchema.StudyStages (StudyID, AnomalyID, StageStartDate, StageEndDate) VALUES (@studyID, @anomalyID, '2145-03-21', '2150-12-27');
INSERT INTO AstroSchema.StudyAssignments (StudyID, EmployeeID) VALUES (@studyID, (SELECT EmployeeID FROM AstroSchema.Employees WHERE EmployeeName = 'Dermot' AND EmployeeSurname = 'Penebscott'));
INSERT INTO AstroSchema.Studies (StudyStartDate, StudyEndDate, StudySupervisor) VALUES ('2144-12-15', '2148-03-04', (SELECT EmployeeID FROM AstroSchema.Employees WHERE EmployeeName = 'Felix' AND EmployeeSurname = 'Stanley'));
SET @studyID = SCOPE_IDENTITY();
INSERT INTO AstroSchema.Anomalies (AnomalyStatus, AnomalyDescription, AnomalyLocation) VALUES ('In Progress', 'What may possibly be an aritificial structure was detected orbiting the body', (SELECT AstroObjectID FROM AstroSchema.AstroObjects WHERE AstroObjectName = 'Eshiuq-B-2'));
SET @anomalyID = SCOPE_IDENTITY();
INSERT INTO AstroSchema.StudyStages (StudyID, AnomalyID, StageStartDate, StageEndDate) VALUES (@studyID, @anomalyID, '2129-05-27', '2149-12-17');
INSERT INTO AstroSchema.Anomalies (AnomalyStatus, AnomalyDescription, AnomalyLocation) VALUES ('Closed', 'What may possibly be an aritificial structure was detected orbiting the body', (SELECT AstroObjectID FROM AstroSchema.AstroObjects WHERE AstroObjectName = 'Atlas-A-3'));
SET @anomalyID = SCOPE_IDENTITY();
INSERT INTO AstroSchema.StudyStages (StudyID, AnomalyID, StageStartDate, StageEndDate) VALUES (@studyID, @anomalyID, '2136-04-24', '2150-12-24');
INSERT INTO AstroSchema.Anomalies (AnomalyStatus, AnomalyDescription, AnomalyLocation) VALUES ('Open', 'Strange sattaellite of unknown origin', (SELECT AstroObjectID FROM AstroSchema.AstroObjects WHERE AstroObjectName = 'Cirban-C-3'));
SET @anomalyID = SCOPE_IDENTITY();
INSERT INTO AstroSchema.StudyStages (StudyID, AnomalyID, StageStartDate, StageEndDate) VALUES (@studyID, @anomalyID, '2132-11-21', '2150-04-25');
INSERT INTO AstroSchema.StudyAssignments (StudyID, EmployeeID) VALUES (@studyID, (SELECT EmployeeID FROM AstroSchema.Employees WHERE EmployeeName = 'Karla' AND EmployeeSurname = 'Ballard'));
INSERT INTO AstroSchema.Studies (StudyStartDate, StudyEndDate, StudySupervisor) VALUES ('2138-08-03', '2149-06-27', (SELECT EmployeeID FROM AstroSchema.Employees WHERE EmployeeName = 'Kathleen' AND EmployeeSurname = 'Merchant'));
SET @studyID = SCOPE_IDENTITY();
INSERT INTO AstroSchema.Anomalies (AnomalyStatus, AnomalyDescription, AnomalyLocation) VALUES ('Closed', 'Unusually low temperature detected', (SELECT AstroObjectID FROM AstroSchema.AstroObjects WHERE AstroObjectName = 'Saraklis-G'));
SET @anomalyID = SCOPE_IDENTITY();
INSERT INTO AstroSchema.StudyStages (StudyID, AnomalyID, StageStartDate, StageEndDate) VALUES (@studyID, @anomalyID, '2120-06-01', '2149-06-27');
INSERT INTO AstroSchema.Anomalies (AnomalyStatus, AnomalyDescription, AnomalyLocation) VALUES ('In Progress', 'Unique electromagnetic readings', (SELECT AstroObjectID FROM AstroSchema.AstroObjects WHERE AstroObjectName = 'Saraklis-C-3'));
SET @anomalyID = SCOPE_IDENTITY();
INSERT INTO AstroSchema.StudyStages (StudyID, AnomalyID, StageStartDate, StageEndDate) VALUES (@studyID, @anomalyID, '2124-12-11', '2150-07-18');
INSERT INTO AstroSchema.StudyAssignments (StudyID, EmployeeID) VALUES (@studyID, (SELECT EmployeeID FROM AstroSchema.Employees WHERE EmployeeName = 'Matthew' AND EmployeeSurname = 'Handler'));
INSERT INTO AstroSchema.Studies (StudyStartDate, StudyEndDate, StudySupervisor) VALUES ('2133-04-24', '2148-09-02', (SELECT EmployeeID FROM AstroSchema.Employees WHERE EmployeeName = 'Lisa' AND EmployeeSurname = 'Sedgwick'));
SET @studyID = SCOPE_IDENTITY();
INSERT INTO AstroSchema.Anomalies (AnomalyStatus, AnomalyDescription, AnomalyLocation) VALUES ('Closed', 'Huge imapct crater left by unknown source detected', (SELECT AstroObjectID FROM AstroSchema.AstroObjects WHERE AstroObjectName = 'Beta Stefani-A-0'));
SET @anomalyID = SCOPE_IDENTITY();
INSERT INTO AstroSchema.StudyStages (StudyID, AnomalyID, StageStartDate, StageEndDate) VALUES (@studyID, @anomalyID, '2122-01-20', '2149-08-23');
INSERT INTO AstroSchema.Anomalies (AnomalyStatus, AnomalyDescription, AnomalyLocation) VALUES ('In Progress', 'Stange waves of unknown origin sweep surface of this body regularly', (SELECT AstroObjectID FROM AstroSchema.AstroObjects WHERE AstroObjectName = 'Belgium-B'));
SET @anomalyID = SCOPE_IDENTITY();
INSERT INTO AstroSchema.StudyStages (StudyID, AnomalyID, StageStartDate, StageEndDate) VALUES (@studyID, @anomalyID, '2129-02-05', '2150-11-17');
INSERT INTO AstroSchema.Anomalies (AnomalyStatus, AnomalyDescription, AnomalyLocation) VALUES ('Closed', 'Unusual magnetic field detected', (SELECT AstroObjectID FROM AstroSchema.AstroObjects WHERE AstroObjectName = 'Rammas-C'));
SET @anomalyID = SCOPE_IDENTITY();
INSERT INTO AstroSchema.StudyStages (StudyID, AnomalyID, StageStartDate, StageEndDate) VALUES (@studyID, @anomalyID, '2129-12-01', '2149-09-25');
INSERT INTO AstroSchema.Anomalies (AnomalyStatus, AnomalyDescription, AnomalyLocation) VALUES ('Open', 'Unusual gravitational readings', (SELECT AstroObjectID FROM AstroSchema.AstroObjects WHERE AstroObjectName = 'Othriga-D-0'));
SET @anomalyID = SCOPE_IDENTITY();
INSERT INTO AstroSchema.StudyStages (StudyID, AnomalyID, StageStartDate, StageEndDate) VALUES (@studyID, @anomalyID, '2124-03-04', '2150-10-26');
INSERT INTO AstroSchema.Anomalies (AnomalyStatus, AnomalyDescription, AnomalyLocation) VALUES ('Open', 'Possible subsurface ocean detected', (SELECT AstroObjectID FROM AstroSchema.AstroObjects WHERE AstroObjectName = 'Scottica-D-1'));
SET @anomalyID = SCOPE_IDENTITY();
INSERT INTO AstroSchema.StudyStages (StudyID, AnomalyID, StageStartDate, StageEndDate) VALUES (@studyID, @anomalyID, '2121-08-26', '2149-12-11');
INSERT INTO AstroSchema.StudyAssignments (StudyID, EmployeeID) VALUES (@studyID, (SELECT EmployeeID FROM AstroSchema.Employees WHERE EmployeeName = 'Kevin' AND EmployeeSurname = 'Matthews'));
INSERT INTO AstroSchema.StudyAssignments (StudyID, EmployeeID) VALUES (@studyID, (SELECT EmployeeID FROM AstroSchema.Employees WHERE EmployeeName = 'Tisha' AND EmployeeSurname = 'Montgomery'));
INSERT INTO AstroSchema.StudyAssignments (StudyID, EmployeeID) VALUES (@studyID, (SELECT EmployeeID FROM AstroSchema.Employees WHERE EmployeeName = 'Earl' AND EmployeeSurname = 'Richardson'));
INSERT INTO AstroSchema.StudyAssignments (StudyID, EmployeeID) VALUES (@studyID, (SELECT EmployeeID FROM AstroSchema.Employees WHERE EmployeeName = 'Emma' AND EmployeeSurname = 'Johnson'));
INSERT INTO AstroSchema.Studies (StudyStartDate, StudyEndDate, StudySupervisor) VALUES ('2150-10-25', '2150-12-05', (SELECT EmployeeID FROM AstroSchema.Employees WHERE EmployeeName = 'Alexander' AND EmployeeSurname = 'Kenway'));
SET @studyID = SCOPE_IDENTITY();
INSERT INTO AstroSchema.Anomalies (AnomalyStatus, AnomalyDescription, AnomalyLocation) VALUES ('Open', 'Unusual magnetic field detected', (SELECT AstroObjectID FROM AstroSchema.AstroObjects WHERE AstroObjectName = 'Eskellion-4'));
SET @anomalyID = SCOPE_IDENTITY();
INSERT INTO AstroSchema.StudyStages (StudyID, AnomalyID, StageStartDate, StageEndDate) VALUES (@studyID, @anomalyID, '2128-01-17', '2150-12-18');
INSERT INTO AstroSchema.Anomalies (AnomalyStatus, AnomalyDescription, AnomalyLocation) VALUES ('Closed', 'This body has a very eccentric orbit', (SELECT AstroObjectID FROM AstroSchema.AstroObjects WHERE AstroObjectName = 'Arbatraeus-0'));
SET @anomalyID = SCOPE_IDENTITY();
INSERT INTO AstroSchema.StudyStages (StudyID, AnomalyID, StageStartDate, StageEndDate) VALUES (@studyID, @anomalyID, '2131-07-23', '2150-12-24');
INSERT INTO AstroSchema.Anomalies (AnomalyStatus, AnomalyDescription, AnomalyLocation) VALUES ('In Progress', 'Huge imapct crater left by unknown source detected', (SELECT AstroObjectID FROM AstroSchema.AstroObjects WHERE AstroObjectName = 'Gedexus-2'));
SET @anomalyID = SCOPE_IDENTITY();
INSERT INTO AstroSchema.StudyStages (StudyID, AnomalyID, StageStartDate, StageEndDate) VALUES (@studyID, @anomalyID, '2149-05-15', '2150-12-06');
INSERT INTO AstroSchema.StudyAssignments (StudyID, EmployeeID) VALUES (@studyID, (SELECT EmployeeID FROM AstroSchema.Employees WHERE EmployeeName = 'Harold' AND EmployeeSurname = 'Kelly'));
INSERT INTO AstroSchema.StudyAssignments (StudyID, EmployeeID) VALUES (@studyID, (SELECT EmployeeID FROM AstroSchema.Employees WHERE EmployeeName = 'Nelson' AND EmployeeSurname = 'Sorensen'));
INSERT INTO AstroSchema.StudyAssignments (StudyID, EmployeeID) VALUES (@studyID, (SELECT EmployeeID FROM AstroSchema.Employees WHERE EmployeeName = 'Rosamund' AND EmployeeSurname = 'Becker'));
INSERT INTO AstroSchema.StudyAssignments (StudyID, EmployeeID) VALUES (@studyID, (SELECT EmployeeID FROM AstroSchema.Employees WHERE EmployeeName = 'Earl' AND EmployeeSurname = 'Colbeck'));
INSERT INTO AstroSchema.StudyAssignments (StudyID, EmployeeID) VALUES (@studyID, (SELECT EmployeeID FROM AstroSchema.Employees WHERE EmployeeName = 'Lauren' AND EmployeeSurname = 'Pfaffenbach'));
INSERT INTO AstroSchema.Studies (StudyStartDate, StudyEndDate, StudySupervisor) VALUES ('2121-04-03', '2124-10-06', (SELECT EmployeeID FROM AstroSchema.Employees WHERE EmployeeName = 'Wayne' AND EmployeeSurname = 'Paxton'));
SET @studyID = SCOPE_IDENTITY();
INSERT INTO AstroSchema.Anomalies (AnomalyStatus, AnomalyDescription, AnomalyLocation) VALUES ('Closed', 'This body has a very eccentric orbit', (SELECT AstroObjectID FROM AstroSchema.AstroObjects WHERE AstroObjectName = 'Saraklis-B-8'));
SET @anomalyID = SCOPE_IDENTITY();
INSERT INTO AstroSchema.StudyStages (StudyID, AnomalyID, StageStartDate, StageEndDate) VALUES (@studyID, @anomalyID, '2120-06-24', '2129-03-17');
INSERT INTO AstroSchema.Anomalies (AnomalyStatus, AnomalyDescription, AnomalyLocation) VALUES ('In Progress', 'Unusual magnetic field detected', (SELECT AstroObjectID FROM AstroSchema.AstroObjects WHERE AstroObjectName = 'Monzun-A-0'));
SET @anomalyID = SCOPE_IDENTITY();
INSERT INTO AstroSchema.StudyStages (StudyID, AnomalyID, StageStartDate, StageEndDate) VALUES (@studyID, @anomalyID, '2120-01-20', '2137-05-26');
INSERT INTO AstroSchema.StudyAssignments (StudyID, EmployeeID) VALUES (@studyID, (SELECT EmployeeID FROM AstroSchema.Employees WHERE EmployeeName = 'Alexandra' AND EmployeeSurname = 'Sheridan'));
INSERT INTO AstroSchema.StudyAssignments (StudyID, EmployeeID) VALUES (@studyID, (SELECT EmployeeID FROM AstroSchema.Employees WHERE EmployeeName = 'Amelia' AND EmployeeSurname = 'Bergman'));
INSERT INTO AstroSchema.Studies (StudyStartDate, StudyEndDate, StudySupervisor) VALUES ('2130-07-08', '2144-04-14', (SELECT EmployeeID FROM AstroSchema.Employees WHERE EmployeeName = 'Susan' AND EmployeeSurname = 'Channing'));
SET @studyID = SCOPE_IDENTITY();
INSERT INTO AstroSchema.Anomalies (AnomalyStatus, AnomalyDescription, AnomalyLocation) VALUES ('In Progress', 'Unknown object, possibly an automated probe or a ship spotted nearby', (SELECT AstroObjectID FROM AstroSchema.AstroObjects WHERE AstroObjectName = 'Fauetera-B'));
SET @anomalyID = SCOPE_IDENTITY();
INSERT INTO AstroSchema.StudyStages (StudyID, AnomalyID, StageStartDate, StageEndDate) VALUES (@studyID, @anomalyID, '2127-07-27', '2145-08-10');
INSERT INTO AstroSchema.Anomalies (AnomalyStatus, AnomalyDescription, AnomalyLocation) VALUES ('Open', 'Huge imapct crater left by unknown source detected', (SELECT AstroObjectID FROM AstroSchema.AstroObjects WHERE AstroObjectName = 'Felis-B-1'));
SET @anomalyID = SCOPE_IDENTITY();
INSERT INTO AstroSchema.StudyStages (StudyID, AnomalyID, StageStartDate, StageEndDate) VALUES (@studyID, @anomalyID, '2124-05-07', '2149-06-28');
INSERT INTO AstroSchema.Anomalies (AnomalyStatus, AnomalyDescription, AnomalyLocation) VALUES ('Closed', 'Abnormal energy readings', (SELECT AstroObjectID FROM AstroSchema.AstroObjects WHERE AstroObjectName = '-1'));
SET @anomalyID = SCOPE_IDENTITY();
INSERT INTO AstroSchema.StudyStages (StudyID, AnomalyID, StageStartDate, StageEndDate) VALUES (@studyID, @anomalyID, '2129-09-08', '2144-12-11');
INSERT INTO AstroSchema.Anomalies (AnomalyStatus, AnomalyDescription, AnomalyLocation) VALUES ('Open', 'A distress signal was detected form this location', (SELECT AstroObjectID FROM AstroSchema.AstroObjects WHERE AstroObjectName = 'Cajamere-C-0'));
SET @anomalyID = SCOPE_IDENTITY();
INSERT INTO AstroSchema.StudyStages (StudyID, AnomalyID, StageStartDate, StageEndDate) VALUES (@studyID, @anomalyID, '2127-04-28', '2144-05-28');
INSERT INTO AstroSchema.StudyAssignments (StudyID, EmployeeID) VALUES (@studyID, (SELECT EmployeeID FROM AstroSchema.Employees WHERE EmployeeName = 'Scott' AND EmployeeSurname = 'Lowe'));
INSERT INTO AstroSchema.StudyAssignments (StudyID, EmployeeID) VALUES (@studyID, (SELECT EmployeeID FROM AstroSchema.Employees WHERE EmployeeName = 'Margaret' AND EmployeeSurname = 'Ellis'));
INSERT INTO AstroSchema.StudyAssignments (StudyID, EmployeeID) VALUES (@studyID, (SELECT EmployeeID FROM AstroSchema.Employees WHERE EmployeeName = 'Morton' AND EmployeeSurname = 'Shaw'));
INSERT INTO AstroSchema.Studies (StudyStartDate, StudyEndDate, StudySupervisor) VALUES ('2128-01-07', '2148-06-04', (SELECT EmployeeID FROM AstroSchema.Employees WHERE EmployeeName = 'Nadine' AND EmployeeSurname = 'Rawson'));
SET @studyID = SCOPE_IDENTITY();
INSERT INTO AstroSchema.Anomalies (AnomalyStatus, AnomalyDescription, AnomalyLocation) VALUES ('In Progress', 'Stange waves of unknown origin sweep surface of this body regularly', (SELECT AstroObjectID FROM AstroSchema.AstroObjects WHERE AstroObjectName = 'Nomotar-A'));
SET @anomalyID = SCOPE_IDENTITY();
INSERT INTO AstroSchema.StudyStages (StudyID, AnomalyID, StageStartDate, StageEndDate) VALUES (@studyID, @anomalyID, '2126-12-23', '2149-09-20');
INSERT INTO AstroSchema.Anomalies (AnomalyStatus, AnomalyDescription, AnomalyLocation) VALUES ('Closed', 'This body has a very eccentric orbit', (SELECT AstroObjectID FROM AstroSchema.AstroObjects WHERE AstroObjectName = 'Scottica-C-2'));
SET @anomalyID = SCOPE_IDENTITY();
INSERT INTO AstroSchema.StudyStages (StudyID, AnomalyID, StageStartDate, StageEndDate) VALUES (@studyID, @anomalyID, '2125-04-20', '2148-09-01');
INSERT INTO AstroSchema.Anomalies (AnomalyStatus, AnomalyDescription, AnomalyLocation) VALUES ('Closed', 'Contact with exploration team was lost, reason unknown', (SELECT AstroObjectID FROM AstroSchema.AstroObjects WHERE AstroObjectName = 'Tyl-1'));
SET @anomalyID = SCOPE_IDENTITY();
INSERT INTO AstroSchema.StudyStages (StudyID, AnomalyID, StageStartDate, StageEndDate) VALUES (@studyID, @anomalyID, '2121-06-28', '2149-07-07');
INSERT INTO AstroSchema.Anomalies (AnomalyStatus, AnomalyDescription, AnomalyLocation) VALUES ('In Progress', 'Huge imapct crater left by unknown source detected', (SELECT AstroObjectID FROM AstroSchema.AstroObjects WHERE AstroObjectName = 'Ubliea-A-0'));
SET @anomalyID = SCOPE_IDENTITY();
INSERT INTO AstroSchema.StudyStages (StudyID, AnomalyID, StageStartDate, StageEndDate) VALUES (@studyID, @anomalyID, '2124-10-01', '2149-07-06');
INSERT INTO AstroSchema.Anomalies (AnomalyStatus, AnomalyDescription, AnomalyLocation) VALUES ('Closed', 'Huge imapct crater left by unknown source detected', (SELECT AstroObjectID FROM AstroSchema.AstroObjects WHERE AstroObjectName = 'Ovany-B-0'));
SET @anomalyID = SCOPE_IDENTITY();
INSERT INTO AstroSchema.StudyStages (StudyID, AnomalyID, StageStartDate, StageEndDate) VALUES (@studyID, @anomalyID, '2121-03-23', '2149-02-19');
INSERT INTO AstroSchema.StudyAssignments (StudyID, EmployeeID) VALUES (@studyID, (SELECT EmployeeID FROM AstroSchema.Employees WHERE EmployeeName = 'Lisa' AND EmployeeSurname = 'SmithJr'));
INSERT INTO AstroSchema.StudyAssignments (StudyID, EmployeeID) VALUES (@studyID, (SELECT EmployeeID FROM AstroSchema.Employees WHERE EmployeeName = 'Ethan' AND EmployeeSurname = 'Smith'));
INSERT INTO AstroSchema.StudyAssignments (StudyID, EmployeeID) VALUES (@studyID, (SELECT EmployeeID FROM AstroSchema.Employees WHERE EmployeeName = 'Felicia' AND EmployeeSurname = 'Fletcher'));
INSERT INTO AstroSchema.StudyAssignments (StudyID, EmployeeID) VALUES (@studyID, (SELECT EmployeeID FROM AstroSchema.Employees WHERE EmployeeName = 'Conan' AND EmployeeSurname = 'Hutchins'));
INSERT INTO AstroSchema.Studies (StudyStartDate, StudyEndDate, StudySupervisor) VALUES ('2146-07-16', '2149-05-16', (SELECT EmployeeID FROM AstroSchema.Employees WHERE EmployeeName = 'Donna' AND EmployeeSurname = 'Youngfellow'));
SET @studyID = SCOPE_IDENTITY();
INSERT INTO AstroSchema.Anomalies (AnomalyStatus, AnomalyDescription, AnomalyLocation) VALUES ('Closed', 'This body has a very eccentric orbit', (SELECT AstroObjectID FROM AstroSchema.AstroObjects WHERE AstroObjectName = 'Monzun-A'));
SET @anomalyID = SCOPE_IDENTITY();
INSERT INTO AstroSchema.StudyStages (StudyID, AnomalyID, StageStartDate, StageEndDate) VALUES (@studyID, @anomalyID, '2140-10-01', '2150-08-22');
INSERT INTO AstroSchema.Anomalies (AnomalyStatus, AnomalyDescription, AnomalyLocation) VALUES ('In Progress', 'Unusual magnetic field detected', (SELECT AstroObjectID FROM AstroSchema.AstroObjects WHERE AstroObjectName = 'Puntrazed-D-9'));
SET @anomalyID = SCOPE_IDENTITY();
INSERT INTO AstroSchema.StudyStages (StudyID, AnomalyID, StageStartDate, StageEndDate) VALUES (@studyID, @anomalyID, '2131-12-23', '2149-06-26');
INSERT INTO AstroSchema.StudyAssignments (StudyID, EmployeeID) VALUES (@studyID, (SELECT EmployeeID FROM AstroSchema.Employees WHERE EmployeeName = 'Andy' AND EmployeeSurname = 'Shaw'));
INSERT INTO AstroSchema.Studies (StudyStartDate, StudyEndDate, StudySupervisor) VALUES ('2120-03-10', '2149-01-22', (SELECT EmployeeID FROM AstroSchema.Employees WHERE EmployeeName = 'Teri' AND EmployeeSurname = 'Sheridan'));
SET @studyID = SCOPE_IDENTITY();
INSERT INTO AstroSchema.Anomalies (AnomalyStatus, AnomalyDescription, AnomalyLocation) VALUES ('Closed', 'Unusual gravitational readings', (SELECT AstroObjectID FROM AstroSchema.AstroObjects WHERE AstroObjectName = 'Selnoc-B'));
SET @anomalyID = SCOPE_IDENTITY();
INSERT INTO AstroSchema.StudyStages (StudyID, AnomalyID, StageStartDate, StageEndDate) VALUES (@studyID, @anomalyID, '2120-02-09', '2150-08-07');
INSERT INTO AstroSchema.Anomalies (AnomalyStatus, AnomalyDescription, AnomalyLocation) VALUES ('Open', 'Unidentified electromagnetic sygnals detected', (SELECT AstroObjectID FROM AstroSchema.AstroObjects WHERE AstroObjectName = 'Jomel-3'));
SET @anomalyID = SCOPE_IDENTITY();
INSERT INTO AstroSchema.StudyStages (StudyID, AnomalyID, StageStartDate, StageEndDate) VALUES (@studyID, @anomalyID, '2120-01-06', '2150-04-07');
INSERT INTO AstroSchema.StudyAssignments (StudyID, EmployeeID) VALUES (@studyID, (SELECT EmployeeID FROM AstroSchema.Employees WHERE EmployeeName = 'Louis' AND EmployeeSurname = 'Stark'));
INSERT INTO AstroSchema.Studies (StudyStartDate, StudyEndDate, StudySupervisor) VALUES ('2137-02-11', '2147-10-28', (SELECT EmployeeID FROM AstroSchema.Employees WHERE EmployeeName = 'Rhonda' AND EmployeeSurname = 'Shields'));
SET @studyID = SCOPE_IDENTITY();
INSERT INTO AstroSchema.Anomalies (AnomalyStatus, AnomalyDescription, AnomalyLocation) VALUES ('Closed', 'Huge asteroid, possibly rich in minerals', (SELECT AstroObjectID FROM AstroSchema.AstroObjects WHERE AstroObjectName = 'Cirban-A'));
SET @anomalyID = SCOPE_IDENTITY();
INSERT INTO AstroSchema.StudyStages (StudyID, AnomalyID, StageStartDate, StageEndDate) VALUES (@studyID, @anomalyID, '2130-09-07', '2150-08-02');
INSERT INTO AstroSchema.Anomalies (AnomalyStatus, AnomalyDescription, AnomalyLocation) VALUES ('In Progress', 'This body has a very unusual composition', (SELECT AstroObjectID FROM AstroSchema.AstroObjects WHERE AstroObjectName = 'Ditrim-A-8'));
SET @anomalyID = SCOPE_IDENTITY();
INSERT INTO AstroSchema.StudyStages (StudyID, AnomalyID, StageStartDate, StageEndDate) VALUES (@studyID, @anomalyID, '2132-03-03', '2150-06-16');
INSERT INTO AstroSchema.Anomalies (AnomalyStatus, AnomalyDescription, AnomalyLocation) VALUES ('In Progress', 'A distress signal was detected form this location', (SELECT AstroObjectID FROM AstroSchema.AstroObjects WHERE AstroObjectName = 'Cirban-G'));
SET @anomalyID = SCOPE_IDENTITY();
INSERT INTO AstroSchema.StudyStages (StudyID, AnomalyID, StageStartDate, StageEndDate) VALUES (@studyID, @anomalyID, '2131-11-28', '2149-01-06');
INSERT INTO AstroSchema.Anomalies (AnomalyStatus, AnomalyDescription, AnomalyLocation) VALUES ('Closed', 'Unusual magnetic field detected', (SELECT AstroObjectID FROM AstroSchema.AstroObjects WHERE AstroObjectName = 'Sugeylia-A-2'));
SET @anomalyID = SCOPE_IDENTITY();
INSERT INTO AstroSchema.StudyStages (StudyID, AnomalyID, StageStartDate, StageEndDate) VALUES (@studyID, @anomalyID, '2134-04-22', '2150-03-06');
INSERT INTO AstroSchema.Anomalies (AnomalyStatus, AnomalyDescription, AnomalyLocation) VALUES ('Closed', 'This body has a very eccentric orbit', (SELECT AstroObjectID FROM AstroSchema.AstroObjects WHERE AstroObjectName = 'Nashira'));
SET @anomalyID = SCOPE_IDENTITY();
INSERT INTO AstroSchema.StudyStages (StudyID, AnomalyID, StageStartDate, StageEndDate) VALUES (@studyID, @anomalyID, '2122-02-08', '2150-02-14');
INSERT INTO AstroSchema.StudyAssignments (StudyID, EmployeeID) VALUES (@studyID, (SELECT EmployeeID FROM AstroSchema.Employees WHERE EmployeeName = 'Hayden' AND EmployeeSurname = 'Breckenridge'));
INSERT INTO AstroSchema.StudyAssignments (StudyID, EmployeeID) VALUES (@studyID, (SELECT EmployeeID FROM AstroSchema.Employees WHERE EmployeeName = 'Caroline' AND EmployeeSurname = 'LeadbetterIV'));
INSERT INTO AstroSchema.Studies (StudyStartDate, StudyEndDate, StudySupervisor) VALUES ('2122-02-19', '2138-04-04', (SELECT EmployeeID FROM AstroSchema.Employees WHERE EmployeeName = 'Teri' AND EmployeeSurname = 'Longfield'));
SET @studyID = SCOPE_IDENTITY();
INSERT INTO AstroSchema.Anomalies (AnomalyStatus, AnomalyDescription, AnomalyLocation) VALUES ('Open', 'Unusually low amount of minerals detected', (SELECT AstroObjectID FROM AstroSchema.AstroObjects WHERE AstroObjectName = 'Withyr-C-1'));
SET @anomalyID = SCOPE_IDENTITY();
INSERT INTO AstroSchema.StudyStages (StudyID, AnomalyID, StageStartDate, StageEndDate) VALUES (@studyID, @anomalyID, '2120-06-17', '2143-11-17');
INSERT INTO AstroSchema.Anomalies (AnomalyStatus, AnomalyDescription, AnomalyLocation) VALUES ('Closed', 'Unique electromagnetic readings', (SELECT AstroObjectID FROM AstroSchema.AstroObjects WHERE AstroObjectName = 'Laleya-B-0'));
SET @anomalyID = SCOPE_IDENTITY();
INSERT INTO AstroSchema.StudyStages (StudyID, AnomalyID, StageStartDate, StageEndDate) VALUES (@studyID, @anomalyID, '2120-04-22', '2147-12-22');
INSERT INTO AstroSchema.StudyAssignments (StudyID, EmployeeID) VALUES (@studyID, (SELECT EmployeeID FROM AstroSchema.Employees WHERE EmployeeName = 'Lawrence' AND EmployeeSurname = 'Banks'));
INSERT INTO AstroSchema.StudyAssignments (StudyID, EmployeeID) VALUES (@studyID, (SELECT EmployeeID FROM AstroSchema.Employees WHERE EmployeeName = 'Deanna' AND EmployeeSurname = 'Brockbank'));
INSERT INTO AstroSchema.StudyAssignments (StudyID, EmployeeID) VALUES (@studyID, (SELECT EmployeeID FROM AstroSchema.Employees WHERE EmployeeName = 'Kathleen' AND EmployeeSurname = 'Jenkins'));
INSERT INTO AstroSchema.StudyAssignments (StudyID, EmployeeID) VALUES (@studyID, (SELECT EmployeeID FROM AstroSchema.Employees WHERE EmployeeName = 'Reginald' AND EmployeeSurname = 'SmithJr'));
INSERT INTO AstroSchema.StudyAssignments (StudyID, EmployeeID) VALUES (@studyID, (SELECT EmployeeID FROM AstroSchema.Employees WHERE EmployeeName = 'Kayla' AND EmployeeSurname = 'Kowalski'));
INSERT INTO AstroSchema.Studies (StudyStartDate, StudyEndDate, StudySupervisor) VALUES ('2129-01-08', '2144-10-27', (SELECT EmployeeID FROM AstroSchema.Employees WHERE EmployeeName = 'Percival' AND EmployeeSurname = 'Kenway'));
SET @studyID = SCOPE_IDENTITY();
INSERT INTO AstroSchema.Anomalies (AnomalyStatus, AnomalyDescription, AnomalyLocation) VALUES ('In Progress', 'Unusually low amount of minerals detected', (SELECT AstroObjectID FROM AstroSchema.AstroObjects WHERE AstroObjectName = 'Dirmius-B-1'));
SET @anomalyID = SCOPE_IDENTITY();
INSERT INTO AstroSchema.StudyStages (StudyID, AnomalyID, StageStartDate, StageEndDate) VALUES (@studyID, @anomalyID, '2127-08-03', '2147-07-28');
INSERT INTO AstroSchema.Anomalies (AnomalyStatus, AnomalyDescription, AnomalyLocation) VALUES ('Closed', 'Strange sattaellite of unknown origin', (SELECT AstroObjectID FROM AstroSchema.AstroObjects WHERE AstroObjectName = 'Hagers-B-0'));
SET @anomalyID = SCOPE_IDENTITY();
INSERT INTO AstroSchema.StudyStages (StudyID, AnomalyID, StageStartDate, StageEndDate) VALUES (@studyID, @anomalyID, '2123-12-12', '2150-10-25');
INSERT INTO AstroSchema.Anomalies (AnomalyStatus, AnomalyDescription, AnomalyLocation) VALUES ('Open', 'Unusual gravitational readings', (SELECT AstroObjectID FROM AstroSchema.AstroObjects WHERE AstroObjectName = 'Gamma Draconis-B'));
SET @anomalyID = SCOPE_IDENTITY();
INSERT INTO AstroSchema.StudyStages (StudyID, AnomalyID, StageStartDate, StageEndDate) VALUES (@studyID, @anomalyID, '2128-11-22', '2147-06-17');
INSERT INTO AstroSchema.Anomalies (AnomalyStatus, AnomalyDescription, AnomalyLocation) VALUES ('Closed', 'This body has a very eccentric orbit', (SELECT AstroObjectID FROM AstroSchema.AstroObjects WHERE AstroObjectName = 'Selnoc-A'));
SET @anomalyID = SCOPE_IDENTITY();
INSERT INTO AstroSchema.StudyStages (StudyID, AnomalyID, StageStartDate, StageEndDate) VALUES (@studyID, @anomalyID, '2123-08-12', '2149-02-10');
INSERT INTO AstroSchema.StudyAssignments (StudyID, EmployeeID) VALUES (@studyID, (SELECT EmployeeID FROM AstroSchema.Employees WHERE EmployeeName = 'Constance' AND EmployeeSurname = 'Silverman'));
INSERT INTO AstroSchema.StudyAssignments (StudyID, EmployeeID) VALUES (@studyID, (SELECT EmployeeID FROM AstroSchema.Employees WHERE EmployeeName = 'Erin' AND EmployeeSurname = 'Goodman'));
INSERT INTO AstroSchema.StudyAssignments (StudyID, EmployeeID) VALUES (@studyID, (SELECT EmployeeID FROM AstroSchema.Employees WHERE EmployeeName = 'Karla' AND EmployeeSurname = 'Ballard'));
INSERT INTO AstroSchema.Studies (StudyStartDate, StudyEndDate, StudySupervisor) VALUES ('2122-05-13', '2143-04-15', (SELECT EmployeeID FROM AstroSchema.Employees WHERE EmployeeName = 'Larry' AND EmployeeSurname = 'Billingsley'));
SET @studyID = SCOPE_IDENTITY();
INSERT INTO AstroSchema.Anomalies (AnomalyStatus, AnomalyDescription, AnomalyLocation) VALUES ('Closed', 'Unusually low amount of minerals detected', (SELECT AstroObjectID FROM AstroSchema.AstroObjects WHERE AstroObjectName = 'Adar-C'));
SET @anomalyID = SCOPE_IDENTITY();
INSERT INTO AstroSchema.StudyStages (StudyID, AnomalyID, StageStartDate, StageEndDate) VALUES (@studyID, @anomalyID, '2120-04-17', '2150-05-01');
INSERT INTO AstroSchema.Anomalies (AnomalyStatus, AnomalyDescription, AnomalyLocation) VALUES ('Open', 'Stange waves of unknown origin sweep surface of this body regularly', (SELECT AstroObjectID FROM AstroSchema.AstroObjects WHERE AstroObjectName = 'Nikalor-A-1'));
SET @anomalyID = SCOPE_IDENTITY();
INSERT INTO AstroSchema.StudyStages (StudyID, AnomalyID, StageStartDate, StageEndDate) VALUES (@studyID, @anomalyID, '2121-01-23', '2147-02-13');
INSERT INTO AstroSchema.Anomalies (AnomalyStatus, AnomalyDescription, AnomalyLocation) VALUES ('Closed', 'Stange waves of unknown origin sweep surface of this body regularly', (SELECT AstroObjectID FROM AstroSchema.AstroObjects WHERE AstroObjectName = 'Alpha Canis'));
SET @anomalyID = SCOPE_IDENTITY();
INSERT INTO AstroSchema.StudyStages (StudyID, AnomalyID, StageStartDate, StageEndDate) VALUES (@studyID, @anomalyID, '2120-03-26', '2143-09-26');
INSERT INTO AstroSchema.Anomalies (AnomalyStatus, AnomalyDescription, AnomalyLocation) VALUES ('Open', 'Possible subsurface ocean detected', (SELECT AstroObjectID FROM AstroSchema.AstroObjects WHERE AstroObjectName = 'Ebbarmacchus-B'));
SET @anomalyID = SCOPE_IDENTITY();
INSERT INTO AstroSchema.StudyStages (StudyID, AnomalyID, StageStartDate, StageEndDate) VALUES (@studyID, @anomalyID, '2120-03-28', '2147-05-11');
INSERT INTO AstroSchema.Anomalies (AnomalyStatus, AnomalyDescription, AnomalyLocation) VALUES ('Open', 'Stange waves of unknown origin sweep surface of this body regularly', (SELECT AstroObjectID FROM AstroSchema.AstroObjects WHERE AstroObjectName = 'Hark-B-2'));
SET @anomalyID = SCOPE_IDENTITY();
INSERT INTO AstroSchema.StudyStages (StudyID, AnomalyID, StageStartDate, StageEndDate) VALUES (@studyID, @anomalyID, '2120-06-11', '2143-04-25');
INSERT INTO AstroSchema.StudyAssignments (StudyID, EmployeeID) VALUES (@studyID, (SELECT EmployeeID FROM AstroSchema.Employees WHERE EmployeeName = 'Fran' AND EmployeeSurname = 'Breckenridge'));
INSERT INTO AstroSchema.StudyAssignments (StudyID, EmployeeID) VALUES (@studyID, (SELECT EmployeeID FROM AstroSchema.Employees WHERE EmployeeName = 'Karla' AND EmployeeSurname = 'Wright'));
INSERT INTO AstroSchema.StudyAssignments (StudyID, EmployeeID) VALUES (@studyID, (SELECT EmployeeID FROM AstroSchema.Employees WHERE EmployeeName = 'Erica' AND EmployeeSurname = 'Buxton'));
INSERT INTO AstroSchema.StudyAssignments (StudyID, EmployeeID) VALUES (@studyID, (SELECT EmployeeID FROM AstroSchema.Employees WHERE EmployeeName = 'Jonathan' AND EmployeeSurname = 'Phillips'));
INSERT INTO AstroSchema.Studies (StudyStartDate, StudyEndDate, StudySupervisor) VALUES ('2131-05-04', '2134-01-09', (SELECT EmployeeID FROM AstroSchema.Employees WHERE EmployeeName = 'Tyrone' AND EmployeeSurname = 'Vincent'));
SET @studyID = SCOPE_IDENTITY();
INSERT INTO AstroSchema.Anomalies (AnomalyStatus, AnomalyDescription, AnomalyLocation) VALUES ('In Progress', 'Stange waves of unknown origin sweep surface of this body regularly', (SELECT AstroObjectID FROM AstroSchema.AstroObjects WHERE AstroObjectName = 'Fauetera-A-4'));
SET @anomalyID = SCOPE_IDENTITY();
INSERT INTO AstroSchema.StudyStages (StudyID, AnomalyID, StageStartDate, StageEndDate) VALUES (@studyID, @anomalyID, '2124-05-22', '2150-02-02');
INSERT INTO AstroSchema.Anomalies (AnomalyStatus, AnomalyDescription, AnomalyLocation) VALUES ('In Progress', 'What may possibly be an aritificial structure was detected orbiting the body', (SELECT AstroObjectID FROM AstroSchema.AstroObjects WHERE AstroObjectName = 'Ansoulom-A-9'));
SET @anomalyID = SCOPE_IDENTITY();
INSERT INTO AstroSchema.StudyStages (StudyID, AnomalyID, StageStartDate, StageEndDate) VALUES (@studyID, @anomalyID, '2128-02-19', '2146-05-22');
INSERT INTO AstroSchema.Anomalies (AnomalyStatus, AnomalyDescription, AnomalyLocation) VALUES ('Closed', 'Contact with exploration team was lost, reason unknown', (SELECT AstroObjectID FROM AstroSchema.AstroObjects WHERE AstroObjectName = 'Atlas-C-3'));
SET @anomalyID = SCOPE_IDENTITY();
INSERT INTO AstroSchema.StudyStages (StudyID, AnomalyID, StageStartDate, StageEndDate) VALUES (@studyID, @anomalyID, '2129-01-15', '2136-06-08');
INSERT INTO AstroSchema.Anomalies (AnomalyStatus, AnomalyDescription, AnomalyLocation) VALUES ('Open', 'Unusual gravitational readings', (SELECT AstroObjectID FROM AstroSchema.AstroObjects WHERE AstroObjectName = 'Ijax-2'));
SET @anomalyID = SCOPE_IDENTITY();
INSERT INTO AstroSchema.StudyStages (StudyID, AnomalyID, StageStartDate, StageEndDate) VALUES (@studyID, @anomalyID, '2129-08-18', '2149-06-14');
INSERT INTO AstroSchema.Anomalies (AnomalyStatus, AnomalyDescription, AnomalyLocation) VALUES ('Open', 'Unusual gravitational readings', (SELECT AstroObjectID FROM AstroSchema.AstroObjects WHERE AstroObjectName = 'Acramalo-F'));
SET @anomalyID = SCOPE_IDENTITY();
INSERT INTO AstroSchema.StudyStages (StudyID, AnomalyID, StageStartDate, StageEndDate) VALUES (@studyID, @anomalyID, '2121-08-23', '2135-02-04');
INSERT INTO AstroSchema.StudyAssignments (StudyID, EmployeeID) VALUES (@studyID, (SELECT EmployeeID FROM AstroSchema.Employees WHERE EmployeeName = 'Erin' AND EmployeeSurname = 'Goodman'));
INSERT INTO AstroSchema.StudyAssignments (StudyID, EmployeeID) VALUES (@studyID, (SELECT EmployeeID FROM AstroSchema.Employees WHERE EmployeeName = 'Doris' AND EmployeeSurname = 'Kane'));
INSERT INTO AstroSchema.StudyAssignments (StudyID, EmployeeID) VALUES (@studyID, (SELECT EmployeeID FROM AstroSchema.Employees WHERE EmployeeName = 'Emma' AND EmployeeSurname = 'Johnson'));
INSERT INTO AstroSchema.StudyAssignments (StudyID, EmployeeID) VALUES (@studyID, (SELECT EmployeeID FROM AstroSchema.Employees WHERE EmployeeName = 'Frank' AND EmployeeSurname = 'Cairns'));
INSERT INTO AstroSchema.StudyAssignments (StudyID, EmployeeID) VALUES (@studyID, (SELECT EmployeeID FROM AstroSchema.Employees WHERE EmployeeName = 'Kevin' AND EmployeeSurname = 'Johnson'));
INSERT INTO AstroSchema.Studies (StudyStartDate, StudyEndDate, StudySupervisor) VALUES ('2141-09-22', '2142-07-01', (SELECT EmployeeID FROM AstroSchema.Employees WHERE EmployeeName = 'Kayla' AND EmployeeSurname = 'Burke'));
SET @studyID = SCOPE_IDENTITY();
INSERT INTO AstroSchema.Anomalies (AnomalyStatus, AnomalyDescription, AnomalyLocation) VALUES ('In Progress', 'Unidentified electromagnetic sygnals detected', (SELECT AstroObjectID FROM AstroSchema.AstroObjects WHERE AstroObjectName = 'Thrish-B'));
SET @anomalyID = SCOPE_IDENTITY();
INSERT INTO AstroSchema.StudyStages (StudyID, AnomalyID, StageStartDate, StageEndDate) VALUES (@studyID, @anomalyID, '2128-08-26', '2142-11-11');
INSERT INTO AstroSchema.Anomalies (AnomalyStatus, AnomalyDescription, AnomalyLocation) VALUES ('Closed', 'Unique electromagnetic readings', (SELECT AstroObjectID FROM AstroSchema.AstroObjects WHERE AstroObjectName = 'Teydialara-B-0'));
SET @anomalyID = SCOPE_IDENTITY();
INSERT INTO AstroSchema.StudyStages (StudyID, AnomalyID, StageStartDate, StageEndDate) VALUES (@studyID, @anomalyID, '2130-12-04', '2145-07-03');
INSERT INTO AstroSchema.Anomalies (AnomalyStatus, AnomalyDescription, AnomalyLocation) VALUES ('Open', 'Unusually low amount of minerals detected', (SELECT AstroObjectID FROM AstroSchema.AstroObjects WHERE AstroObjectName = 'Amanyea-A-2'));
SET @anomalyID = SCOPE_IDENTITY();
INSERT INTO AstroSchema.StudyStages (StudyID, AnomalyID, StageStartDate, StageEndDate) VALUES (@studyID, @anomalyID, '2120-12-28', '2144-07-22');
INSERT INTO AstroSchema.StudyAssignments (StudyID, EmployeeID) VALUES (@studyID, (SELECT EmployeeID FROM AstroSchema.Employees WHERE EmployeeName = 'Gene' AND EmployeeSurname = 'Knox'));
INSERT INTO AstroSchema.StudyAssignments (StudyID, EmployeeID) VALUES (@studyID, (SELECT EmployeeID FROM AstroSchema.Employees WHERE EmployeeName = 'Hayden' AND EmployeeSurname = 'Swanson'));
INSERT INTO AstroSchema.StudyAssignments (StudyID, EmployeeID) VALUES (@studyID, (SELECT EmployeeID FROM AstroSchema.Employees WHERE EmployeeName = 'Nigel' AND EmployeeSurname = 'Hudson'));
INSERT INTO AstroSchema.StudyAssignments (StudyID, EmployeeID) VALUES (@studyID, (SELECT EmployeeID FROM AstroSchema.Employees WHERE EmployeeName = 'Rosemary' AND EmployeeSurname = 'Page'));
INSERT INTO AstroSchema.StudyAssignments (StudyID, EmployeeID) VALUES (@studyID, (SELECT EmployeeID FROM AstroSchema.Employees WHERE EmployeeName = 'Andy' AND EmployeeSurname = 'Shaw'));
INSERT INTO AstroSchema.Studies (StudyStartDate, StudyEndDate, StudySupervisor) VALUES ('2147-01-24', '2150-03-07', (SELECT EmployeeID FROM AstroSchema.Employees WHERE EmployeeName = 'Lydia' AND EmployeeSurname = 'MacKenzie'));
SET @studyID = SCOPE_IDENTITY();
INSERT INTO AstroSchema.Anomalies (AnomalyStatus, AnomalyDescription, AnomalyLocation) VALUES ('In Progress', 'Automated probe lost contact with the base, reason unknown', (SELECT AstroObjectID FROM AstroSchema.AstroObjects WHERE AstroObjectName = 'Sarpocchus-C-5'));
SET @anomalyID = SCOPE_IDENTITY();
INSERT INTO AstroSchema.StudyStages (StudyID, AnomalyID, StageStartDate, StageEndDate) VALUES (@studyID, @anomalyID, '2135-09-23', '2150-06-14');
INSERT INTO AstroSchema.Anomalies (AnomalyStatus, AnomalyDescription, AnomalyLocation) VALUES ('In Progress', 'This body has a very unusual composition', (SELECT AstroObjectID FROM AstroSchema.AstroObjects WHERE AstroObjectName = 'Plov-B-0'));
SET @anomalyID = SCOPE_IDENTITY();
INSERT INTO AstroSchema.StudyStages (StudyID, AnomalyID, StageStartDate, StageEndDate) VALUES (@studyID, @anomalyID, '2127-07-09', '2150-05-22');
INSERT INTO AstroSchema.StudyAssignments (StudyID, EmployeeID) VALUES (@studyID, (SELECT EmployeeID FROM AstroSchema.Employees WHERE EmployeeName = 'SirAndrew' AND EmployeeSurname = 'Martin'));
INSERT INTO AstroSchema.Studies (StudyStartDate, StudyEndDate, StudySupervisor) VALUES ('2127-10-17', '2128-05-04', (SELECT EmployeeID FROM AstroSchema.Employees WHERE EmployeeName = 'Gwen' AND EmployeeSurname = 'Shepard'));
SET @studyID = SCOPE_IDENTITY();
INSERT INTO AstroSchema.Anomalies (AnomalyStatus, AnomalyDescription, AnomalyLocation) VALUES ('Open', 'Unusually low temperature detected', (SELECT AstroObjectID FROM AstroSchema.AstroObjects WHERE AstroObjectName = 'Taiyangshou-A-6'));
SET @anomalyID = SCOPE_IDENTITY();
INSERT INTO AstroSchema.StudyStages (StudyID, AnomalyID, StageStartDate, StageEndDate) VALUES (@studyID, @anomalyID, '2127-01-13', '2136-12-01');
INSERT INTO AstroSchema.Anomalies (AnomalyStatus, AnomalyDescription, AnomalyLocation) VALUES ('Closed', 'What may possibly be an aritificial structure was detected orbiting the body', (SELECT AstroObjectID FROM AstroSchema.AstroObjects WHERE AstroObjectName = 'Jhapp-B-2'));
SET @anomalyID = SCOPE_IDENTITY();
INSERT INTO AstroSchema.StudyStages (StudyID, AnomalyID, StageStartDate, StageEndDate) VALUES (@studyID, @anomalyID, '2123-03-12', '2129-04-24');
INSERT INTO AstroSchema.Anomalies (AnomalyStatus, AnomalyDescription, AnomalyLocation) VALUES ('Open', 'Huge imapct crater left by unknown source detected', (SELECT AstroObjectID FROM AstroSchema.AstroObjects WHERE AstroObjectName = 'Dangal-A-7'));
SET @anomalyID = SCOPE_IDENTITY();
INSERT INTO AstroSchema.StudyStages (StudyID, AnomalyID, StageStartDate, StageEndDate) VALUES (@studyID, @anomalyID, '2125-12-12', '2145-03-17');
INSERT INTO AstroSchema.Anomalies (AnomalyStatus, AnomalyDescription, AnomalyLocation) VALUES ('In Progress', 'Strange sattaellite of unknown origin', (SELECT AstroObjectID FROM AstroSchema.AstroObjects WHERE AstroObjectName = 'Merope-A-1'));
SET @anomalyID = SCOPE_IDENTITY();
INSERT INTO AstroSchema.StudyStages (StudyID, AnomalyID, StageStartDate, StageEndDate) VALUES (@studyID, @anomalyID, '2122-02-14', '2150-04-18');
INSERT INTO AstroSchema.Anomalies (AnomalyStatus, AnomalyDescription, AnomalyLocation) VALUES ('Open', 'Automated probe lost contact with the base, reason unknown', (SELECT AstroObjectID FROM AstroSchema.AstroObjects WHERE AstroObjectName = 'Fellix'));
SET @anomalyID = SCOPE_IDENTITY();
INSERT INTO AstroSchema.StudyStages (StudyID, AnomalyID, StageStartDate, StageEndDate) VALUES (@studyID, @anomalyID, '2121-07-10', '2136-10-27');
INSERT INTO AstroSchema.StudyAssignments (StudyID, EmployeeID) VALUES (@studyID, (SELECT EmployeeID FROM AstroSchema.Employees WHERE EmployeeName = 'George' AND EmployeeSurname = 'McGillis'));
INSERT INTO AstroSchema.StudyAssignments (StudyID, EmployeeID) VALUES (@studyID, (SELECT EmployeeID FROM AstroSchema.Employees WHERE EmployeeName = 'Ethan' AND EmployeeSurname = 'Kane'));
INSERT INTO AstroSchema.StudyAssignments (StudyID, EmployeeID) VALUES (@studyID, (SELECT EmployeeID FROM AstroSchema.Employees WHERE EmployeeName = 'Vivica' AND EmployeeSurname = 'Preston'));
INSERT INTO AstroSchema.StudyAssignments (StudyID, EmployeeID) VALUES (@studyID, (SELECT EmployeeID FROM AstroSchema.Employees WHERE EmployeeName = 'Diane' AND EmployeeSurname = 'McAllister'));
INSERT INTO AstroSchema.StudyAssignments (StudyID, EmployeeID) VALUES (@studyID, (SELECT EmployeeID FROM AstroSchema.Employees WHERE EmployeeName = 'Paula' AND EmployeeSurname = 'Townsend'));
INSERT INTO AstroSchema.Studies (StudyStartDate, StudyEndDate, StudySupervisor) VALUES ('2149-02-14', '2150-12-10', (SELECT EmployeeID FROM AstroSchema.Employees WHERE EmployeeName = 'Rhonda' AND EmployeeSurname = 'Shields'));
SET @studyID = SCOPE_IDENTITY();
INSERT INTO AstroSchema.Anomalies (AnomalyStatus, AnomalyDescription, AnomalyLocation) VALUES ('Closed', 'Unusually low temperature detected', (SELECT AstroObjectID FROM AstroSchema.AstroObjects WHERE AstroObjectName = 'Kornephoros-B-4'));
SET @anomalyID = SCOPE_IDENTITY();
INSERT INTO AstroSchema.StudyStages (StudyID, AnomalyID, StageStartDate, StageEndDate) VALUES (@studyID, @anomalyID, '2148-09-28', '2150-12-23');
INSERT INTO AstroSchema.Anomalies (AnomalyStatus, AnomalyDescription, AnomalyLocation) VALUES ('In Progress', 'Possible subsurface ocean detected', (SELECT AstroObjectID FROM AstroSchema.AstroObjects WHERE AstroObjectName = 'Thrish-A'));
SET @anomalyID = SCOPE_IDENTITY();
INSERT INTO AstroSchema.StudyStages (StudyID, AnomalyID, StageStartDate, StageEndDate) VALUES (@studyID, @anomalyID, '2139-09-01', '2150-12-17');
INSERT INTO AstroSchema.Anomalies (AnomalyStatus, AnomalyDescription, AnomalyLocation) VALUES ('Open', 'Abnormal energy readings', (SELECT AstroObjectID FROM AstroSchema.AstroObjects WHERE AstroObjectName = 'Boldoon-3'));
SET @anomalyID = SCOPE_IDENTITY();
INSERT INTO AstroSchema.StudyStages (StudyID, AnomalyID, StageStartDate, StageEndDate) VALUES (@studyID, @anomalyID, '2141-11-06', '2150-12-16');
INSERT INTO AstroSchema.Anomalies (AnomalyStatus, AnomalyDescription, AnomalyLocation) VALUES ('Closed', 'Contact with exploration team was lost, reason unknown', (SELECT AstroObjectID FROM AstroSchema.AstroObjects WHERE AstroObjectName = 'Cknoor-C-0'));
SET @anomalyID = SCOPE_IDENTITY();
INSERT INTO AstroSchema.StudyStages (StudyID, AnomalyID, StageStartDate, StageEndDate) VALUES (@studyID, @anomalyID, '2141-11-05', '2150-12-18');
INSERT INTO AstroSchema.Anomalies (AnomalyStatus, AnomalyDescription, AnomalyLocation) VALUES ('In Progress', 'Possible subsurface ocean detected', (SELECT AstroObjectID FROM AstroSchema.AstroObjects WHERE AstroObjectName = 'Trabalore-C-9'));
SET @anomalyID = SCOPE_IDENTITY();
INSERT INTO AstroSchema.StudyStages (StudyID, AnomalyID, StageStartDate, StageEndDate) VALUES (@studyID, @anomalyID, '2120-04-08', '2150-12-15');
INSERT INTO AstroSchema.StudyAssignments (StudyID, EmployeeID) VALUES (@studyID, (SELECT EmployeeID FROM AstroSchema.Employees WHERE EmployeeName = 'Vera' AND EmployeeSurname = 'Bainbridge'));
INSERT INTO AstroSchema.StudyAssignments (StudyID, EmployeeID) VALUES (@studyID, (SELECT EmployeeID FROM AstroSchema.Employees WHERE EmployeeName = 'Nadine' AND EmployeeSurname = 'Sedgwick'));
INSERT INTO AstroSchema.StudyAssignments (StudyID, EmployeeID) VALUES (@studyID, (SELECT EmployeeID FROM AstroSchema.Employees WHERE EmployeeName = 'Doreen' AND EmployeeSurname = 'Haygarth'));
INSERT INTO AstroSchema.Studies (StudyStartDate, StudyEndDate, StudySupervisor) VALUES ('2128-04-14', '2138-10-14', (SELECT EmployeeID FROM AstroSchema.Employees WHERE EmployeeName = 'Amelia' AND EmployeeSurname = 'Bergman'));
SET @studyID = SCOPE_IDENTITY();
INSERT INTO AstroSchema.Anomalies (AnomalyStatus, AnomalyDescription, AnomalyLocation) VALUES ('In Progress', 'Strange sattaellite of unknown origin', (SELECT AstroObjectID FROM AstroSchema.AstroObjects WHERE AstroObjectName = 'Katz-C-6'));
SET @anomalyID = SCOPE_IDENTITY();
INSERT INTO AstroSchema.StudyStages (StudyID, AnomalyID, StageStartDate, StageEndDate) VALUES (@studyID, @anomalyID, '2120-08-07', '2140-09-13');
INSERT INTO AstroSchema.Anomalies (AnomalyStatus, AnomalyDescription, AnomalyLocation) VALUES ('In Progress', 'Possible subsurface ocean detected', (SELECT AstroObjectID FROM AstroSchema.AstroObjects WHERE AstroObjectName = 'Saldar-A-1'));
SET @anomalyID = SCOPE_IDENTITY();
INSERT INTO AstroSchema.StudyStages (StudyID, AnomalyID, StageStartDate, StageEndDate) VALUES (@studyID, @anomalyID, '2121-11-05', '2148-03-16');
INSERT INTO AstroSchema.Anomalies (AnomalyStatus, AnomalyDescription, AnomalyLocation) VALUES ('In Progress', 'Huge asteroid, possibly rich in minerals', (SELECT AstroObjectID FROM AstroSchema.AstroObjects WHERE AstroObjectName = 'Cajamere-A-0'));
SET @anomalyID = SCOPE_IDENTITY();
INSERT INTO AstroSchema.StudyStages (StudyID, AnomalyID, StageStartDate, StageEndDate) VALUES (@studyID, @anomalyID, '2122-08-05', '2145-05-25');
INSERT INTO AstroSchema.Anomalies (AnomalyStatus, AnomalyDescription, AnomalyLocation) VALUES ('Open', 'A distress signal was detected form this location', (SELECT AstroObjectID FROM AstroSchema.AstroObjects WHERE AstroObjectName = 'Puntrazed-D-9'));
SET @anomalyID = SCOPE_IDENTITY();
INSERT INTO AstroSchema.StudyStages (StudyID, AnomalyID, StageStartDate, StageEndDate) VALUES (@studyID, @anomalyID, '2122-06-18', '2143-05-09');
INSERT INTO AstroSchema.Anomalies (AnomalyStatus, AnomalyDescription, AnomalyLocation) VALUES ('In Progress', 'Abnormal energy readings', (SELECT AstroObjectID FROM AstroSchema.AstroObjects WHERE AstroObjectName = 'Sumoneta-A-0'));
SET @anomalyID = SCOPE_IDENTITY();
INSERT INTO AstroSchema.StudyStages (StudyID, AnomalyID, StageStartDate, StageEndDate) VALUES (@studyID, @anomalyID, '2127-06-14', '2148-05-14');
INSERT INTO AstroSchema.StudyAssignments (StudyID, EmployeeID) VALUES (@studyID, (SELECT EmployeeID FROM AstroSchema.Employees WHERE EmployeeName = 'Odette' AND EmployeeSurname = 'Sweeney'));
INSERT INTO AstroSchema.StudyAssignments (StudyID, EmployeeID) VALUES (@studyID, (SELECT EmployeeID FROM AstroSchema.Employees WHERE EmployeeName = 'Erica' AND EmployeeSurname = 'Buxton'));
INSERT INTO AstroSchema.Studies (StudyStartDate, StudyEndDate, StudySupervisor) VALUES ('2137-05-14', '2150-07-01', (SELECT EmployeeID FROM AstroSchema.Employees WHERE EmployeeName = 'Emily' AND EmployeeSurname = 'Lynch'));
SET @studyID = SCOPE_IDENTITY();
INSERT INTO AstroSchema.Anomalies (AnomalyStatus, AnomalyDescription, AnomalyLocation) VALUES ('Closed', 'Abnormal energy readings', (SELECT AstroObjectID FROM AstroSchema.AstroObjects WHERE AstroObjectName = 'Schlein-B'));
SET @anomalyID = SCOPE_IDENTITY();
INSERT INTO AstroSchema.StudyStages (StudyID, AnomalyID, StageStartDate, StageEndDate) VALUES (@studyID, @anomalyID, '2129-04-01', '2150-07-26');
INSERT INTO AstroSchema.Anomalies (AnomalyStatus, AnomalyDescription, AnomalyLocation) VALUES ('Closed', 'Huge asteroid, possibly rich in minerals', (SELECT AstroObjectID FROM AstroSchema.AstroObjects WHERE AstroObjectName = 'Japris-B-1'));
SET @anomalyID = SCOPE_IDENTITY();
INSERT INTO AstroSchema.StudyStages (StudyID, AnomalyID, StageStartDate, StageEndDate) VALUES (@studyID, @anomalyID, '2121-05-22', '2150-12-21');
INSERT INTO AstroSchema.Anomalies (AnomalyStatus, AnomalyDescription, AnomalyLocation) VALUES ('Closed', 'What may possibly be an aritificial structure was detected orbiting the body', (SELECT AstroObjectID FROM AstroSchema.AstroObjects WHERE AstroObjectName = 'Eskellion'));
SET @anomalyID = SCOPE_IDENTITY();
INSERT INTO AstroSchema.StudyStages (StudyID, AnomalyID, StageStartDate, StageEndDate) VALUES (@studyID, @anomalyID, '2121-01-07', '2150-11-28');
INSERT INTO AstroSchema.StudyAssignments (StudyID, EmployeeID) VALUES (@studyID, (SELECT EmployeeID FROM AstroSchema.Employees WHERE EmployeeName = 'Claire' AND EmployeeSurname = 'Buckland'));
INSERT INTO AstroSchema.StudyAssignments (StudyID, EmployeeID) VALUES (@studyID, (SELECT EmployeeID FROM AstroSchema.Employees WHERE EmployeeName = 'Fred' AND EmployeeSurname = 'Renaud'));
INSERT INTO AstroSchema.StudyAssignments (StudyID, EmployeeID) VALUES (@studyID, (SELECT EmployeeID FROM AstroSchema.Employees WHERE EmployeeName = 'Teri' AND EmployeeSurname = 'Taylor'));
INSERT INTO AstroSchema.StudyAssignments (StudyID, EmployeeID) VALUES (@studyID, (SELECT EmployeeID FROM AstroSchema.Employees WHERE EmployeeName = 'Angus' AND EmployeeSurname = 'Shepard'));
INSERT INTO AstroSchema.StudyAssignments (StudyID, EmployeeID) VALUES (@studyID, (SELECT EmployeeID FROM AstroSchema.Employees WHERE EmployeeName = 'Bethany' AND EmployeeSurname = 'Gilbert'));
INSERT INTO AstroSchema.Studies (StudyStartDate, StudyEndDate, StudySupervisor) VALUES ('2146-05-28', '2149-07-14', (SELECT EmployeeID FROM AstroSchema.Employees WHERE EmployeeName = 'Pamela' AND EmployeeSurname = 'Ferguson'));
SET @studyID = SCOPE_IDENTITY();
INSERT INTO AstroSchema.Anomalies (AnomalyStatus, AnomalyDescription, AnomalyLocation) VALUES ('In Progress', 'Contact with exploration team was lost, reason unknown', (SELECT AstroObjectID FROM AstroSchema.AstroObjects WHERE AstroObjectName = 'Sumoneta-A-0'));
SET @anomalyID = SCOPE_IDENTITY();
INSERT INTO AstroSchema.StudyStages (StudyID, AnomalyID, StageStartDate, StageEndDate) VALUES (@studyID, @anomalyID, '2135-10-20', '2149-11-27');
INSERT INTO AstroSchema.Anomalies (AnomalyStatus, AnomalyDescription, AnomalyLocation) VALUES ('In Progress', 'Unusual magnetic field detected', (SELECT AstroObjectID FROM AstroSchema.AstroObjects WHERE AstroObjectName = 'Kosk-0'));
SET @anomalyID = SCOPE_IDENTITY();
INSERT INTO AstroSchema.StudyStages (StudyID, AnomalyID, StageStartDate, StageEndDate) VALUES (@studyID, @anomalyID, '2142-05-06', '2150-03-16');
INSERT INTO AstroSchema.Anomalies (AnomalyStatus, AnomalyDescription, AnomalyLocation) VALUES ('In Progress', 'Unidentified electromagnetic sygnals detected', (SELECT AstroObjectID FROM AstroSchema.AstroObjects WHERE AstroObjectName = 'Scottica-C-2'));
SET @anomalyID = SCOPE_IDENTITY();
INSERT INTO AstroSchema.StudyStages (StudyID, AnomalyID, StageStartDate, StageEndDate) VALUES (@studyID, @anomalyID, '2142-08-05', '2150-06-06');
INSERT INTO AstroSchema.Anomalies (AnomalyStatus, AnomalyDescription, AnomalyLocation) VALUES ('Closed', 'Possible subsurface ocean detected', (SELECT AstroObjectID FROM AstroSchema.AstroObjects WHERE AstroObjectName = 'Belgium-C-5'));
SET @anomalyID = SCOPE_IDENTITY();
INSERT INTO AstroSchema.StudyStages (StudyID, AnomalyID, StageStartDate, StageEndDate) VALUES (@studyID, @anomalyID, '2120-05-23', '2149-08-20');
INSERT INTO AstroSchema.StudyAssignments (StudyID, EmployeeID) VALUES (@studyID, (SELECT EmployeeID FROM AstroSchema.Employees WHERE EmployeeName = 'Alec' AND EmployeeSurname = 'Reinhart'));
INSERT INTO AstroSchema.StudyAssignments (StudyID, EmployeeID) VALUES (@studyID, (SELECT EmployeeID FROM AstroSchema.Employees WHERE EmployeeName = 'Vivica' AND EmployeeSurname = 'Preston'));
INSERT INTO AstroSchema.StudyAssignments (StudyID, EmployeeID) VALUES (@studyID, (SELECT EmployeeID FROM AstroSchema.Employees WHERE EmployeeName = 'Amelia' AND EmployeeSurname = 'Bergman'));
INSERT INTO AstroSchema.StudyAssignments (StudyID, EmployeeID) VALUES (@studyID, (SELECT EmployeeID FROM AstroSchema.Employees WHERE EmployeeName = 'Xavier' AND EmployeeSurname = 'Cox'));
INSERT INTO AstroSchema.Studies (StudyStartDate, StudyEndDate, StudySupervisor) VALUES ('2150-03-07', '2150-06-03', (SELECT EmployeeID FROM AstroSchema.Employees WHERE EmployeeName = 'Robin' AND EmployeeSurname = 'Penebscott'));
SET @studyID = SCOPE_IDENTITY();
INSERT INTO AstroSchema.Anomalies (AnomalyStatus, AnomalyDescription, AnomalyLocation) VALUES ('Open', 'Unusually low amount of minerals detected', (SELECT AstroObjectID FROM AstroSchema.AstroObjects WHERE AstroObjectName = 'Cknoor-A'));
SET @anomalyID = SCOPE_IDENTITY();
INSERT INTO AstroSchema.StudyStages (StudyID, AnomalyID, StageStartDate, StageEndDate) VALUES (@studyID, @anomalyID, '2128-03-18', '2150-10-08');
INSERT INTO AstroSchema.Anomalies (AnomalyStatus, AnomalyDescription, AnomalyLocation) VALUES ('Open', 'Automated probe lost contact with the base, reason unknown', (SELECT AstroObjectID FROM AstroSchema.AstroObjects WHERE AstroObjectName = 'Haddnoc-A-1'));
SET @anomalyID = SCOPE_IDENTITY();
INSERT INTO AstroSchema.StudyStages (StudyID, AnomalyID, StageStartDate, StageEndDate) VALUES (@studyID, @anomalyID, '2142-09-27', '2150-07-25');
INSERT INTO AstroSchema.Anomalies (AnomalyStatus, AnomalyDescription, AnomalyLocation) VALUES ('Closed', 'Possible subsurface ocean detected', (SELECT AstroObjectID FROM AstroSchema.AstroObjects WHERE AstroObjectName = 'Ushminaria-A-1'));
SET @anomalyID = SCOPE_IDENTITY();
INSERT INTO AstroSchema.StudyStages (StudyID, AnomalyID, StageStartDate, StageEndDate) VALUES (@studyID, @anomalyID, '2149-02-21', '2150-10-07');
INSERT INTO AstroSchema.Anomalies (AnomalyStatus, AnomalyDescription, AnomalyLocation) VALUES ('Closed', 'Unusually low amount of minerals detected', (SELECT AstroObjectID FROM AstroSchema.AstroObjects WHERE AstroObjectName = 'Puntrazed-D-2'));
SET @anomalyID = SCOPE_IDENTITY();
INSERT INTO AstroSchema.StudyStages (StudyID, AnomalyID, StageStartDate, StageEndDate) VALUES (@studyID, @anomalyID, '2136-10-14', '2150-10-07');
INSERT INTO AstroSchema.StudyAssignments (StudyID, EmployeeID) VALUES (@studyID, (SELECT EmployeeID FROM AstroSchema.Employees WHERE EmployeeName = 'Leonard' AND EmployeeSurname = 'Muldoon'));
INSERT INTO AstroSchema.Studies (StudyStartDate, StudyEndDate, StudySupervisor) VALUES ('2149-11-21', '2150-09-21', (SELECT EmployeeID FROM AstroSchema.Employees WHERE EmployeeName = 'Cheryl' AND EmployeeSurname = 'Zimmerman'));
SET @studyID = SCOPE_IDENTITY();
INSERT INTO AstroSchema.Anomalies (AnomalyStatus, AnomalyDescription, AnomalyLocation) VALUES ('Closed', 'Unusually low amount of minerals detected', (SELECT AstroObjectID FROM AstroSchema.AstroObjects WHERE AstroObjectName = 'Dwithim-B'));
SET @anomalyID = SCOPE_IDENTITY();
INSERT INTO AstroSchema.StudyStages (StudyID, AnomalyID, StageStartDate, StageEndDate) VALUES (@studyID, @anomalyID, '2130-06-19', '2150-10-16');
INSERT INTO AstroSchema.Anomalies (AnomalyStatus, AnomalyDescription, AnomalyLocation) VALUES ('In Progress', 'A distress signal was detected form this location', (SELECT AstroObjectID FROM AstroSchema.AstroObjects WHERE AstroObjectName = 'Grekil-A'));
SET @anomalyID = SCOPE_IDENTITY();
INSERT INTO AstroSchema.StudyStages (StudyID, AnomalyID, StageStartDate, StageEndDate) VALUES (@studyID, @anomalyID, '2125-11-26', '2150-10-21');
INSERT INTO AstroSchema.Anomalies (AnomalyStatus, AnomalyDescription, AnomalyLocation) VALUES ('In Progress', 'Unidentified electromagnetic sygnals detected', (SELECT AstroObjectID FROM AstroSchema.AstroObjects WHERE AstroObjectName = 'Qurus-B-2'));
SET @anomalyID = SCOPE_IDENTITY();
INSERT INTO AstroSchema.StudyStages (StudyID, AnomalyID, StageStartDate, StageEndDate) VALUES (@studyID, @anomalyID, '2147-08-21', '2150-10-24');
INSERT INTO AstroSchema.Anomalies (AnomalyStatus, AnomalyDescription, AnomalyLocation) VALUES ('Open', 'Unique electromagnetic readings', (SELECT AstroObjectID FROM AstroSchema.AstroObjects WHERE AstroObjectName = 'Adar-A-2'));
SET @anomalyID = SCOPE_IDENTITY();
INSERT INTO AstroSchema.StudyStages (StudyID, AnomalyID, StageStartDate, StageEndDate) VALUES (@studyID, @anomalyID, '2147-09-24', '2150-11-25');
INSERT INTO AstroSchema.StudyAssignments (StudyID, EmployeeID) VALUES (@studyID, (SELECT EmployeeID FROM AstroSchema.Employees WHERE EmployeeName = 'Amanda' AND EmployeeSurname = 'Findley'));
INSERT INTO AstroSchema.StudyAssignments (StudyID, EmployeeID) VALUES (@studyID, (SELECT EmployeeID FROM AstroSchema.Employees WHERE EmployeeName = 'Calhoun' AND EmployeeSurname = 'Scott'));
INSERT INTO AstroSchema.StudyAssignments (StudyID, EmployeeID) VALUES (@studyID, (SELECT EmployeeID FROM AstroSchema.Employees WHERE EmployeeName = 'Odette' AND EmployeeSurname = 'Sweeney'));
INSERT INTO AstroSchema.StudyAssignments (StudyID, EmployeeID) VALUES (@studyID, (SELECT EmployeeID FROM AstroSchema.Employees WHERE EmployeeName = 'Paula' AND EmployeeSurname = 'Townsend'));
INSERT INTO AstroSchema.Studies (StudyStartDate, StudyEndDate, StudySupervisor) VALUES ('2122-12-13', '2137-07-11', (SELECT EmployeeID FROM AstroSchema.Employees WHERE EmployeeName = 'Constance' AND EmployeeSurname = 'Silverman'));
SET @studyID = SCOPE_IDENTITY();
INSERT INTO AstroSchema.Anomalies (AnomalyStatus, AnomalyDescription, AnomalyLocation) VALUES ('In Progress', 'Contact with exploration team was lost, reason unknown', (SELECT AstroObjectID FROM AstroSchema.AstroObjects WHERE AstroObjectName = 'Kornephoros-B-4'));
SET @anomalyID = SCOPE_IDENTITY();
INSERT INTO AstroSchema.StudyStages (StudyID, AnomalyID, StageStartDate, StageEndDate) VALUES (@studyID, @anomalyID, '2122-03-16', '2143-08-20');
INSERT INTO AstroSchema.StudyAssignments (StudyID, EmployeeID) VALUES (@studyID, (SELECT EmployeeID FROM AstroSchema.Employees WHERE EmployeeName = 'Grace' AND EmployeeSurname = 'Bennett'));
INSERT INTO AstroSchema.StudyAssignments (StudyID, EmployeeID) VALUES (@studyID, (SELECT EmployeeID FROM AstroSchema.Employees WHERE EmployeeName = 'Keith' AND EmployeeSurname = 'Gilligan'));
INSERT INTO AstroSchema.StudyAssignments (StudyID, EmployeeID) VALUES (@studyID, (SELECT EmployeeID FROM AstroSchema.Employees WHERE EmployeeName = 'Maud' AND EmployeeSurname = 'MeriweatherII'));
INSERT INTO AstroSchema.Studies (StudyStartDate, StudyEndDate, StudySupervisor) VALUES ('2136-11-28', '2146-12-21', (SELECT EmployeeID FROM AstroSchema.Employees WHERE EmployeeName = 'James' AND EmployeeSurname = 'Alexander'));
SET @studyID = SCOPE_IDENTITY();
INSERT INTO AstroSchema.Anomalies (AnomalyStatus, AnomalyDescription, AnomalyLocation) VALUES ('In Progress', 'Automated probe lost contact with the base, reason unknown', (SELECT AstroObjectID FROM AstroSchema.AstroObjects WHERE AstroObjectName = 'Zaniah-B-3'));
SET @anomalyID = SCOPE_IDENTITY();
INSERT INTO AstroSchema.StudyStages (StudyID, AnomalyID, StageStartDate, StageEndDate) VALUES (@studyID, @anomalyID, '2133-12-14', '2148-10-11');
INSERT INTO AstroSchema.Anomalies (AnomalyStatus, AnomalyDescription, AnomalyLocation) VALUES ('Open', 'Unusual gravitational readings', (SELECT AstroObjectID FROM AstroSchema.AstroObjects WHERE AstroObjectName = 'Bir-A'));
SET @anomalyID = SCOPE_IDENTITY();
INSERT INTO AstroSchema.StudyStages (StudyID, AnomalyID, StageStartDate, StageEndDate) VALUES (@studyID, @anomalyID, '2126-04-12', '2149-03-03');
INSERT INTO AstroSchema.Anomalies (AnomalyStatus, AnomalyDescription, AnomalyLocation) VALUES ('Closed', 'Unidentified electromagnetic sygnals detected', (SELECT AstroObjectID FROM AstroSchema.AstroObjects WHERE AstroObjectName = 'Zimatullon-1'));
SET @anomalyID = SCOPE_IDENTITY();
INSERT INTO AstroSchema.StudyStages (StudyID, AnomalyID, StageStartDate, StageEndDate) VALUES (@studyID, @anomalyID, '2123-05-24', '2150-08-18');
INSERT INTO AstroSchema.Anomalies (AnomalyStatus, AnomalyDescription, AnomalyLocation) VALUES ('Closed', 'Abnormal energy readings', (SELECT AstroObjectID FROM AstroSchema.AstroObjects WHERE AstroObjectName = 'Mithar-A'));
SET @anomalyID = SCOPE_IDENTITY();
INSERT INTO AstroSchema.StudyStages (StudyID, AnomalyID, StageStartDate, StageEndDate) VALUES (@studyID, @anomalyID, '2132-06-13', '2148-12-07');
INSERT INTO AstroSchema.StudyAssignments (StudyID, EmployeeID) VALUES (@studyID, (SELECT EmployeeID FROM AstroSchema.Employees WHERE EmployeeName = 'Kathryn' AND EmployeeSurname = 'Renaud'));
INSERT INTO AstroSchema.Studies (StudyStartDate, StudyEndDate, StudySupervisor) VALUES ('2130-04-11', '2136-03-18', (SELECT EmployeeID FROM AstroSchema.Employees WHERE EmployeeName = 'Cecilia' AND EmployeeSurname = 'Arnold'));
SET @studyID = SCOPE_IDENTITY();
INSERT INTO AstroSchema.Anomalies (AnomalyStatus, AnomalyDescription, AnomalyLocation) VALUES ('Closed', 'This body has a very unusual composition', (SELECT AstroObjectID FROM AstroSchema.AstroObjects WHERE AstroObjectName = 'Brigaffa-B-0'));
SET @anomalyID = SCOPE_IDENTITY();
INSERT INTO AstroSchema.StudyStages (StudyID, AnomalyID, StageStartDate, StageEndDate) VALUES (@studyID, @anomalyID, '2128-07-27', '2138-04-18');
INSERT INTO AstroSchema.Anomalies (AnomalyStatus, AnomalyDescription, AnomalyLocation) VALUES ('Open', 'Stange waves of unknown origin sweep surface of this body regularly', (SELECT AstroObjectID FROM AstroSchema.AstroObjects WHERE AstroObjectName = 'Puntrazed-D-3'));
SET @anomalyID = SCOPE_IDENTITY();
INSERT INTO AstroSchema.StudyStages (StudyID, AnomalyID, StageStartDate, StageEndDate) VALUES (@studyID, @anomalyID, '2125-07-09', '2149-02-14');
INSERT INTO AstroSchema.StudyAssignments (StudyID, EmployeeID) VALUES (@studyID, (SELECT EmployeeID FROM AstroSchema.Employees WHERE EmployeeName = 'Ryan' AND EmployeeSurname = 'Hansen'));
INSERT INTO AstroSchema.StudyAssignments (StudyID, EmployeeID) VALUES (@studyID, (SELECT EmployeeID FROM AstroSchema.Employees WHERE EmployeeName = 'Lee' AND EmployeeSurname = 'Gardner'));
INSERT INTO AstroSchema.Studies (StudyStartDate, StudyEndDate, StudySupervisor) VALUES ('2150-04-23', '2150-12-07', (SELECT EmployeeID FROM AstroSchema.Employees WHERE EmployeeName = 'Eleonor' AND EmployeeSurname = 'Shields'));
SET @studyID = SCOPE_IDENTITY();
INSERT INTO AstroSchema.Anomalies (AnomalyStatus, AnomalyDescription, AnomalyLocation) VALUES ('Open', 'What may possibly be an aritificial structure was detected orbiting the body', (SELECT AstroObjectID FROM AstroSchema.AstroObjects WHERE AstroObjectName = 'Teige-0'));
SET @anomalyID = SCOPE_IDENTITY();
INSERT INTO AstroSchema.StudyStages (StudyID, AnomalyID, StageStartDate, StageEndDate) VALUES (@studyID, @anomalyID, '2141-05-21', '2150-12-13');
INSERT INTO AstroSchema.Anomalies (AnomalyStatus, AnomalyDescription, AnomalyLocation) VALUES ('Open', 'A distress signal was detected form this location', (SELECT AstroObjectID FROM AstroSchema.AstroObjects WHERE AstroObjectName = 'Dontaur-A-3'));
SET @anomalyID = SCOPE_IDENTITY();
INSERT INTO AstroSchema.StudyStages (StudyID, AnomalyID, StageStartDate, StageEndDate) VALUES (@studyID, @anomalyID, '2135-03-08', '2150-12-25');
INSERT INTO AstroSchema.StudyAssignments (StudyID, EmployeeID) VALUES (@studyID, (SELECT EmployeeID FROM AstroSchema.Employees WHERE EmployeeName = 'Horace' AND EmployeeSurname = 'Goodwin'));
INSERT INTO AstroSchema.StudyAssignments (StudyID, EmployeeID) VALUES (@studyID, (SELECT EmployeeID FROM AstroSchema.Employees WHERE EmployeeName = 'Edwina' AND EmployeeSurname = 'Atkins'));
INSERT INTO AstroSchema.Studies (StudyStartDate, StudyEndDate, StudySupervisor) VALUES ('2131-10-04', '2142-09-02', (SELECT EmployeeID FROM AstroSchema.Employees WHERE EmployeeName = 'Candace' AND EmployeeSurname = 'Colt'));
SET @studyID = SCOPE_IDENTITY();
INSERT INTO AstroSchema.Anomalies (AnomalyStatus, AnomalyDescription, AnomalyLocation) VALUES ('Open', 'This body has a very eccentric orbit', (SELECT AstroObjectID FROM AstroSchema.AstroObjects WHERE AstroObjectName = 'Arbatraeus-6'));
SET @anomalyID = SCOPE_IDENTITY();
INSERT INTO AstroSchema.StudyStages (StudyID, AnomalyID, StageStartDate, StageEndDate) VALUES (@studyID, @anomalyID, '2127-12-14', '2148-09-15');
INSERT INTO AstroSchema.Anomalies (AnomalyStatus, AnomalyDescription, AnomalyLocation) VALUES ('Closed', 'Unusually low amount of minerals detected', (SELECT AstroObjectID FROM AstroSchema.AstroObjects WHERE AstroObjectName = 'Liram-A-1'));
SET @anomalyID = SCOPE_IDENTITY();
INSERT INTO AstroSchema.StudyStages (StudyID, AnomalyID, StageStartDate, StageEndDate) VALUES (@studyID, @anomalyID, '2131-03-08', '2146-11-05');
INSERT INTO AstroSchema.StudyAssignments (StudyID, EmployeeID) VALUES (@studyID, (SELECT EmployeeID FROM AstroSchema.Employees WHERE EmployeeName = 'Elaine' AND EmployeeSurname = 'McCall'));
INSERT INTO AstroSchema.StudyAssignments (StudyID, EmployeeID) VALUES (@studyID, (SELECT EmployeeID FROM AstroSchema.Employees WHERE EmployeeName = 'Alexander' AND EmployeeSurname = 'Kenway'));
INSERT INTO AstroSchema.StudyAssignments (StudyID, EmployeeID) VALUES (@studyID, (SELECT EmployeeID FROM AstroSchema.Employees WHERE EmployeeName = 'Marvin' AND EmployeeSurname = 'Sutherland'));
INSERT INTO AstroSchema.StudyAssignments (StudyID, EmployeeID) VALUES (@studyID, (SELECT EmployeeID FROM AstroSchema.Employees WHERE EmployeeName = 'Maud' AND EmployeeSurname = 'MeriweatherII'));
INSERT INTO AstroSchema.StudyAssignments (StudyID, EmployeeID) VALUES (@studyID, (SELECT EmployeeID FROM AstroSchema.Employees WHERE EmployeeName = 'Erica' AND EmployeeSurname = 'Carlyle'));
INSERT INTO AstroSchema.Studies (StudyStartDate, StudyEndDate, StudySupervisor) VALUES ('2145-10-27', '2146-08-18', (SELECT EmployeeID FROM AstroSchema.Employees WHERE EmployeeName = 'Beatrice' AND EmployeeSurname = 'Salinger'));
SET @studyID = SCOPE_IDENTITY();
INSERT INTO AstroSchema.Anomalies (AnomalyStatus, AnomalyDescription, AnomalyLocation) VALUES ('In Progress', 'Abnormal energy readings', (SELECT AstroObjectID FROM AstroSchema.AstroObjects WHERE AstroObjectName = 'Il Ya-0'));
SET @anomalyID = SCOPE_IDENTITY();
INSERT INTO AstroSchema.StudyStages (StudyID, AnomalyID, StageStartDate, StageEndDate) VALUES (@studyID, @anomalyID, '2120-10-02', '2148-09-07');
INSERT INTO AstroSchema.Anomalies (AnomalyStatus, AnomalyDescription, AnomalyLocation) VALUES ('In Progress', 'Possible subsurface ocean detected', (SELECT AstroObjectID FROM AstroSchema.AstroObjects WHERE AstroObjectName = 'Belgium-C-0'));
SET @anomalyID = SCOPE_IDENTITY();
INSERT INTO AstroSchema.StudyStages (StudyID, AnomalyID, StageStartDate, StageEndDate) VALUES (@studyID, @anomalyID, '2122-05-12', '2148-09-28');
INSERT INTO AstroSchema.Anomalies (AnomalyStatus, AnomalyDescription, AnomalyLocation) VALUES ('Open', 'Huge asteroid, possibly rich in minerals', (SELECT AstroObjectID FROM AstroSchema.AstroObjects WHERE AstroObjectName = 'Puntrazed-D-3'));
SET @anomalyID = SCOPE_IDENTITY();
INSERT INTO AstroSchema.StudyStages (StudyID, AnomalyID, StageStartDate, StageEndDate) VALUES (@studyID, @anomalyID, '2120-10-18', '2149-06-25');
INSERT INTO AstroSchema.Anomalies (AnomalyStatus, AnomalyDescription, AnomalyLocation) VALUES ('In Progress', 'Automated probe lost contact with the base, reason unknown', (SELECT AstroObjectID FROM AstroSchema.AstroObjects WHERE AstroObjectName = 'Selnoc-A-4'));
SET @anomalyID = SCOPE_IDENTITY();
INSERT INTO AstroSchema.StudyStages (StudyID, AnomalyID, StageStartDate, StageEndDate) VALUES (@studyID, @anomalyID, '2137-10-28', '2147-05-10');
INSERT INTO AstroSchema.Anomalies (AnomalyStatus, AnomalyDescription, AnomalyLocation) VALUES ('Open', 'This body has a very eccentric orbit', (SELECT AstroObjectID FROM AstroSchema.AstroObjects WHERE AstroObjectName = 'Ansoulom-A-7'));
SET @anomalyID = SCOPE_IDENTITY();
INSERT INTO AstroSchema.StudyStages (StudyID, AnomalyID, StageStartDate, StageEndDate) VALUES (@studyID, @anomalyID, '2129-02-03', '2148-08-15');
INSERT INTO AstroSchema.StudyAssignments (StudyID, EmployeeID) VALUES (@studyID, (SELECT EmployeeID FROM AstroSchema.Employees WHERE EmployeeName = 'Darren' AND EmployeeSurname = 'Whitfield'));
INSERT INTO AstroSchema.Studies (StudyStartDate, StudyEndDate, StudySupervisor) VALUES ('2130-03-10', '2146-08-27', (SELECT EmployeeID FROM AstroSchema.Employees WHERE EmployeeName = 'Jason' AND EmployeeSurname = 'Hutchinson'));
SET @studyID = SCOPE_IDENTITY();
INSERT INTO AstroSchema.Anomalies (AnomalyStatus, AnomalyDescription, AnomalyLocation) VALUES ('Open', 'What may possibly be an aritificial structure was detected orbiting the body', (SELECT AstroObjectID FROM AstroSchema.AstroObjects WHERE AstroObjectName = 'Gloas-F-7'));
SET @anomalyID = SCOPE_IDENTITY();
INSERT INTO AstroSchema.StudyStages (StudyID, AnomalyID, StageStartDate, StageEndDate) VALUES (@studyID, @anomalyID, '2125-10-25', '2150-06-21');
INSERT INTO AstroSchema.Anomalies (AnomalyStatus, AnomalyDescription, AnomalyLocation) VALUES ('In Progress', 'Strange sattaellite of unknown origin', (SELECT AstroObjectID FROM AstroSchema.AstroObjects WHERE AstroObjectName = 'Fouahiri-B'));
SET @anomalyID = SCOPE_IDENTITY();
INSERT INTO AstroSchema.StudyStages (StudyID, AnomalyID, StageStartDate, StageEndDate) VALUES (@studyID, @anomalyID, '2122-05-26', '2150-03-12');
INSERT INTO AstroSchema.Anomalies (AnomalyStatus, AnomalyDescription, AnomalyLocation) VALUES ('Closed', 'A distress signal was detected form this location', (SELECT AstroObjectID FROM AstroSchema.AstroObjects WHERE AstroObjectName = 'Jhapp-C-1'));
SET @anomalyID = SCOPE_IDENTITY();
INSERT INTO AstroSchema.StudyStages (StudyID, AnomalyID, StageStartDate, StageEndDate) VALUES (@studyID, @anomalyID, '2127-02-23', '2150-04-23');
INSERT INTO AstroSchema.StudyAssignments (StudyID, EmployeeID) VALUES (@studyID, (SELECT EmployeeID FROM AstroSchema.Employees WHERE EmployeeName = 'Teri' AND EmployeeSurname = 'Taylor'));
INSERT INTO AstroSchema.Studies (StudyStartDate, StudyEndDate, StudySupervisor) VALUES ('2137-05-07', '2138-05-03', (SELECT EmployeeID FROM AstroSchema.Employees WHERE EmployeeName = 'Claire' AND EmployeeSurname = 'Nicholas'));
SET @studyID = SCOPE_IDENTITY();
INSERT INTO AstroSchema.Anomalies (AnomalyStatus, AnomalyDescription, AnomalyLocation) VALUES ('Closed', 'Unknown object, possibly an automated probe or a ship spotted nearby', (SELECT AstroObjectID FROM AstroSchema.AstroObjects WHERE AstroObjectName = 'Wiyter-B'));
SET @anomalyID = SCOPE_IDENTITY();
INSERT INTO AstroSchema.StudyStages (StudyID, AnomalyID, StageStartDate, StageEndDate) VALUES (@studyID, @anomalyID, '2129-12-08', '2141-12-24');
INSERT INTO AstroSchema.Anomalies (AnomalyStatus, AnomalyDescription, AnomalyLocation) VALUES ('In Progress', 'Abnormal energy readings', (SELECT AstroObjectID FROM AstroSchema.AstroObjects WHERE AstroObjectName = 'Bera-B'));
SET @anomalyID = SCOPE_IDENTITY();
INSERT INTO AstroSchema.StudyStages (StudyID, AnomalyID, StageStartDate, StageEndDate) VALUES (@studyID, @anomalyID, '2134-02-26', '2146-02-16');
INSERT INTO AstroSchema.Anomalies (AnomalyStatus, AnomalyDescription, AnomalyLocation) VALUES ('In Progress', 'Unusual magnetic field detected', (SELECT AstroObjectID FROM AstroSchema.AstroObjects WHERE AstroObjectName = 'Damia-A-4'));
SET @anomalyID = SCOPE_IDENTITY();
INSERT INTO AstroSchema.StudyStages (StudyID, AnomalyID, StageStartDate, StageEndDate) VALUES (@studyID, @anomalyID, '2132-10-21', '2142-12-16');
INSERT INTO AstroSchema.Anomalies (AnomalyStatus, AnomalyDescription, AnomalyLocation) VALUES ('Closed', 'Contact with exploration team was lost, reason unknown', (SELECT AstroObjectID FROM AstroSchema.AstroObjects WHERE AstroObjectName = 'Saraklis-B-8'));
SET @anomalyID = SCOPE_IDENTITY();
INSERT INTO AstroSchema.StudyStages (StudyID, AnomalyID, StageStartDate, StageEndDate) VALUES (@studyID, @anomalyID, '2124-06-17', '2146-06-05');
INSERT INTO AstroSchema.StudyAssignments (StudyID, EmployeeID) VALUES (@studyID, (SELECT EmployeeID FROM AstroSchema.Employees WHERE EmployeeName = 'Gina' AND EmployeeSurname = 'Walden'));
INSERT INTO AstroSchema.Studies (StudyStartDate, StudyEndDate, StudySupervisor) VALUES ('2120-03-11', '2125-12-16', (SELECT EmployeeID FROM AstroSchema.Employees WHERE EmployeeName = 'Judy' AND EmployeeSurname = 'Owens'));
SET @studyID = SCOPE_IDENTITY();
INSERT INTO AstroSchema.Anomalies (AnomalyStatus, AnomalyDescription, AnomalyLocation) VALUES ('Closed', 'Unusual gravitational readings', (SELECT AstroObjectID FROM AstroSchema.AstroObjects WHERE AstroObjectName = 'Grekil-B-1'));
SET @anomalyID = SCOPE_IDENTITY();
INSERT INTO AstroSchema.StudyStages (StudyID, AnomalyID, StageStartDate, StageEndDate) VALUES (@studyID, @anomalyID, '2120-02-02', '2150-07-03');
INSERT INTO AstroSchema.Anomalies (AnomalyStatus, AnomalyDescription, AnomalyLocation) VALUES ('Closed', 'Stange waves of unknown origin sweep surface of this body regularly', (SELECT AstroObjectID FROM AstroSchema.AstroObjects WHERE AstroObjectName = 'Cadmael-B-4'));
SET @anomalyID = SCOPE_IDENTITY();
INSERT INTO AstroSchema.StudyStages (StudyID, AnomalyID, StageStartDate, StageEndDate) VALUES (@studyID, @anomalyID, '2120-01-23', '2140-10-16');
INSERT INTO AstroSchema.StudyAssignments (StudyID, EmployeeID) VALUES (@studyID, (SELECT EmployeeID FROM AstroSchema.Employees WHERE EmployeeName = 'Penny' AND EmployeeSurname = 'Wilkins'));
INSERT INTO AstroSchema.StudyAssignments (StudyID, EmployeeID) VALUES (@studyID, (SELECT EmployeeID FROM AstroSchema.Employees WHERE EmployeeName = 'Rodney' AND EmployeeSurname = 'Kirby'));
INSERT INTO AstroSchema.StudyAssignments (StudyID, EmployeeID) VALUES (@studyID, (SELECT EmployeeID FROM AstroSchema.Employees WHERE EmployeeName = 'Jennifer' AND EmployeeSurname = 'Snider'));
INSERT INTO AstroSchema.Studies (StudyStartDate, StudyEndDate, StudySupervisor) VALUES ('2138-07-18', '2144-10-27', (SELECT EmployeeID FROM AstroSchema.Employees WHERE EmployeeName = 'Caitlyn' AND EmployeeSurname = 'Quinn'));
SET @studyID = SCOPE_IDENTITY();
INSERT INTO AstroSchema.Anomalies (AnomalyStatus, AnomalyDescription, AnomalyLocation) VALUES ('Open', 'Unusually high temperature detected', (SELECT AstroObjectID FROM AstroSchema.AstroObjects WHERE AstroObjectName = 'Jamor-B-1'));
SET @anomalyID = SCOPE_IDENTITY();
INSERT INTO AstroSchema.StudyStages (StudyID, AnomalyID, StageStartDate, StageEndDate) VALUES (@studyID, @anomalyID, '2134-01-27', '2148-05-10');
INSERT INTO AstroSchema.Anomalies (AnomalyStatus, AnomalyDescription, AnomalyLocation) VALUES ('Closed', 'Unidentified electromagnetic sygnals detected', (SELECT AstroObjectID FROM AstroSchema.AstroObjects WHERE AstroObjectName = 'Churassix-B-0'));
SET @anomalyID = SCOPE_IDENTITY();
INSERT INTO AstroSchema.StudyStages (StudyID, AnomalyID, StageStartDate, StageEndDate) VALUES (@studyID, @anomalyID, '2126-04-20', '2146-11-13');
INSERT INTO AstroSchema.Anomalies (AnomalyStatus, AnomalyDescription, AnomalyLocation) VALUES ('In Progress', 'Unique electromagnetic readings', (SELECT AstroObjectID FROM AstroSchema.AstroObjects WHERE AstroObjectName = 'Salluria-B-2'));
SET @anomalyID = SCOPE_IDENTITY();
INSERT INTO AstroSchema.StudyStages (StudyID, AnomalyID, StageStartDate, StageEndDate) VALUES (@studyID, @anomalyID, '2130-08-28', '2146-09-18');
INSERT INTO AstroSchema.StudyAssignments (StudyID, EmployeeID) VALUES (@studyID, (SELECT EmployeeID FROM AstroSchema.Employees WHERE EmployeeName = 'Graham' AND EmployeeSurname = 'Colbeck'));
INSERT INTO AstroSchema.StudyAssignments (StudyID, EmployeeID) VALUES (@studyID, (SELECT EmployeeID FROM AstroSchema.Employees WHERE EmployeeName = 'Maud' AND EmployeeSurname = 'MeriweatherII'));
INSERT INTO AstroSchema.StudyAssignments (StudyID, EmployeeID) VALUES (@studyID, (SELECT EmployeeID FROM AstroSchema.Employees WHERE EmployeeName = 'Darren' AND EmployeeSurname = 'Whitfield'));
INSERT INTO AstroSchema.StudyAssignments (StudyID, EmployeeID) VALUES (@studyID, (SELECT EmployeeID FROM AstroSchema.Employees WHERE EmployeeName = 'Gaylord' AND EmployeeSurname = 'Compton'));
INSERT INTO AstroSchema.Studies (StudyStartDate, StudyEndDate, StudySupervisor) VALUES ('2146-03-17', '2147-12-22', (SELECT EmployeeID FROM AstroSchema.Employees WHERE EmployeeName = 'Candace' AND EmployeeSurname = 'Colt'));
SET @studyID = SCOPE_IDENTITY();
INSERT INTO AstroSchema.Anomalies (AnomalyStatus, AnomalyDescription, AnomalyLocation) VALUES ('In Progress', 'Unique electromagnetic readings', (SELECT AstroObjectID FROM AstroSchema.AstroObjects WHERE AstroObjectName = 'Bitrius'));
SET @anomalyID = SCOPE_IDENTITY();
INSERT INTO AstroSchema.StudyStages (StudyID, AnomalyID, StageStartDate, StageEndDate) VALUES (@studyID, @anomalyID, '2143-07-11', '2150-08-20');
INSERT INTO AstroSchema.Anomalies (AnomalyStatus, AnomalyDescription, AnomalyLocation) VALUES ('Open', 'A distress signal was detected form this location', (SELECT AstroObjectID FROM AstroSchema.AstroObjects WHERE AstroObjectName = 'Deteenal-B'));
SET @anomalyID = SCOPE_IDENTITY();
INSERT INTO AstroSchema.StudyStages (StudyID, AnomalyID, StageStartDate, StageEndDate) VALUES (@studyID, @anomalyID, '2132-07-19', '2148-05-20');
INSERT INTO AstroSchema.Anomalies (AnomalyStatus, AnomalyDescription, AnomalyLocation) VALUES ('In Progress', 'Unusual magnetic field detected', (SELECT AstroObjectID FROM AstroSchema.AstroObjects WHERE AstroObjectName = 'Taunrak-D-5'));
SET @anomalyID = SCOPE_IDENTITY();
INSERT INTO AstroSchema.StudyStages (StudyID, AnomalyID, StageStartDate, StageEndDate) VALUES (@studyID, @anomalyID, '2134-12-02', '2148-05-27');
INSERT INTO AstroSchema.Anomalies (AnomalyStatus, AnomalyDescription, AnomalyLocation) VALUES ('Closed', 'Huge imapct crater left by unknown source detected', (SELECT AstroObjectID FROM AstroSchema.AstroObjects WHERE AstroObjectName = 'Seradon-C-7'));
SET @anomalyID = SCOPE_IDENTITY();
INSERT INTO AstroSchema.StudyStages (StudyID, AnomalyID, StageStartDate, StageEndDate) VALUES (@studyID, @anomalyID, '2145-08-11', '2149-07-17');
INSERT INTO AstroSchema.Anomalies (AnomalyStatus, AnomalyDescription, AnomalyLocation) VALUES ('In Progress', 'Possible subsurface ocean detected', (SELECT AstroObjectID FROM AstroSchema.AstroObjects WHERE AstroObjectName = 'Puntrazed-C-3'));
SET @anomalyID = SCOPE_IDENTITY();
INSERT INTO AstroSchema.StudyStages (StudyID, AnomalyID, StageStartDate, StageEndDate) VALUES (@studyID, @anomalyID, '2125-08-03', '2149-04-04');
INSERT INTO AstroSchema.StudyAssignments (StudyID, EmployeeID) VALUES (@studyID, (SELECT EmployeeID FROM AstroSchema.Employees WHERE EmployeeName = 'Erin' AND EmployeeSurname = 'Goodman'));
INSERT INTO AstroSchema.StudyAssignments (StudyID, EmployeeID) VALUES (@studyID, (SELECT EmployeeID FROM AstroSchema.Employees WHERE EmployeeName = 'Virginia' AND EmployeeSurname = 'Featherstone'));
INSERT INTO AstroSchema.StudyAssignments (StudyID, EmployeeID) VALUES (@studyID, (SELECT EmployeeID FROM AstroSchema.Employees WHERE EmployeeName = 'Craig' AND EmployeeSurname = 'Compton'));
INSERT INTO AstroSchema.Studies (StudyStartDate, StudyEndDate, StudySupervisor) VALUES ('2142-07-24', '2149-06-04', (SELECT EmployeeID FROM AstroSchema.Employees WHERE EmployeeName = 'Douglas' AND EmployeeSurname = 'Merchant'));
SET @studyID = SCOPE_IDENTITY();
INSERT INTO AstroSchema.Anomalies (AnomalyStatus, AnomalyDescription, AnomalyLocation) VALUES ('In Progress', 'Stange waves of unknown origin sweep surface of this body regularly', (SELECT AstroObjectID FROM AstroSchema.AstroObjects WHERE AstroObjectName = 'Laleya-F-3'));
SET @anomalyID = SCOPE_IDENTITY();
INSERT INTO AstroSchema.StudyStages (StudyID, AnomalyID, StageStartDate, StageEndDate) VALUES (@studyID, @anomalyID, '2123-04-19', '2150-12-21');
INSERT INTO AstroSchema.Anomalies (AnomalyStatus, AnomalyDescription, AnomalyLocation) VALUES ('In Progress', 'Contact with exploration team was lost, reason unknown', (SELECT AstroObjectID FROM AstroSchema.AstroObjects WHERE AstroObjectName = 'Gloas-C'));
SET @anomalyID = SCOPE_IDENTITY();
INSERT INTO AstroSchema.StudyStages (StudyID, AnomalyID, StageStartDate, StageEndDate) VALUES (@studyID, @anomalyID, '2131-09-19', '2149-11-21');
INSERT INTO AstroSchema.Anomalies (AnomalyStatus, AnomalyDescription, AnomalyLocation) VALUES ('In Progress', 'Unusual magnetic field detected', (SELECT AstroObjectID FROM AstroSchema.AstroObjects WHERE AstroObjectName = 'Kelsim'));
SET @anomalyID = SCOPE_IDENTITY();
INSERT INTO AstroSchema.StudyStages (StudyID, AnomalyID, StageStartDate, StageEndDate) VALUES (@studyID, @anomalyID, '2139-09-10', '2150-06-21');
INSERT INTO AstroSchema.StudyAssignments (StudyID, EmployeeID) VALUES (@studyID, (SELECT EmployeeID FROM AstroSchema.Employees WHERE EmployeeName = 'Tisha' AND EmployeeSurname = 'Montgomery'));
INSERT INTO AstroSchema.StudyAssignments (StudyID, EmployeeID) VALUES (@studyID, (SELECT EmployeeID FROM AstroSchema.Employees WHERE EmployeeName = 'Jason' AND EmployeeSurname = 'Hutchinson'));
INSERT INTO AstroSchema.StudyAssignments (StudyID, EmployeeID) VALUES (@studyID, (SELECT EmployeeID FROM AstroSchema.Employees WHERE EmployeeName = 'Doris' AND EmployeeSurname = 'Kane'));
INSERT INTO AstroSchema.StudyAssignments (StudyID, EmployeeID) VALUES (@studyID, (SELECT EmployeeID FROM AstroSchema.Employees WHERE EmployeeName = 'Suzanne' AND EmployeeSurname = 'Bainbridge'));
INSERT INTO AstroSchema.Studies (StudyStartDate, StudyEndDate, StudySupervisor) VALUES ('2142-02-20', '2150-12-14', (SELECT EmployeeID FROM AstroSchema.Employees WHERE EmployeeName = 'Ernest' AND EmployeeSurname = 'Barton'));
SET @studyID = SCOPE_IDENTITY();
INSERT INTO AstroSchema.Anomalies (AnomalyStatus, AnomalyDescription, AnomalyLocation) VALUES ('In Progress', 'Unknown object, possibly an automated probe or a ship spotted nearby', (SELECT AstroObjectID FROM AstroSchema.AstroObjects WHERE AstroObjectName = 'Puntrazed-D-4'));
SET @anomalyID = SCOPE_IDENTITY();
INSERT INTO AstroSchema.StudyStages (StudyID, AnomalyID, StageStartDate, StageEndDate) VALUES (@studyID, @anomalyID, '2126-06-16', '2150-12-28');
INSERT INTO AstroSchema.Anomalies (AnomalyStatus, AnomalyDescription, AnomalyLocation) VALUES ('In Progress', 'This body has a very unusual composition', (SELECT AstroObjectID FROM AstroSchema.AstroObjects WHERE AstroObjectName = 'Beta Stefani-B'));
SET @anomalyID = SCOPE_IDENTITY();
INSERT INTO AstroSchema.StudyStages (StudyID, AnomalyID, StageStartDate, StageEndDate) VALUES (@studyID, @anomalyID, '2131-11-15', '2150-12-16');
INSERT INTO AstroSchema.Anomalies (AnomalyStatus, AnomalyDescription, AnomalyLocation) VALUES ('Open', 'Unknown object, possibly an automated probe or a ship spotted nearby', (SELECT AstroObjectID FROM AstroSchema.AstroObjects WHERE AstroObjectName = 'Enberg'));
SET @anomalyID = SCOPE_IDENTITY();
INSERT INTO AstroSchema.StudyStages (StudyID, AnomalyID, StageStartDate, StageEndDate) VALUES (@studyID, @anomalyID, '2135-09-21', '2150-12-19');
INSERT INTO AstroSchema.Anomalies (AnomalyStatus, AnomalyDescription, AnomalyLocation) VALUES ('In Progress', 'Automated probe lost contact with the base, reason unknown', (SELECT AstroObjectID FROM AstroSchema.AstroObjects WHERE AstroObjectName = 'TVilkait-7'));
SET @anomalyID = SCOPE_IDENTITY();
INSERT INTO AstroSchema.StudyStages (StudyID, AnomalyID, StageStartDate, StageEndDate) VALUES (@studyID, @anomalyID, '2129-05-14', '2150-12-17');
INSERT INTO AstroSchema.StudyAssignments (StudyID, EmployeeID) VALUES (@studyID, (SELECT EmployeeID FROM AstroSchema.Employees WHERE EmployeeName = 'Nadine' AND EmployeeSurname = 'Sedgwick'));
INSERT INTO AstroSchema.StudyAssignments (StudyID, EmployeeID) VALUES (@studyID, (SELECT EmployeeID FROM AstroSchema.Employees WHERE EmployeeName = 'Teri' AND EmployeeSurname = 'Sheridan'));
INSERT INTO AstroSchema.StudyAssignments (StudyID, EmployeeID) VALUES (@studyID, (SELECT EmployeeID FROM AstroSchema.Employees WHERE EmployeeName = 'Nicole' AND EmployeeSurname = 'Bergman'));
INSERT INTO AstroSchema.StudyAssignments (StudyID, EmployeeID) VALUES (@studyID, (SELECT EmployeeID FROM AstroSchema.Employees WHERE EmployeeName = 'Edgar' AND EmployeeSurname = 'Hutchinson'));
INSERT INTO AstroSchema.Studies (StudyStartDate, StudyEndDate, StudySupervisor) VALUES ('2146-06-06', '2150-06-06', (SELECT EmployeeID FROM AstroSchema.Employees WHERE EmployeeName = 'Emily' AND EmployeeSurname = 'Lynch'));
SET @studyID = SCOPE_IDENTITY();
INSERT INTO AstroSchema.Anomalies (AnomalyStatus, AnomalyDescription, AnomalyLocation) VALUES ('In Progress', 'Unusually low amount of minerals detected', (SELECT AstroObjectID FROM AstroSchema.AstroObjects WHERE AstroObjectName = 'Ditrim-B-1'));
SET @anomalyID = SCOPE_IDENTITY();
INSERT INTO AstroSchema.StudyStages (StudyID, AnomalyID, StageStartDate, StageEndDate) VALUES (@studyID, @anomalyID, '2145-07-07', '2150-07-27');
INSERT INTO AstroSchema.Anomalies (AnomalyStatus, AnomalyDescription, AnomalyLocation) VALUES ('Open', 'Possible subsurface ocean detected', (SELECT AstroObjectID FROM AstroSchema.AstroObjects WHERE AstroObjectName = 'Dwithim-B'));
SET @anomalyID = SCOPE_IDENTITY();
INSERT INTO AstroSchema.StudyStages (StudyID, AnomalyID, StageStartDate, StageEndDate) VALUES (@studyID, @anomalyID, '2122-11-15', '2150-06-28');
INSERT INTO AstroSchema.Anomalies (AnomalyStatus, AnomalyDescription, AnomalyLocation) VALUES ('Open', 'Huge asteroid, possibly rich in minerals', (SELECT AstroObjectID FROM AstroSchema.AstroObjects WHERE AstroObjectName = 'Laleya-B-1'));
SET @anomalyID = SCOPE_IDENTITY();
INSERT INTO AstroSchema.StudyStages (StudyID, AnomalyID, StageStartDate, StageEndDate) VALUES (@studyID, @anomalyID, '2135-09-03', '2150-09-22');
INSERT INTO AstroSchema.StudyAssignments (StudyID, EmployeeID) VALUES (@studyID, (SELECT EmployeeID FROM AstroSchema.Employees WHERE EmployeeName = 'Rebecca' AND EmployeeSurname = 'Sheridan'));
INSERT INTO AstroSchema.StudyAssignments (StudyID, EmployeeID) VALUES (@studyID, (SELECT EmployeeID FROM AstroSchema.Employees WHERE EmployeeName = 'Nicole' AND EmployeeSurname = 'Bergman'));
INSERT INTO AstroSchema.StudyAssignments (StudyID, EmployeeID) VALUES (@studyID, (SELECT EmployeeID FROM AstroSchema.Employees WHERE EmployeeName = 'Lisa' AND EmployeeSurname = 'Sedgwick'));
INSERT INTO AstroSchema.StudyAssignments (StudyID, EmployeeID) VALUES (@studyID, (SELECT EmployeeID FROM AstroSchema.Employees WHERE EmployeeName = 'Charity' AND EmployeeSurname = 'Thornton'));
INSERT INTO AstroSchema.Studies (StudyStartDate, StudyEndDate, StudySupervisor) VALUES ('2131-06-10', '2138-11-28', (SELECT EmployeeID FROM AstroSchema.Employees WHERE EmployeeName = 'Alexandra' AND EmployeeSurname = 'Sheridan'));
SET @studyID = SCOPE_IDENTITY();
INSERT INTO AstroSchema.Anomalies (AnomalyStatus, AnomalyDescription, AnomalyLocation) VALUES ('Open', 'Unusually low amount of minerals detected', (SELECT AstroObjectID FROM AstroSchema.AstroObjects WHERE AstroObjectName = 'Liram-A'));
SET @anomalyID = SCOPE_IDENTITY();
INSERT INTO AstroSchema.StudyStages (StudyID, AnomalyID, StageStartDate, StageEndDate) VALUES (@studyID, @anomalyID, '2131-04-07', '2141-01-24');
INSERT INTO AstroSchema.Anomalies (AnomalyStatus, AnomalyDescription, AnomalyLocation) VALUES ('In Progress', 'Unknown object, possibly an automated probe or a ship spotted nearby', (SELECT AstroObjectID FROM AstroSchema.AstroObjects WHERE AstroObjectName = 'Nemozi-B-0'));
SET @anomalyID = SCOPE_IDENTITY();
INSERT INTO AstroSchema.StudyStages (StudyID, AnomalyID, StageStartDate, StageEndDate) VALUES (@studyID, @anomalyID, '2127-07-12', '2145-01-19');
INSERT INTO AstroSchema.Anomalies (AnomalyStatus, AnomalyDescription, AnomalyLocation) VALUES ('Open', 'What may possibly be an aritificial structure was detected orbiting the body', (SELECT AstroObjectID FROM AstroSchema.AstroObjects WHERE AstroObjectName = 'Felis-B-7'));
SET @anomalyID = SCOPE_IDENTITY();
INSERT INTO AstroSchema.StudyStages (StudyID, AnomalyID, StageStartDate, StageEndDate) VALUES (@studyID, @anomalyID, '2127-05-08', '2139-10-08');
INSERT INTO AstroSchema.Anomalies (AnomalyStatus, AnomalyDescription, AnomalyLocation) VALUES ('In Progress', 'Abnormal energy readings', (SELECT AstroObjectID FROM AstroSchema.AstroObjects WHERE AstroObjectName = 'Ebbarmacchus-B-5'));
SET @anomalyID = SCOPE_IDENTITY();
INSERT INTO AstroSchema.StudyStages (StudyID, AnomalyID, StageStartDate, StageEndDate) VALUES (@studyID, @anomalyID, '2130-12-20', '2149-07-15');
INSERT INTO AstroSchema.StudyAssignments (StudyID, EmployeeID) VALUES (@studyID, (SELECT EmployeeID FROM AstroSchema.Employees WHERE EmployeeName = 'Xavier' AND EmployeeSurname = 'York'));
INSERT INTO AstroSchema.Studies (StudyStartDate, StudyEndDate, StudySupervisor) VALUES ('2122-06-13', '2141-06-12', (SELECT EmployeeID FROM AstroSchema.Employees WHERE EmployeeName = 'Emma' AND EmployeeSurname = 'Johnson'));
SET @studyID = SCOPE_IDENTITY();
INSERT INTO AstroSchema.Anomalies (AnomalyStatus, AnomalyDescription, AnomalyLocation) VALUES ('In Progress', 'Huge imapct crater left by unknown source detected', (SELECT AstroObjectID FROM AstroSchema.AstroObjects WHERE AstroObjectName = 'Salluria-B-7'));
SET @anomalyID = SCOPE_IDENTITY();
INSERT INTO AstroSchema.StudyStages (StudyID, AnomalyID, StageStartDate, StageEndDate) VALUES (@studyID, @anomalyID, '2121-07-11', '2146-02-21');
INSERT INTO AstroSchema.StudyAssignments (StudyID, EmployeeID) VALUES (@studyID, (SELECT EmployeeID FROM AstroSchema.Employees WHERE EmployeeName = 'Erin' AND EmployeeSurname = 'Goodman'));
INSERT INTO AstroSchema.StudyAssignments (StudyID, EmployeeID) VALUES (@studyID, (SELECT EmployeeID FROM AstroSchema.Employees WHERE EmployeeName = 'Megan' AND EmployeeSurname = 'Gilligan'));
INSERT INTO AstroSchema.Studies (StudyStartDate, StudyEndDate, StudySupervisor) VALUES ('2127-07-07', '2142-06-25', (SELECT EmployeeID FROM AstroSchema.Employees WHERE EmployeeName = 'Dennis' AND EmployeeSurname = 'Baird'));
SET @studyID = SCOPE_IDENTITY();
INSERT INTO AstroSchema.Anomalies (AnomalyStatus, AnomalyDescription, AnomalyLocation) VALUES ('In Progress', 'This body has a very eccentric orbit', (SELECT AstroObjectID FROM AstroSchema.AstroObjects WHERE AstroObjectName = 'Rammas-C'));
SET @anomalyID = SCOPE_IDENTITY();
INSERT INTO AstroSchema.StudyStages (StudyID, AnomalyID, StageStartDate, StageEndDate) VALUES (@studyID, @anomalyID, '2125-06-19', '2147-10-12');
INSERT INTO AstroSchema.Anomalies (AnomalyStatus, AnomalyDescription, AnomalyLocation) VALUES ('Closed', 'Contact with exploration team was lost, reason unknown', (SELECT AstroObjectID FROM AstroSchema.AstroObjects WHERE AstroObjectName = 'Qurus-B-2'));
SET @anomalyID = SCOPE_IDENTITY();
INSERT INTO AstroSchema.StudyStages (StudyID, AnomalyID, StageStartDate, StageEndDate) VALUES (@studyID, @anomalyID, '2122-11-20', '2144-06-19');
INSERT INTO AstroSchema.Anomalies (AnomalyStatus, AnomalyDescription, AnomalyLocation) VALUES ('In Progress', 'Unusual magnetic field detected', (SELECT AstroObjectID FROM AstroSchema.AstroObjects WHERE AstroObjectName = 'Japris-C-0'));
SET @anomalyID = SCOPE_IDENTITY();
INSERT INTO AstroSchema.StudyStages (StudyID, AnomalyID, StageStartDate, StageEndDate) VALUES (@studyID, @anomalyID, '2122-09-09', '2146-04-15');
INSERT INTO AstroSchema.Anomalies (AnomalyStatus, AnomalyDescription, AnomalyLocation) VALUES ('Closed', 'Huge imapct crater left by unknown source detected', (SELECT AstroObjectID FROM AstroSchema.AstroObjects WHERE AstroObjectName = 'Kornephoros-C-2'));
SET @anomalyID = SCOPE_IDENTITY();
INSERT INTO AstroSchema.StudyStages (StudyID, AnomalyID, StageStartDate, StageEndDate) VALUES (@studyID, @anomalyID, '2125-12-12', '2147-02-28');
INSERT INTO AstroSchema.StudyAssignments (StudyID, EmployeeID) VALUES (@studyID, (SELECT EmployeeID FROM AstroSchema.Employees WHERE EmployeeName = 'Matilda' AND EmployeeSurname = 'Pfaffenbach'));
INSERT INTO AstroSchema.StudyAssignments (StudyID, EmployeeID) VALUES (@studyID, (SELECT EmployeeID FROM AstroSchema.Employees WHERE EmployeeName = 'Anna' AND EmployeeSurname = 'Whitley'));
INSERT INTO AstroSchema.StudyAssignments (StudyID, EmployeeID) VALUES (@studyID, (SELECT EmployeeID FROM AstroSchema.Employees WHERE EmployeeName = 'Darren' AND EmployeeSurname = 'Whitfield'));
INSERT INTO AstroSchema.StudyAssignments (StudyID, EmployeeID) VALUES (@studyID, (SELECT EmployeeID FROM AstroSchema.Employees WHERE EmployeeName = 'Roxanne' AND EmployeeSurname = 'Hoover'));
INSERT INTO AstroSchema.Studies (StudyStartDate, StudyEndDate, StudySupervisor) VALUES ('2139-04-17', '2140-12-21', (SELECT EmployeeID FROM AstroSchema.Employees WHERE EmployeeName = 'Emmett' AND EmployeeSurname = 'Walters'));
SET @studyID = SCOPE_IDENTITY();
INSERT INTO AstroSchema.Anomalies (AnomalyStatus, AnomalyDescription, AnomalyLocation) VALUES ('In Progress', 'Automated probe lost contact with the base, reason unknown', (SELECT AstroObjectID FROM AstroSchema.AstroObjects WHERE AstroObjectName = 'Kentharom-A-0'));
SET @anomalyID = SCOPE_IDENTITY();
INSERT INTO AstroSchema.StudyStages (StudyID, AnomalyID, StageStartDate, StageEndDate) VALUES (@studyID, @anomalyID, '2130-10-08', '2144-12-05');
INSERT INTO AstroSchema.Anomalies (AnomalyStatus, AnomalyDescription, AnomalyLocation) VALUES ('Closed', 'This body has a very eccentric orbit', (SELECT AstroObjectID FROM AstroSchema.AstroObjects WHERE AstroObjectName = 'Cirban-F'));
SET @anomalyID = SCOPE_IDENTITY();
INSERT INTO AstroSchema.StudyStages (StudyID, AnomalyID, StageStartDate, StageEndDate) VALUES (@studyID, @anomalyID, '2131-01-07', '2149-05-20');
INSERT INTO AstroSchema.StudyAssignments (StudyID, EmployeeID) VALUES (@studyID, (SELECT EmployeeID FROM AstroSchema.Employees WHERE EmployeeName = 'Honor' AND EmployeeSurname = 'Stiles'));
INSERT INTO AstroSchema.StudyAssignments (StudyID, EmployeeID) VALUES (@studyID, (SELECT EmployeeID FROM AstroSchema.Employees WHERE EmployeeName = 'Constance' AND EmployeeSurname = 'Hoover'));
INSERT INTO AstroSchema.StudyAssignments (StudyID, EmployeeID) VALUES (@studyID, (SELECT EmployeeID FROM AstroSchema.Employees WHERE EmployeeName = 'Horatio' AND EmployeeSurname = 'Welsh'));
INSERT INTO AstroSchema.StudyAssignments (StudyID, EmployeeID) VALUES (@studyID, (SELECT EmployeeID FROM AstroSchema.Employees WHERE EmployeeName = 'Ethan' AND EmployeeSurname = 'Smith'));
INSERT INTO AstroSchema.Studies (StudyStartDate, StudyEndDate, StudySupervisor) VALUES ('2139-02-24', '2140-06-14', (SELECT EmployeeID FROM AstroSchema.Employees WHERE EmployeeName = 'Robin' AND EmployeeSurname = 'Penebscott'));
SET @studyID = SCOPE_IDENTITY();
INSERT INTO AstroSchema.Anomalies (AnomalyStatus, AnomalyDescription, AnomalyLocation) VALUES ('Open', 'Unusual magnetic field detected', (SELECT AstroObjectID FROM AstroSchema.AstroObjects WHERE AstroObjectName = 'Belgium-B-1'));
SET @anomalyID = SCOPE_IDENTITY();
INSERT INTO AstroSchema.StudyStages (StudyID, AnomalyID, StageStartDate, StageEndDate) VALUES (@studyID, @anomalyID, '2130-10-27', '2148-12-04');
INSERT INTO AstroSchema.Anomalies (AnomalyStatus, AnomalyDescription, AnomalyLocation) VALUES ('Closed', 'This body has a very unusual composition', (SELECT AstroObjectID FROM AstroSchema.AstroObjects WHERE AstroObjectName = 'Belgium-C-4'));
SET @anomalyID = SCOPE_IDENTITY();
INSERT INTO AstroSchema.StudyStages (StudyID, AnomalyID, StageStartDate, StageEndDate) VALUES (@studyID, @anomalyID, '2136-03-15', '2146-09-04');
INSERT INTO AstroSchema.Anomalies (AnomalyStatus, AnomalyDescription, AnomalyLocation) VALUES ('In Progress', 'Strange sattaellite of unknown origin', (SELECT AstroObjectID FROM AstroSchema.AstroObjects WHERE AstroObjectName = 'Withyr-C-0'));
SET @anomalyID = SCOPE_IDENTITY();
INSERT INTO AstroSchema.StudyStages (StudyID, AnomalyID, StageStartDate, StageEndDate) VALUES (@studyID, @anomalyID, '2135-05-11', '2143-07-01');
INSERT INTO AstroSchema.Anomalies (AnomalyStatus, AnomalyDescription, AnomalyLocation) VALUES ('Closed', 'Huge imapct crater left by unknown source detected', (SELECT AstroObjectID FROM AstroSchema.AstroObjects WHERE AstroObjectName = 'Simtinasca-2'));
SET @anomalyID = SCOPE_IDENTITY();
INSERT INTO AstroSchema.StudyStages (StudyID, AnomalyID, StageStartDate, StageEndDate) VALUES (@studyID, @anomalyID, '2125-08-11', '2147-04-26');
INSERT INTO AstroSchema.StudyAssignments (StudyID, EmployeeID) VALUES (@studyID, (SELECT EmployeeID FROM AstroSchema.Employees WHERE EmployeeName = 'Leonard' AND EmployeeSurname = 'Jones'));
INSERT INTO AstroSchema.Studies (StudyStartDate, StudyEndDate, StudySupervisor) VALUES ('2145-11-13', '2149-07-24', (SELECT EmployeeID FROM AstroSchema.Employees WHERE EmployeeName = 'Caitlyn' AND EmployeeSurname = 'Quinn'));
SET @studyID = SCOPE_IDENTITY();
INSERT INTO AstroSchema.Anomalies (AnomalyStatus, AnomalyDescription, AnomalyLocation) VALUES ('Closed', 'Unusually low temperature detected', (SELECT AstroObjectID FROM AstroSchema.AstroObjects WHERE AstroObjectName = 'Jamor-A-0'));
SET @anomalyID = SCOPE_IDENTITY();
INSERT INTO AstroSchema.StudyStages (StudyID, AnomalyID, StageStartDate, StageEndDate) VALUES (@studyID, @anomalyID, '2136-07-13', '2150-01-23');
INSERT INTO AstroSchema.Anomalies (AnomalyStatus, AnomalyDescription, AnomalyLocation) VALUES ('In Progress', 'Strange sattaellite of unknown origin', (SELECT AstroObjectID FROM AstroSchema.AstroObjects WHERE AstroObjectName = 'Antares-B-0'));
SET @anomalyID = SCOPE_IDENTITY();
INSERT INTO AstroSchema.StudyStages (StudyID, AnomalyID, StageStartDate, StageEndDate) VALUES (@studyID, @anomalyID, '2135-05-26', '2149-10-22');
INSERT INTO AstroSchema.Anomalies (AnomalyStatus, AnomalyDescription, AnomalyLocation) VALUES ('Closed', 'This body has a very eccentric orbit', (SELECT AstroObjectID FROM AstroSchema.AstroObjects WHERE AstroObjectName = 'Okul-B'));
SET @anomalyID = SCOPE_IDENTITY();
INSERT INTO AstroSchema.StudyStages (StudyID, AnomalyID, StageStartDate, StageEndDate) VALUES (@studyID, @anomalyID, '2124-06-24', '2149-09-02');
INSERT INTO AstroSchema.Anomalies (AnomalyStatus, AnomalyDescription, AnomalyLocation) VALUES ('Closed', 'Strange sattaellite of unknown origin', (SELECT AstroObjectID FROM AstroSchema.AstroObjects WHERE AstroObjectName = 'Deteenal-B-0'));
SET @anomalyID = SCOPE_IDENTITY();
INSERT INTO AstroSchema.StudyStages (StudyID, AnomalyID, StageStartDate, StageEndDate) VALUES (@studyID, @anomalyID, '2120-07-10', '2150-06-19');
INSERT INTO AstroSchema.Anomalies (AnomalyStatus, AnomalyDescription, AnomalyLocation) VALUES ('Closed', 'Huge imapct crater left by unknown source detected', (SELECT AstroObjectID FROM AstroSchema.AstroObjects WHERE AstroObjectName = 'Vumm-A-3'));
SET @anomalyID = SCOPE_IDENTITY();
INSERT INTO AstroSchema.StudyStages (StudyID, AnomalyID, StageStartDate, StageEndDate) VALUES (@studyID, @anomalyID, '2122-04-21', '2150-10-11');
INSERT INTO AstroSchema.StudyAssignments (StudyID, EmployeeID) VALUES (@studyID, (SELECT EmployeeID FROM AstroSchema.Employees WHERE EmployeeName = 'Scarlett' AND EmployeeSurname = 'Bowden'));
INSERT INTO AstroSchema.StudyAssignments (StudyID, EmployeeID) VALUES (@studyID, (SELECT EmployeeID FROM AstroSchema.Employees WHERE EmployeeName = 'Vera' AND EmployeeSurname = 'Fowler'));
INSERT INTO AstroSchema.Studies (StudyStartDate, StudyEndDate, StudySupervisor) VALUES ('2128-12-04', '2138-01-02', (SELECT EmployeeID FROM AstroSchema.Employees WHERE EmployeeName = 'Penelope' AND EmployeeSurname = 'Masterson'));
SET @studyID = SCOPE_IDENTITY();
INSERT INTO AstroSchema.Anomalies (AnomalyStatus, AnomalyDescription, AnomalyLocation) VALUES ('Closed', 'This body has a very eccentric orbit', (SELECT AstroObjectID FROM AstroSchema.AstroObjects WHERE AstroObjectName = 'Urill-B-4'));
SET @anomalyID = SCOPE_IDENTITY();
INSERT INTO AstroSchema.StudyStages (StudyID, AnomalyID, StageStartDate, StageEndDate) VALUES (@studyID, @anomalyID, '2123-05-09', '2144-01-27');
INSERT INTO AstroSchema.StudyAssignments (StudyID, EmployeeID) VALUES (@studyID, (SELECT EmployeeID FROM AstroSchema.Employees WHERE EmployeeName = 'Felix' AND EmployeeSurname = 'Stanley'));
INSERT INTO AstroSchema.StudyAssignments (StudyID, EmployeeID) VALUES (@studyID, (SELECT EmployeeID FROM AstroSchema.Employees WHERE EmployeeName = 'Margaret' AND EmployeeSurname = 'Tucker'));
INSERT INTO AstroSchema.Studies (StudyStartDate, StudyEndDate, StudySupervisor) VALUES ('2150-02-04', '2150-07-09', (SELECT EmployeeID FROM AstroSchema.Employees WHERE EmployeeName = 'Elaine' AND EmployeeSurname = 'McCall'));
SET @studyID = SCOPE_IDENTITY();
INSERT INTO AstroSchema.Anomalies (AnomalyStatus, AnomalyDescription, AnomalyLocation) VALUES ('Closed', 'Strange sattaellite of unknown origin', (SELECT AstroObjectID FROM AstroSchema.AstroObjects WHERE AstroObjectName = 'Cknoor-A-2'));
SET @anomalyID = SCOPE_IDENTITY();
INSERT INTO AstroSchema.StudyStages (StudyID, AnomalyID, StageStartDate, StageEndDate) VALUES (@studyID, @anomalyID, '2129-03-21', '2150-10-15');
INSERT INTO AstroSchema.Anomalies (AnomalyStatus, AnomalyDescription, AnomalyLocation) VALUES ('Closed', 'Stange waves of unknown origin sweep surface of this body regularly', (SELECT AstroObjectID FROM AstroSchema.AstroObjects WHERE AstroObjectName = 'Belgium-B-0'));
SET @anomalyID = SCOPE_IDENTITY();
INSERT INTO AstroSchema.StudyStages (StudyID, AnomalyID, StageStartDate, StageEndDate) VALUES (@studyID, @anomalyID, '2134-05-24', '2150-11-04');
INSERT INTO AstroSchema.StudyAssignments (StudyID, EmployeeID) VALUES (@studyID, (SELECT EmployeeID FROM AstroSchema.Employees WHERE EmployeeName = 'Gwen' AND EmployeeSurname = 'Holloway'));
INSERT INTO AstroSchema.Studies (StudyStartDate, StudyEndDate, StudySupervisor) VALUES ('2134-03-04', '2150-12-27', (SELECT EmployeeID FROM AstroSchema.Employees WHERE EmployeeName = 'Jane' AND EmployeeSurname = 'King'));
SET @studyID = SCOPE_IDENTITY();
INSERT INTO AstroSchema.Anomalies (AnomalyStatus, AnomalyDescription, AnomalyLocation) VALUES ('Open', 'Possible subsurface ocean detected', (SELECT AstroObjectID FROM AstroSchema.AstroObjects WHERE AstroObjectName = 'Derellis-B-0'));
SET @anomalyID = SCOPE_IDENTITY();
INSERT INTO AstroSchema.StudyStages (StudyID, AnomalyID, StageStartDate, StageEndDate) VALUES (@studyID, @anomalyID, '2132-03-16', '2150-12-28');
INSERT INTO AstroSchema.Anomalies (AnomalyStatus, AnomalyDescription, AnomalyLocation) VALUES ('In Progress', 'Unknown object, possibly an automated probe or a ship spotted nearby', (SELECT AstroObjectID FROM AstroSchema.AstroObjects WHERE AstroObjectName = 'Saraklis-C'));
SET @anomalyID = SCOPE_IDENTITY();
INSERT INTO AstroSchema.StudyStages (StudyID, AnomalyID, StageStartDate, StageEndDate) VALUES (@studyID, @anomalyID, '2128-11-23', '2150-12-27');
INSERT INTO AstroSchema.StudyAssignments (StudyID, EmployeeID) VALUES (@studyID, (SELECT EmployeeID FROM AstroSchema.Employees WHERE EmployeeName = 'Odette' AND EmployeeSurname = 'Sweeney'));
INSERT INTO AstroSchema.StudyAssignments (StudyID, EmployeeID) VALUES (@studyID, (SELECT EmployeeID FROM AstroSchema.Employees WHERE EmployeeName = 'Dermot' AND EmployeeSurname = 'Holden'));
INSERT INTO AstroSchema.StudyAssignments (StudyID, EmployeeID) VALUES (@studyID, (SELECT EmployeeID FROM AstroSchema.Employees WHERE EmployeeName = 'Alice' AND EmployeeSurname = 'Hendricks'));
INSERT INTO AstroSchema.Studies (StudyStartDate, StudyEndDate, StudySupervisor) VALUES ('2136-07-16', '2150-04-18', (SELECT EmployeeID FROM AstroSchema.Employees WHERE EmployeeName = 'Virginia' AND EmployeeSurname = 'Featherstone'));
SET @studyID = SCOPE_IDENTITY();
INSERT INTO AstroSchema.Anomalies (AnomalyStatus, AnomalyDescription, AnomalyLocation) VALUES ('In Progress', 'Automated probe lost contact with the base, reason unknown', (SELECT AstroObjectID FROM AstroSchema.AstroObjects WHERE AstroObjectName = 'Teige'));
SET @anomalyID = SCOPE_IDENTITY();
INSERT INTO AstroSchema.StudyStages (StudyID, AnomalyID, StageStartDate, StageEndDate) VALUES (@studyID, @anomalyID, '2120-10-01', '2150-06-18');
INSERT INTO AstroSchema.Anomalies (AnomalyStatus, AnomalyDescription, AnomalyLocation) VALUES ('In Progress', 'Unusually low amount of minerals detected', (SELECT AstroObjectID FROM AstroSchema.AstroObjects WHERE AstroObjectName = 'Dirmius-B-1'));
SET @anomalyID = SCOPE_IDENTITY();
INSERT INTO AstroSchema.StudyStages (StudyID, AnomalyID, StageStartDate, StageEndDate) VALUES (@studyID, @anomalyID, '2126-07-11', '2150-09-11');
INSERT INTO AstroSchema.Anomalies (AnomalyStatus, AnomalyDescription, AnomalyLocation) VALUES ('In Progress', 'This body has a very eccentric orbit', (SELECT AstroObjectID FROM AstroSchema.AstroObjects WHERE AstroObjectName = 'Japris-B-2'));
SET @anomalyID = SCOPE_IDENTITY();
INSERT INTO AstroSchema.StudyStages (StudyID, AnomalyID, StageStartDate, StageEndDate) VALUES (@studyID, @anomalyID, '2128-06-01', '2150-07-09');
INSERT INTO AstroSchema.Anomalies (AnomalyStatus, AnomalyDescription, AnomalyLocation) VALUES ('Open', 'Contact with exploration team was lost, reason unknown', (SELECT AstroObjectID FROM AstroSchema.AstroObjects WHERE AstroObjectName = 'Tuban-B'));
SET @anomalyID = SCOPE_IDENTITY();
INSERT INTO AstroSchema.StudyStages (StudyID, AnomalyID, StageStartDate, StageEndDate) VALUES (@studyID, @anomalyID, '2124-03-26', '2150-07-23');
INSERT INTO AstroSchema.Anomalies (AnomalyStatus, AnomalyDescription, AnomalyLocation) VALUES ('Open', 'A distress signal was detected form this location', (SELECT AstroObjectID FROM AstroSchema.AstroObjects WHERE AstroObjectName = 'Ditrim-B-0'));
SET @anomalyID = SCOPE_IDENTITY();
INSERT INTO AstroSchema.StudyStages (StudyID, AnomalyID, StageStartDate, StageEndDate) VALUES (@studyID, @anomalyID, '2132-12-04', '2150-12-27');
INSERT INTO AstroSchema.StudyAssignments (StudyID, EmployeeID) VALUES (@studyID, (SELECT EmployeeID FROM AstroSchema.Employees WHERE EmployeeName = 'Maria' AND EmployeeSurname = 'Lessard'));
INSERT INTO AstroSchema.StudyAssignments (StudyID, EmployeeID) VALUES (@studyID, (SELECT EmployeeID FROM AstroSchema.Employees WHERE EmployeeName = 'Timothy' AND EmployeeSurname = 'Hazelton'));
INSERT INTO AstroSchema.StudyAssignments (StudyID, EmployeeID) VALUES (@studyID, (SELECT EmployeeID FROM AstroSchema.Employees WHERE EmployeeName = 'Kayla' AND EmployeeSurname = 'Kowalski'));
INSERT INTO AstroSchema.StudyAssignments (StudyID, EmployeeID) VALUES (@studyID, (SELECT EmployeeID FROM AstroSchema.Employees WHERE EmployeeName = 'Franklin' AND EmployeeSurname = 'Miller'));
INSERT INTO AstroSchema.Studies (StudyStartDate, StudyEndDate, StudySupervisor) VALUES ('2149-03-11', '2150-04-03', (SELECT EmployeeID FROM AstroSchema.Employees WHERE EmployeeName = 'Robin' AND EmployeeSurname = 'Penebscott'));
SET @studyID = SCOPE_IDENTITY();
INSERT INTO AstroSchema.Anomalies (AnomalyStatus, AnomalyDescription, AnomalyLocation) VALUES ('Open', 'Unique electromagnetic readings', (SELECT AstroObjectID FROM AstroSchema.AstroObjects WHERE AstroObjectName = 'Monzun-C'));
SET @anomalyID = SCOPE_IDENTITY();
INSERT INTO AstroSchema.StudyStages (StudyID, AnomalyID, StageStartDate, StageEndDate) VALUES (@studyID, @anomalyID, '2123-12-26', '2150-04-26');
INSERT INTO AstroSchema.Anomalies (AnomalyStatus, AnomalyDescription, AnomalyLocation) VALUES ('Closed', 'Huge imapct crater left by unknown source detected', (SELECT AstroObjectID FROM AstroSchema.AstroObjects WHERE AstroObjectName = 'Withyr-A-1'));
SET @anomalyID = SCOPE_IDENTITY();
INSERT INTO AstroSchema.StudyStages (StudyID, AnomalyID, StageStartDate, StageEndDate) VALUES (@studyID, @anomalyID, '2144-02-26', '2150-04-23');
INSERT INTO AstroSchema.Anomalies (AnomalyStatus, AnomalyDescription, AnomalyLocation) VALUES ('Open', 'Strange sattaellite of unknown origin', (SELECT AstroObjectID FROM AstroSchema.AstroObjects WHERE AstroObjectName = 'Hixam-B'));
SET @anomalyID = SCOPE_IDENTITY();
INSERT INTO AstroSchema.StudyStages (StudyID, AnomalyID, StageStartDate, StageEndDate) VALUES (@studyID, @anomalyID, '2147-10-09', '2150-05-27');
INSERT INTO AstroSchema.Anomalies (AnomalyStatus, AnomalyDescription, AnomalyLocation) VALUES ('Open', 'Stange waves of unknown origin sweep surface of this body regularly', (SELECT AstroObjectID FROM AstroSchema.AstroObjects WHERE AstroObjectName = 'Kentharom-B-0'));
SET @anomalyID = SCOPE_IDENTITY();
INSERT INTO AstroSchema.StudyStages (StudyID, AnomalyID, StageStartDate, StageEndDate) VALUES (@studyID, @anomalyID, '2128-04-22', '2150-12-08');
INSERT INTO AstroSchema.Anomalies (AnomalyStatus, AnomalyDescription, AnomalyLocation) VALUES ('Closed', 'Huge asteroid, possibly rich in minerals', (SELECT AstroObjectID FROM AstroSchema.AstroObjects WHERE AstroObjectName = 'Ansoulom-A-1'));
SET @anomalyID = SCOPE_IDENTITY();
INSERT INTO AstroSchema.StudyStages (StudyID, AnomalyID, StageStartDate, StageEndDate) VALUES (@studyID, @anomalyID, '2143-11-07', '2150-10-06');
INSERT INTO AstroSchema.StudyAssignments (StudyID, EmployeeID) VALUES (@studyID, (SELECT EmployeeID FROM AstroSchema.Employees WHERE EmployeeName = 'Lisa' AND EmployeeSurname = 'SmithJr'));
INSERT INTO AstroSchema.StudyAssignments (StudyID, EmployeeID) VALUES (@studyID, (SELECT EmployeeID FROM AstroSchema.Employees WHERE EmployeeName = 'Jonathan' AND EmployeeSurname = 'Phillips'));
INSERT INTO AstroSchema.Studies (StudyStartDate, StudyEndDate, StudySupervisor) VALUES ('2143-12-13', '2148-11-06', (SELECT EmployeeID FROM AstroSchema.Employees WHERE EmployeeName = 'Maxwell' AND EmployeeSurname = 'Sanders'));
SET @studyID = SCOPE_IDENTITY();
INSERT INTO AstroSchema.Anomalies (AnomalyStatus, AnomalyDescription, AnomalyLocation) VALUES ('Open', 'What may possibly be an aritificial structure was detected orbiting the body', (SELECT AstroObjectID FROM AstroSchema.AstroObjects WHERE AstroObjectName = 'Sanach-B'));
SET @anomalyID = SCOPE_IDENTITY();
INSERT INTO AstroSchema.StudyStages (StudyID, AnomalyID, StageStartDate, StageEndDate) VALUES (@studyID, @anomalyID, '2136-12-01', '2150-11-05');
INSERT INTO AstroSchema.Anomalies (AnomalyStatus, AnomalyDescription, AnomalyLocation) VALUES ('Closed', 'Unusually low amount of minerals detected', (SELECT AstroObjectID FROM AstroSchema.AstroObjects WHERE AstroObjectName = 'Jhapp-D'));
SET @anomalyID = SCOPE_IDENTITY();
INSERT INTO AstroSchema.StudyStages (StudyID, AnomalyID, StageStartDate, StageEndDate) VALUES (@studyID, @anomalyID, '2123-01-12', '2149-12-26');
INSERT INTO AstroSchema.Anomalies (AnomalyStatus, AnomalyDescription, AnomalyLocation) VALUES ('Open', 'Possible subsurface ocean detected', (SELECT AstroObjectID FROM AstroSchema.AstroObjects WHERE AstroObjectName = 'Laleya-A'));
SET @anomalyID = SCOPE_IDENTITY();
INSERT INTO AstroSchema.StudyStages (StudyID, AnomalyID, StageStartDate, StageEndDate) VALUES (@studyID, @anomalyID, '2124-06-09', '2150-03-03');
INSERT INTO AstroSchema.StudyAssignments (StudyID, EmployeeID) VALUES (@studyID, (SELECT EmployeeID FROM AstroSchema.Employees WHERE EmployeeName = 'Angus' AND EmployeeSurname = 'Lankshear'));
INSERT INTO AstroSchema.StudyAssignments (StudyID, EmployeeID) VALUES (@studyID, (SELECT EmployeeID FROM AstroSchema.Employees WHERE EmployeeName = 'Timothy' AND EmployeeSurname = 'Hazelton'));
INSERT INTO AstroSchema.StudyAssignments (StudyID, EmployeeID) VALUES (@studyID, (SELECT EmployeeID FROM AstroSchema.Employees WHERE EmployeeName = 'Nigel' AND EmployeeSurname = 'Masterson'));
INSERT INTO AstroSchema.Studies (StudyStartDate, StudyEndDate, StudySupervisor) VALUES ('2144-02-27', '2144-10-25', (SELECT EmployeeID FROM AstroSchema.Employees WHERE EmployeeName = 'Jason' AND EmployeeSurname = 'Hutchinson'));
SET @studyID = SCOPE_IDENTITY();
INSERT INTO AstroSchema.Anomalies (AnomalyStatus, AnomalyDescription, AnomalyLocation) VALUES ('In Progress', 'What may possibly be an aritificial structure was detected orbiting the body', (SELECT AstroObjectID FROM AstroSchema.AstroObjects WHERE AstroObjectName = 'Pharrim-C-3'));
SET @anomalyID = SCOPE_IDENTITY();
INSERT INTO AstroSchema.StudyStages (StudyID, AnomalyID, StageStartDate, StageEndDate) VALUES (@studyID, @anomalyID, '2130-07-01', '2148-09-15');
INSERT INTO AstroSchema.Anomalies (AnomalyStatus, AnomalyDescription, AnomalyLocation) VALUES ('Closed', 'Unusually low amount of minerals detected', (SELECT AstroObjectID FROM AstroSchema.AstroObjects WHERE AstroObjectName = 'Cirban-C-2'));
SET @anomalyID = SCOPE_IDENTITY();
INSERT INTO AstroSchema.StudyStages (StudyID, AnomalyID, StageStartDate, StageEndDate) VALUES (@studyID, @anomalyID, '2139-05-11', '2149-06-14');
INSERT INTO AstroSchema.Anomalies (AnomalyStatus, AnomalyDescription, AnomalyLocation) VALUES ('Open', 'Contact with exploration team was lost, reason unknown', (SELECT AstroObjectID FROM AstroSchema.AstroObjects WHERE AstroObjectName = 'Gutkow-B'));
SET @anomalyID = SCOPE_IDENTITY();
INSERT INTO AstroSchema.StudyStages (StudyID, AnomalyID, StageStartDate, StageEndDate) VALUES (@studyID, @anomalyID, '2140-09-10', '2149-12-02');
INSERT INTO AstroSchema.Anomalies (AnomalyStatus, AnomalyDescription, AnomalyLocation) VALUES ('Closed', 'Abnormal energy readings', (SELECT AstroObjectID FROM AstroSchema.AstroObjects WHERE AstroObjectName = 'Jomel-3'));
SET @anomalyID = SCOPE_IDENTITY();
INSERT INTO AstroSchema.StudyStages (StudyID, AnomalyID, StageStartDate, StageEndDate) VALUES (@studyID, @anomalyID, '2130-05-09', '2148-09-16');
INSERT INTO AstroSchema.StudyAssignments (StudyID, EmployeeID) VALUES (@studyID, (SELECT EmployeeID FROM AstroSchema.Employees WHERE EmployeeName = 'Derek' AND EmployeeSurname = 'Becker'));
INSERT INTO AstroSchema.Studies (StudyStartDate, StudyEndDate, StudySupervisor) VALUES ('2122-07-27', '2133-05-21', (SELECT EmployeeID FROM AstroSchema.Employees WHERE EmployeeName = 'Erin' AND EmployeeSurname = 'Goodman'));
SET @studyID = SCOPE_IDENTITY();
INSERT INTO AstroSchema.Anomalies (AnomalyStatus, AnomalyDescription, AnomalyLocation) VALUES ('Open', 'Unusually high temperature detected', (SELECT AstroObjectID FROM AstroSchema.AstroObjects WHERE AstroObjectName = 'Saldar-B'));
SET @anomalyID = SCOPE_IDENTITY();
INSERT INTO AstroSchema.StudyStages (StudyID, AnomalyID, StageStartDate, StageEndDate) VALUES (@studyID, @anomalyID, '2120-12-08', '2141-03-28');
INSERT INTO AstroSchema.StudyAssignments (StudyID, EmployeeID) VALUES (@studyID, (SELECT EmployeeID FROM AstroSchema.Employees WHERE EmployeeName = 'Leonard' AND EmployeeSurname = 'Jones'));
INSERT INTO AstroSchema.StudyAssignments (StudyID, EmployeeID) VALUES (@studyID, (SELECT EmployeeID FROM AstroSchema.Employees WHERE EmployeeName = 'Deanna' AND EmployeeSurname = 'Brockbank'));
INSERT INTO AstroSchema.StudyAssignments (StudyID, EmployeeID) VALUES (@studyID, (SELECT EmployeeID FROM AstroSchema.Employees WHERE EmployeeName = 'Reginald' AND EmployeeSurname = 'SmithJr'));
INSERT INTO AstroSchema.StudyAssignments (StudyID, EmployeeID) VALUES (@studyID, (SELECT EmployeeID FROM AstroSchema.Employees WHERE EmployeeName = 'Harold' AND EmployeeSurname = 'Kelly'));
INSERT INTO AstroSchema.Studies (StudyStartDate, StudyEndDate, StudySupervisor) VALUES ('2129-04-09', '2145-08-17', (SELECT EmployeeID FROM AstroSchema.Employees WHERE EmployeeName = 'Wayne' AND EmployeeSurname = 'Paxton'));
SET @studyID = SCOPE_IDENTITY();
INSERT INTO AstroSchema.Anomalies (AnomalyStatus, AnomalyDescription, AnomalyLocation) VALUES ('Open', 'Unknown object, possibly an automated probe or a ship spotted nearby', (SELECT AstroObjectID FROM AstroSchema.AstroObjects WHERE AstroObjectName = 'Cadmael-A'));
SET @anomalyID = SCOPE_IDENTITY();
INSERT INTO AstroSchema.StudyStages (StudyID, AnomalyID, StageStartDate, StageEndDate) VALUES (@studyID, @anomalyID, '2129-01-17', '2149-11-28');
INSERT INTO AstroSchema.Anomalies (AnomalyStatus, AnomalyDescription, AnomalyLocation) VALUES ('Closed', 'Possible subsurface ocean detected', (SELECT AstroObjectID FROM AstroSchema.AstroObjects WHERE AstroObjectName = 'Kahkonen-C'));
SET @anomalyID = SCOPE_IDENTITY();
INSERT INTO AstroSchema.StudyStages (StudyID, AnomalyID, StageStartDate, StageEndDate) VALUES (@studyID, @anomalyID, '2129-03-21', '2147-10-01');
INSERT INTO AstroSchema.Anomalies (AnomalyStatus, AnomalyDescription, AnomalyLocation) VALUES ('Closed', 'This body has a very unusual composition', (SELECT AstroObjectID FROM AstroSchema.AstroObjects WHERE AstroObjectName = 'Nemozi-B'));
SET @anomalyID = SCOPE_IDENTITY();
INSERT INTO AstroSchema.StudyStages (StudyID, AnomalyID, StageStartDate, StageEndDate) VALUES (@studyID, @anomalyID, '2122-03-19', '2149-11-13');
INSERT INTO AstroSchema.Anomalies (AnomalyStatus, AnomalyDescription, AnomalyLocation) VALUES ('Open', 'Unusual gravitational readings', (SELECT AstroObjectID FROM AstroSchema.AstroObjects WHERE AstroObjectName = 'Krakaum-D'));
SET @anomalyID = SCOPE_IDENTITY();
INSERT INTO AstroSchema.StudyStages (StudyID, AnomalyID, StageStartDate, StageEndDate) VALUES (@studyID, @anomalyID, '2124-03-12', '2148-08-02');
INSERT INTO AstroSchema.Anomalies (AnomalyStatus, AnomalyDescription, AnomalyLocation) VALUES ('Open', 'Stange waves of unknown origin sweep surface of this body regularly', (SELECT AstroObjectID FROM AstroSchema.AstroObjects WHERE AstroObjectName = 'Felis-B-8'));
SET @anomalyID = SCOPE_IDENTITY();
INSERT INTO AstroSchema.StudyStages (StudyID, AnomalyID, StageStartDate, StageEndDate) VALUES (@studyID, @anomalyID, '2126-04-16', '2146-04-17');
INSERT INTO AstroSchema.StudyAssignments (StudyID, EmployeeID) VALUES (@studyID, (SELECT EmployeeID FROM AstroSchema.Employees WHERE EmployeeName = 'Rodney' AND EmployeeSurname = 'Kirby'));
INSERT INTO AstroSchema.Studies (StudyStartDate, StudyEndDate, StudySupervisor) VALUES ('2122-01-14', '2124-12-09', (SELECT EmployeeID FROM AstroSchema.Employees WHERE EmployeeName = 'Mallory' AND EmployeeSurname = 'Kruger'));
SET @studyID = SCOPE_IDENTITY();
INSERT INTO AstroSchema.Anomalies (AnomalyStatus, AnomalyDescription, AnomalyLocation) VALUES ('In Progress', 'Unusually low temperature detected', (SELECT AstroObjectID FROM AstroSchema.AstroObjects WHERE AstroObjectName = 'Amastes-B-5'));
SET @anomalyID = SCOPE_IDENTITY();
INSERT INTO AstroSchema.StudyStages (StudyID, AnomalyID, StageStartDate, StageEndDate) VALUES (@studyID, @anomalyID, '2120-09-22', '2128-09-06');
INSERT INTO AstroSchema.Anomalies (AnomalyStatus, AnomalyDescription, AnomalyLocation) VALUES ('Open', 'Unique electromagnetic readings', (SELECT AstroObjectID FROM AstroSchema.AstroObjects WHERE AstroObjectName = 'Cajamere-A-6'));
SET @anomalyID = SCOPE_IDENTITY();
INSERT INTO AstroSchema.StudyStages (StudyID, AnomalyID, StageStartDate, StageEndDate) VALUES (@studyID, @anomalyID, '2120-10-16', '2132-11-06');
INSERT INTO AstroSchema.Anomalies (AnomalyStatus, AnomalyDescription, AnomalyLocation) VALUES ('Closed', 'Strange sattaellite of unknown origin', (SELECT AstroObjectID FROM AstroSchema.AstroObjects WHERE AstroObjectName = 'Ebliuq-C-1'));
SET @anomalyID = SCOPE_IDENTITY();
INSERT INTO AstroSchema.StudyStages (StudyID, AnomalyID, StageStartDate, StageEndDate) VALUES (@studyID, @anomalyID, '2120-09-12', '2136-08-25');
INSERT INTO AstroSchema.Anomalies (AnomalyStatus, AnomalyDescription, AnomalyLocation) VALUES ('Closed', 'Unusual magnetic field detected', (SELECT AstroObjectID FROM AstroSchema.AstroObjects WHERE AstroObjectName = 'Liram-B-2'));
SET @anomalyID = SCOPE_IDENTITY();
INSERT INTO AstroSchema.StudyStages (StudyID, AnomalyID, StageStartDate, StageEndDate) VALUES (@studyID, @anomalyID, '2120-04-08', '2126-09-16');
INSERT INTO AstroSchema.StudyAssignments (StudyID, EmployeeID) VALUES (@studyID, (SELECT EmployeeID FROM AstroSchema.Employees WHERE EmployeeName = 'Connor' AND EmployeeSurname = 'Olsen'));
INSERT INTO AstroSchema.StudyAssignments (StudyID, EmployeeID) VALUES (@studyID, (SELECT EmployeeID FROM AstroSchema.Employees WHERE EmployeeName = 'Earl' AND EmployeeSurname = 'Richardson'));
INSERT INTO AstroSchema.StudyAssignments (StudyID, EmployeeID) VALUES (@studyID, (SELECT EmployeeID FROM AstroSchema.Employees WHERE EmployeeName = 'Vera' AND EmployeeSurname = 'Fowler'));
INSERT INTO AstroSchema.StudyAssignments (StudyID, EmployeeID) VALUES (@studyID, (SELECT EmployeeID FROM AstroSchema.Employees WHERE EmployeeName = 'SirAndrew' AND EmployeeSurname = 'Martin'));
INSERT INTO AstroSchema.StudyAssignments (StudyID, EmployeeID) VALUES (@studyID, (SELECT EmployeeID FROM AstroSchema.Employees WHERE EmployeeName = 'Cliff' AND EmployeeSurname = 'Snider'));
INSERT INTO AstroSchema.Studies (StudyStartDate, StudyEndDate, StudySupervisor) VALUES ('2139-02-21', '2147-03-03', (SELECT EmployeeID FROM AstroSchema.Employees WHERE EmployeeName = 'Desmond' AND EmployeeSurname = 'Marshall'));
SET @studyID = SCOPE_IDENTITY();
INSERT INTO AstroSchema.Anomalies (AnomalyStatus, AnomalyDescription, AnomalyLocation) VALUES ('Closed', 'This body has a very unusual composition', (SELECT AstroObjectID FROM AstroSchema.AstroObjects WHERE AstroObjectName = 'Merope-A-3'));
SET @anomalyID = SCOPE_IDENTITY();
INSERT INTO AstroSchema.StudyStages (StudyID, AnomalyID, StageStartDate, StageEndDate) VALUES (@studyID, @anomalyID, '2125-03-10', '2148-04-21');
INSERT INTO AstroSchema.Anomalies (AnomalyStatus, AnomalyDescription, AnomalyLocation) VALUES ('Closed', 'Unusually high temperature detected', (SELECT AstroObjectID FROM AstroSchema.AstroObjects WHERE AstroObjectName = 'Eroabroria-B-0'));
SET @anomalyID = SCOPE_IDENTITY();
INSERT INTO AstroSchema.StudyStages (StudyID, AnomalyID, StageStartDate, StageEndDate) VALUES (@studyID, @anomalyID, '2120-08-13', '2150-08-20');
INSERT INTO AstroSchema.Anomalies (AnomalyStatus, AnomalyDescription, AnomalyLocation) VALUES ('In Progress', 'Possible subsurface ocean detected', (SELECT AstroObjectID FROM AstroSchema.AstroObjects WHERE AstroObjectName = 'Raskamir-A'));
SET @anomalyID = SCOPE_IDENTITY();
INSERT INTO AstroSchema.StudyStages (StudyID, AnomalyID, StageStartDate, StageEndDate) VALUES (@studyID, @anomalyID, '2137-10-10', '2150-09-01');
INSERT INTO AstroSchema.StudyAssignments (StudyID, EmployeeID) VALUES (@studyID, (SELECT EmployeeID FROM AstroSchema.Employees WHERE EmployeeName = 'Graham' AND EmployeeSurname = 'Colbeck'));
INSERT INTO AstroSchema.StudyAssignments (StudyID, EmployeeID) VALUES (@studyID, (SELECT EmployeeID FROM AstroSchema.Employees WHERE EmployeeName = 'Winona' AND EmployeeSurname = 'Reilly'));
INSERT INTO AstroSchema.Studies (StudyStartDate, StudyEndDate, StudySupervisor) VALUES ('2133-04-17', '2136-08-02', (SELECT EmployeeID FROM AstroSchema.Employees WHERE EmployeeName = 'Kevin' AND EmployeeSurname = 'Johnson'));
SET @studyID = SCOPE_IDENTITY();
INSERT INTO AstroSchema.Anomalies (AnomalyStatus, AnomalyDescription, AnomalyLocation) VALUES ('In Progress', 'Abnormal energy readings', (SELECT AstroObjectID FROM AstroSchema.AstroObjects WHERE AstroObjectName = 'Vumm-B-2'));
SET @anomalyID = SCOPE_IDENTITY();
INSERT INTO AstroSchema.StudyStages (StudyID, AnomalyID, StageStartDate, StageEndDate) VALUES (@studyID, @anomalyID, '2122-03-22', '2142-03-12');
INSERT INTO AstroSchema.Anomalies (AnomalyStatus, AnomalyDescription, AnomalyLocation) VALUES ('Closed', 'Unusual magnetic field detected', (SELECT AstroObjectID FROM AstroSchema.AstroObjects WHERE AstroObjectName = 'Gloas-C'));
SET @anomalyID = SCOPE_IDENTITY();
INSERT INTO AstroSchema.StudyStages (StudyID, AnomalyID, StageStartDate, StageEndDate) VALUES (@studyID, @anomalyID, '2131-04-08', '2147-08-20');
INSERT INTO AstroSchema.Anomalies (AnomalyStatus, AnomalyDescription, AnomalyLocation) VALUES ('In Progress', 'Unusual gravitational readings', (SELECT AstroObjectID FROM AstroSchema.AstroObjects WHERE AstroObjectName = 'Jamor-A-0'));
SET @anomalyID = SCOPE_IDENTITY();
INSERT INTO AstroSchema.StudyStages (StudyID, AnomalyID, StageStartDate, StageEndDate) VALUES (@studyID, @anomalyID, '2123-07-14', '2150-09-08');
INSERT INTO AstroSchema.StudyAssignments (StudyID, EmployeeID) VALUES (@studyID, (SELECT EmployeeID FROM AstroSchema.Employees WHERE EmployeeName = 'Maud' AND EmployeeSurname = 'MeriweatherII'));
INSERT INTO AstroSchema.Studies (StudyStartDate, StudyEndDate, StudySupervisor) VALUES ('2135-10-09', '2138-11-25', (SELECT EmployeeID FROM AstroSchema.Employees WHERE EmployeeName = 'Duane' AND EmployeeSurname = 'Allenby'));
SET @studyID = SCOPE_IDENTITY();
INSERT INTO AstroSchema.Anomalies (AnomalyStatus, AnomalyDescription, AnomalyLocation) VALUES ('Open', 'Unusual gravitational readings', (SELECT AstroObjectID FROM AstroSchema.AstroObjects WHERE AstroObjectName = 'Dangal-A-3'));
SET @anomalyID = SCOPE_IDENTITY();
INSERT INTO AstroSchema.StudyStages (StudyID, AnomalyID, StageStartDate, StageEndDate) VALUES (@studyID, @anomalyID, '2130-12-02', '2142-02-20');
INSERT INTO AstroSchema.Anomalies (AnomalyStatus, AnomalyDescription, AnomalyLocation) VALUES ('Open', 'Unusual magnetic field detected', (SELECT AstroObjectID FROM AstroSchema.AstroObjects WHERE AstroObjectName = 'Kahkonen-A-0'));
SET @anomalyID = SCOPE_IDENTITY();
INSERT INTO AstroSchema.StudyStages (StudyID, AnomalyID, StageStartDate, StageEndDate) VALUES (@studyID, @anomalyID, '2130-06-05', '2148-10-25');
INSERT INTO AstroSchema.StudyAssignments (StudyID, EmployeeID) VALUES (@studyID, (SELECT EmployeeID FROM AstroSchema.Employees WHERE EmployeeName = 'Robin' AND EmployeeSurname = 'Fleming'));
INSERT INTO AstroSchema.StudyAssignments (StudyID, EmployeeID) VALUES (@studyID, (SELECT EmployeeID FROM AstroSchema.Employees WHERE EmployeeName = 'Constance' AND EmployeeSurname = 'Irwin'));
INSERT INTO AstroSchema.Studies (StudyStartDate, StudyEndDate, StudySupervisor) VALUES ('2123-06-21', '2129-03-28', (SELECT EmployeeID FROM AstroSchema.Employees WHERE EmployeeName = 'Kevin' AND EmployeeSurname = 'Matthews'));
SET @studyID = SCOPE_IDENTITY();
INSERT INTO AstroSchema.Anomalies (AnomalyStatus, AnomalyDescription, AnomalyLocation) VALUES ('Open', 'This body has a very eccentric orbit', (SELECT AstroObjectID FROM AstroSchema.AstroObjects WHERE AstroObjectName = 'Fouahiri-C-1'));
SET @anomalyID = SCOPE_IDENTITY();
INSERT INTO AstroSchema.StudyStages (StudyID, AnomalyID, StageStartDate, StageEndDate) VALUES (@studyID, @anomalyID, '2122-10-25', '2146-12-08');
INSERT INTO AstroSchema.Anomalies (AnomalyStatus, AnomalyDescription, AnomalyLocation) VALUES ('In Progress', 'Unusually low temperature detected', (SELECT AstroObjectID FROM AstroSchema.AstroObjects WHERE AstroObjectName = 'Sumoneta-A-8'));
SET @anomalyID = SCOPE_IDENTITY();
INSERT INTO AstroSchema.StudyStages (StudyID, AnomalyID, StageStartDate, StageEndDate) VALUES (@studyID, @anomalyID, '2122-06-04', '2133-09-21');
INSERT INTO AstroSchema.Anomalies (AnomalyStatus, AnomalyDescription, AnomalyLocation) VALUES ('In Progress', 'A distress signal was detected form this location', (SELECT AstroObjectID FROM AstroSchema.AstroObjects WHERE AstroObjectName = 'Shorax-B-1'));
SET @anomalyID = SCOPE_IDENTITY();
INSERT INTO AstroSchema.StudyStages (StudyID, AnomalyID, StageStartDate, StageEndDate) VALUES (@studyID, @anomalyID, '2122-12-06', '2136-03-19');
INSERT INTO AstroSchema.Anomalies (AnomalyStatus, AnomalyDescription, AnomalyLocation) VALUES ('Closed', 'A distress signal was detected form this location', (SELECT AstroObjectID FROM AstroSchema.AstroObjects WHERE AstroObjectName = 'Rubiz-A-0'));
SET @anomalyID = SCOPE_IDENTITY();
INSERT INTO AstroSchema.StudyStages (StudyID, AnomalyID, StageStartDate, StageEndDate) VALUES (@studyID, @anomalyID, '2122-05-26', '2146-09-10');
INSERT INTO AstroSchema.StudyAssignments (StudyID, EmployeeID) VALUES (@studyID, (SELECT EmployeeID FROM AstroSchema.Employees WHERE EmployeeName = 'Ruby' AND EmployeeSurname = 'Banks'));
INSERT INTO AstroSchema.StudyAssignments (StudyID, EmployeeID) VALUES (@studyID, (SELECT EmployeeID FROM AstroSchema.Employees WHERE EmployeeName = 'Miles' AND EmployeeSurname = 'Ericson'));
INSERT INTO AstroSchema.Studies (StudyStartDate, StudyEndDate, StudySupervisor) VALUES ('2148-05-16', '2150-12-27', (SELECT EmployeeID FROM AstroSchema.Employees WHERE EmployeeName = 'Emma' AND EmployeeSurname = 'Johnson'));
SET @studyID = SCOPE_IDENTITY();
INSERT INTO AstroSchema.Anomalies (AnomalyStatus, AnomalyDescription, AnomalyLocation) VALUES ('In Progress', 'A distress signal was detected form this location', (SELECT AstroObjectID FROM AstroSchema.AstroObjects WHERE AstroObjectName = 'Vollonis-B-8'));
SET @anomalyID = SCOPE_IDENTITY();
INSERT INTO AstroSchema.StudyStages (StudyID, AnomalyID, StageStartDate, StageEndDate) VALUES (@studyID, @anomalyID, '2125-03-23', '2150-12-27');
INSERT INTO AstroSchema.Anomalies (AnomalyStatus, AnomalyDescription, AnomalyLocation) VALUES ('In Progress', 'Unusually low amount of minerals detected', (SELECT AstroObjectID FROM AstroSchema.AstroObjects WHERE AstroObjectName = 'Cirban-B-0'));
SET @anomalyID = SCOPE_IDENTITY();
INSERT INTO AstroSchema.StudyStages (StudyID, AnomalyID, StageStartDate, StageEndDate) VALUES (@studyID, @anomalyID, '2144-02-25', '2150-12-28');
INSERT INTO AstroSchema.Anomalies (AnomalyStatus, AnomalyDescription, AnomalyLocation) VALUES ('Open', 'Huge asteroid, possibly rich in minerals', (SELECT AstroObjectID FROM AstroSchema.AstroObjects WHERE AstroObjectName = 'Cknoor-D'));
SET @anomalyID = SCOPE_IDENTITY();
INSERT INTO AstroSchema.StudyStages (StudyID, AnomalyID, StageStartDate, StageEndDate) VALUES (@studyID, @anomalyID, '2125-01-03', '2150-12-28');
INSERT INTO AstroSchema.Anomalies (AnomalyStatus, AnomalyDescription, AnomalyLocation) VALUES ('Open', 'Abnormal energy readings', (SELECT AstroObjectID FROM AstroSchema.AstroObjects WHERE AstroObjectName = 'Urallion-B'));
SET @anomalyID = SCOPE_IDENTITY();
INSERT INTO AstroSchema.StudyStages (StudyID, AnomalyID, StageStartDate, StageEndDate) VALUES (@studyID, @anomalyID, '2136-06-28', '2150-12-27');
INSERT INTO AstroSchema.StudyAssignments (StudyID, EmployeeID) VALUES (@studyID, (SELECT EmployeeID FROM AstroSchema.Employees WHERE EmployeeName = 'Shelly' AND EmployeeSurname = 'Bennett'));
INSERT INTO AstroSchema.StudyAssignments (StudyID, EmployeeID) VALUES (@studyID, (SELECT EmployeeID FROM AstroSchema.Employees WHERE EmployeeName = 'Kathleen' AND EmployeeSurname = 'Merchant'));
INSERT INTO AstroSchema.Studies (StudyStartDate, StudyEndDate, StudySupervisor) VALUES ('2136-08-11', '2144-06-19', (SELECT EmployeeID FROM AstroSchema.Employees WHERE EmployeeName = 'April' AND EmployeeSurname = 'Milton'));
SET @studyID = SCOPE_IDENTITY();
INSERT INTO AstroSchema.Anomalies (AnomalyStatus, AnomalyDescription, AnomalyLocation) VALUES ('In Progress', 'Huge imapct crater left by unknown source detected', (SELECT AstroObjectID FROM AstroSchema.AstroObjects WHERE AstroObjectName = 'Edemar-B'));
SET @anomalyID = SCOPE_IDENTITY();
INSERT INTO AstroSchema.StudyStages (StudyID, AnomalyID, StageStartDate, StageEndDate) VALUES (@studyID, @anomalyID, '2127-02-18', '2150-11-24');
INSERT INTO AstroSchema.StudyAssignments (StudyID, EmployeeID) VALUES (@studyID, (SELECT EmployeeID FROM AstroSchema.Employees WHERE EmployeeName = 'Harold' AND EmployeeSurname = 'Kelly'));
INSERT INTO AstroSchema.StudyAssignments (StudyID, EmployeeID) VALUES (@studyID, (SELECT EmployeeID FROM AstroSchema.Employees WHERE EmployeeName = 'Rhonda' AND EmployeeSurname = 'Shields'));
INSERT INTO AstroSchema.StudyAssignments (StudyID, EmployeeID) VALUES (@studyID, (SELECT EmployeeID FROM AstroSchema.Employees WHERE EmployeeName = 'Herbert' AND EmployeeSurname = 'Kirk'));
INSERT INTO AstroSchema.Studies (StudyStartDate, StudyEndDate, StudySupervisor) VALUES ('2139-05-24', '2141-01-15', (SELECT EmployeeID FROM AstroSchema.Employees WHERE EmployeeName = 'Dorothy' AND EmployeeSurname = 'Strudwick'));
SET @studyID = SCOPE_IDENTITY();
INSERT INTO AstroSchema.Anomalies (AnomalyStatus, AnomalyDescription, AnomalyLocation) VALUES ('Closed', 'Unusually low amount of minerals detected', (SELECT AstroObjectID FROM AstroSchema.AstroObjects WHERE AstroObjectName = 'Salluria-B-8'));
SET @anomalyID = SCOPE_IDENTITY();
INSERT INTO AstroSchema.StudyStages (StudyID, AnomalyID, StageStartDate, StageEndDate) VALUES (@studyID, @anomalyID, '2136-09-03', '2150-05-05');
INSERT INTO AstroSchema.Anomalies (AnomalyStatus, AnomalyDescription, AnomalyLocation) VALUES ('Closed', 'What may possibly be an aritificial structure was detected orbiting the body', (SELECT AstroObjectID FROM AstroSchema.AstroObjects WHERE AstroObjectName = 'Hark-A-0'));
SET @anomalyID = SCOPE_IDENTITY();
INSERT INTO AstroSchema.StudyStages (StudyID, AnomalyID, StageStartDate, StageEndDate) VALUES (@studyID, @anomalyID, '2136-09-01', '2150-01-02');
INSERT INTO AstroSchema.Anomalies (AnomalyStatus, AnomalyDescription, AnomalyLocation) VALUES ('In Progress', 'This body has a very eccentric orbit', (SELECT AstroObjectID FROM AstroSchema.AstroObjects WHERE AstroObjectName = 'Sarpocchus-B'));
SET @anomalyID = SCOPE_IDENTITY();
INSERT INTO AstroSchema.StudyStages (StudyID, AnomalyID, StageStartDate, StageEndDate) VALUES (@studyID, @anomalyID, '2124-07-01', '2147-11-14');
INSERT INTO AstroSchema.Anomalies (AnomalyStatus, AnomalyDescription, AnomalyLocation) VALUES ('Open', 'Unusually low amount of minerals detected', (SELECT AstroObjectID FROM AstroSchema.AstroObjects WHERE AstroObjectName = 'Japhon-B'));
SET @anomalyID = SCOPE_IDENTITY();
INSERT INTO AstroSchema.StudyStages (StudyID, AnomalyID, StageStartDate, StageEndDate) VALUES (@studyID, @anomalyID, '2134-07-09', '2148-08-19');
INSERT INTO AstroSchema.Anomalies (AnomalyStatus, AnomalyDescription, AnomalyLocation) VALUES ('Open', 'Huge imapct crater left by unknown source detected', (SELECT AstroObjectID FROM AstroSchema.AstroObjects WHERE AstroObjectName = 'Cadmael-A'));
SET @anomalyID = SCOPE_IDENTITY();
INSERT INTO AstroSchema.StudyStages (StudyID, AnomalyID, StageStartDate, StageEndDate) VALUES (@studyID, @anomalyID, '2128-02-19', '2150-01-06');
INSERT INTO AstroSchema.StudyAssignments (StudyID, EmployeeID) VALUES (@studyID, (SELECT EmployeeID FROM AstroSchema.Employees WHERE EmployeeName = 'Teri' AND EmployeeSurname = 'Brewster'));
INSERT INTO AstroSchema.Studies (StudyStartDate, StudyEndDate, StudySupervisor) VALUES ('2148-09-03', '2150-03-13', (SELECT EmployeeID FROM AstroSchema.Employees WHERE EmployeeName = 'Sarah' AND EmployeeSurname = 'Stark'));
SET @studyID = SCOPE_IDENTITY();
INSERT INTO AstroSchema.Anomalies (AnomalyStatus, AnomalyDescription, AnomalyLocation) VALUES ('In Progress', 'A distress signal was detected form this location', (SELECT AstroObjectID FROM AstroSchema.AstroObjects WHERE AstroObjectName = 'Selnoc-D-0'));
SET @anomalyID = SCOPE_IDENTITY();
INSERT INTO AstroSchema.StudyStages (StudyID, AnomalyID, StageStartDate, StageEndDate) VALUES (@studyID, @anomalyID, '2136-03-23', '2150-05-02');
INSERT INTO AstroSchema.Anomalies (AnomalyStatus, AnomalyDescription, AnomalyLocation) VALUES ('In Progress', 'Huge asteroid, possibly rich in minerals', (SELECT AstroObjectID FROM AstroSchema.AstroObjects WHERE AstroObjectName = 'Sabik-B'));
SET @anomalyID = SCOPE_IDENTITY();
INSERT INTO AstroSchema.StudyStages (StudyID, AnomalyID, StageStartDate, StageEndDate) VALUES (@studyID, @anomalyID, '2135-05-02', '2150-10-17');
INSERT INTO AstroSchema.Anomalies (AnomalyStatus, AnomalyDescription, AnomalyLocation) VALUES ('In Progress', 'Automated probe lost contact with the base, reason unknown', (SELECT AstroObjectID FROM AstroSchema.AstroObjects WHERE AstroObjectName = 'Cirban-E-1'));
SET @anomalyID = SCOPE_IDENTITY();
INSERT INTO AstroSchema.StudyStages (StudyID, AnomalyID, StageStartDate, StageEndDate) VALUES (@studyID, @anomalyID, '2134-12-13', '2150-08-06');
INSERT INTO AstroSchema.Anomalies (AnomalyStatus, AnomalyDescription, AnomalyLocation) VALUES ('Closed', 'What may possibly be an aritificial structure was detected orbiting the body', (SELECT AstroObjectID FROM AstroSchema.AstroObjects WHERE AstroObjectName = 'Dwithim-A'));
SET @anomalyID = SCOPE_IDENTITY();
INSERT INTO AstroSchema.StudyStages (StudyID, AnomalyID, StageStartDate, StageEndDate) VALUES (@studyID, @anomalyID, '2141-09-08', '2150-10-18');
INSERT INTO AstroSchema.Anomalies (AnomalyStatus, AnomalyDescription, AnomalyLocation) VALUES ('Closed', 'Unidentified electromagnetic sygnals detected', (SELECT AstroObjectID FROM AstroSchema.AstroObjects WHERE AstroObjectName = 'Monzun-A-5'));
SET @anomalyID = SCOPE_IDENTITY();
INSERT INTO AstroSchema.StudyStages (StudyID, AnomalyID, StageStartDate, StageEndDate) VALUES (@studyID, @anomalyID, '2128-09-20', '2150-10-13');
INSERT INTO AstroSchema.StudyAssignments (StudyID, EmployeeID) VALUES (@studyID, (SELECT EmployeeID FROM AstroSchema.Employees WHERE EmployeeName = 'Ben' AND EmployeeSurname = 'Simpson'));
INSERT INTO AstroSchema.StudyAssignments (StudyID, EmployeeID) VALUES (@studyID, (SELECT EmployeeID FROM AstroSchema.Employees WHERE EmployeeName = 'Sidney' AND EmployeeSurname = 'Weaver'));
INSERT INTO AstroSchema.StudyAssignments (StudyID, EmployeeID) VALUES (@studyID, (SELECT EmployeeID FROM AstroSchema.Employees WHERE EmployeeName = 'Margaret' AND EmployeeSurname = 'Ellis'));
INSERT INTO AstroSchema.StudyAssignments (StudyID, EmployeeID) VALUES (@studyID, (SELECT EmployeeID FROM AstroSchema.Employees WHERE EmployeeName = 'Edgar' AND EmployeeSurname = 'Hutchinson'));
INSERT INTO AstroSchema.Studies (StudyStartDate, StudyEndDate, StudySupervisor) VALUES ('2134-03-21', '2150-01-02', (SELECT EmployeeID FROM AstroSchema.Employees WHERE EmployeeName = 'Melvin' AND EmployeeSurname = 'Darling'));
SET @studyID = SCOPE_IDENTITY();
INSERT INTO AstroSchema.Anomalies (AnomalyStatus, AnomalyDescription, AnomalyLocation) VALUES ('Open', 'This body has a very eccentric orbit', (SELECT AstroObjectID FROM AstroSchema.AstroObjects WHERE AstroObjectName = 'Japris-C-8'));
SET @anomalyID = SCOPE_IDENTITY();
INSERT INTO AstroSchema.StudyStages (StudyID, AnomalyID, StageStartDate, StageEndDate) VALUES (@studyID, @anomalyID, '2126-08-25', '2150-10-27');
INSERT INTO AstroSchema.Anomalies (AnomalyStatus, AnomalyDescription, AnomalyLocation) VALUES ('In Progress', 'This body has a very unusual composition', (SELECT AstroObjectID FROM AstroSchema.AstroObjects WHERE AstroObjectName = 'Urill-B-1'));
SET @anomalyID = SCOPE_IDENTITY();
INSERT INTO AstroSchema.StudyStages (StudyID, AnomalyID, StageStartDate, StageEndDate) VALUES (@studyID, @anomalyID, '2123-12-22', '2150-10-18');
INSERT INTO AstroSchema.StudyAssignments (StudyID, EmployeeID) VALUES (@studyID, (SELECT EmployeeID FROM AstroSchema.Employees WHERE EmployeeName = 'Matthew' AND EmployeeSurname = 'Handler'));
INSERT INTO AstroSchema.StudyAssignments (StudyID, EmployeeID) VALUES (@studyID, (SELECT EmployeeID FROM AstroSchema.Employees WHERE EmployeeName = 'Olivia' AND EmployeeSurname = 'Bridges'));
INSERT INTO AstroSchema.StudyAssignments (StudyID, EmployeeID) VALUES (@studyID, (SELECT EmployeeID FROM AstroSchema.Employees WHERE EmployeeName = 'Lee' AND EmployeeSurname = 'Gray'));
INSERT INTO AstroSchema.StudyAssignments (StudyID, EmployeeID) VALUES (@studyID, (SELECT EmployeeID FROM AstroSchema.Employees WHERE EmployeeName = 'Connor' AND EmployeeSurname = 'Olsen'));
INSERT INTO AstroSchema.Studies (StudyStartDate, StudyEndDate, StudySupervisor) VALUES ('2145-02-23', '2149-11-11', (SELECT EmployeeID FROM AstroSchema.Employees WHERE EmployeeName = 'Rosemary' AND EmployeeSurname = 'Page'));
SET @studyID = SCOPE_IDENTITY();
INSERT INTO AstroSchema.Anomalies (AnomalyStatus, AnomalyDescription, AnomalyLocation) VALUES ('Open', 'Automated probe lost contact with the base, reason unknown', (SELECT AstroObjectID FROM AstroSchema.AstroObjects WHERE AstroObjectName = 'Derellis-B-2'));
SET @anomalyID = SCOPE_IDENTITY();
INSERT INTO AstroSchema.StudyStages (StudyID, AnomalyID, StageStartDate, StageEndDate) VALUES (@studyID, @anomalyID, '2144-12-26', '2150-07-28');
INSERT INTO AstroSchema.Anomalies (AnomalyStatus, AnomalyDescription, AnomalyLocation) VALUES ('Open', 'This body has a very unusual composition', (SELECT AstroObjectID FROM AstroSchema.AstroObjects WHERE AstroObjectName = 'Japhon-B-0'));
SET @anomalyID = SCOPE_IDENTITY();
INSERT INTO AstroSchema.StudyStages (StudyID, AnomalyID, StageStartDate, StageEndDate) VALUES (@studyID, @anomalyID, '2142-04-12', '2150-06-06');
INSERT INTO AstroSchema.Anomalies (AnomalyStatus, AnomalyDescription, AnomalyLocation) VALUES ('Closed', 'A distress signal was detected form this location', (SELECT AstroObjectID FROM AstroSchema.AstroObjects WHERE AstroObjectName = 'Krakaum-D-2'));
SET @anomalyID = SCOPE_IDENTITY();
INSERT INTO AstroSchema.StudyStages (StudyID, AnomalyID, StageStartDate, StageEndDate) VALUES (@studyID, @anomalyID, '2133-10-13', '2150-03-08');
INSERT INTO AstroSchema.Anomalies (AnomalyStatus, AnomalyDescription, AnomalyLocation) VALUES ('In Progress', 'Stange waves of unknown origin sweep surface of this body regularly', (SELECT AstroObjectID FROM AstroSchema.AstroObjects WHERE AstroObjectName = 'Minelauva-B-1'));
SET @anomalyID = SCOPE_IDENTITY();
INSERT INTO AstroSchema.StudyStages (StudyID, AnomalyID, StageStartDate, StageEndDate) VALUES (@studyID, @anomalyID, '2135-05-13', '2150-02-24');
INSERT INTO AstroSchema.StudyAssignments (StudyID, EmployeeID) VALUES (@studyID, (SELECT EmployeeID FROM AstroSchema.Employees WHERE EmployeeName = 'Vivica' AND EmployeeSurname = 'Preston'));
INSERT INTO AstroSchema.StudyAssignments (StudyID, EmployeeID) VALUES (@studyID, (SELECT EmployeeID FROM AstroSchema.Employees WHERE EmployeeName = 'Lydia' AND EmployeeSurname = 'MacKenzie'));
INSERT INTO AstroSchema.StudyAssignments (StudyID, EmployeeID) VALUES (@studyID, (SELECT EmployeeID FROM AstroSchema.Employees WHERE EmployeeName = 'Emmett' AND EmployeeSurname = 'Walters'));
INSERT INTO AstroSchema.StudyAssignments (StudyID, EmployeeID) VALUES (@studyID, (SELECT EmployeeID FROM AstroSchema.Employees WHERE EmployeeName = 'Beatrice' AND EmployeeSurname = 'Salinger'));
INSERT INTO AstroSchema.Studies (StudyStartDate, StudyEndDate, StudySupervisor) VALUES ('2138-03-10', '2149-11-10', (SELECT EmployeeID FROM AstroSchema.Employees WHERE EmployeeName = 'Holly' AND EmployeeSurname = 'Chaffin'));
SET @studyID = SCOPE_IDENTITY();
INSERT INTO AstroSchema.Anomalies (AnomalyStatus, AnomalyDescription, AnomalyLocation) VALUES ('Open', 'This body has a very unusual composition', (SELECT AstroObjectID FROM AstroSchema.AstroObjects WHERE AstroObjectName = 'Monzun-A-3'));
SET @anomalyID = SCOPE_IDENTITY();
INSERT INTO AstroSchema.StudyStages (StudyID, AnomalyID, StageStartDate, StageEndDate) VALUES (@studyID, @anomalyID, '2131-07-07', '2149-12-08');
INSERT INTO AstroSchema.Anomalies (AnomalyStatus, AnomalyDescription, AnomalyLocation) VALUES ('Closed', 'Unique electromagnetic readings', (SELECT AstroObjectID FROM AstroSchema.AstroObjects WHERE AstroObjectName = 'Cajamere-A-4'));
SET @anomalyID = SCOPE_IDENTITY();
INSERT INTO AstroSchema.StudyStages (StudyID, AnomalyID, StageStartDate, StageEndDate) VALUES (@studyID, @anomalyID, '2120-06-11', '2150-03-05');
INSERT INTO AstroSchema.StudyAssignments (StudyID, EmployeeID) VALUES (@studyID, (SELECT EmployeeID FROM AstroSchema.Employees WHERE EmployeeName = 'Maria' AND EmployeeSurname = 'Barnes'));
INSERT INTO AstroSchema.Studies (StudyStartDate, StudyEndDate, StudySupervisor) VALUES ('2137-03-03', '2139-10-15', (SELECT EmployeeID FROM AstroSchema.Employees WHERE EmployeeName = 'Felicia' AND EmployeeSurname = 'Weyland'));
SET @studyID = SCOPE_IDENTITY();
INSERT INTO AstroSchema.Anomalies (AnomalyStatus, AnomalyDescription, AnomalyLocation) VALUES ('Closed', 'Unknown object, possibly an automated probe or a ship spotted nearby', (SELECT AstroObjectID FROM AstroSchema.AstroObjects WHERE AstroObjectName = 'Puntrazed-D-5'));
SET @anomalyID = SCOPE_IDENTITY();
INSERT INTO AstroSchema.StudyStages (StudyID, AnomalyID, StageStartDate, StageEndDate) VALUES (@studyID, @anomalyID, '2125-12-04', '2140-12-27');
INSERT INTO AstroSchema.Anomalies (AnomalyStatus, AnomalyDescription, AnomalyLocation) VALUES ('In Progress', 'Unknown object, possibly an automated probe or a ship spotted nearby', (SELECT AstroObjectID FROM AstroSchema.AstroObjects WHERE AstroObjectName = 'Felis-B-1'));
SET @anomalyID = SCOPE_IDENTITY();
INSERT INTO AstroSchema.StudyStages (StudyID, AnomalyID, StageStartDate, StageEndDate) VALUES (@studyID, @anomalyID, '2124-07-27', '2147-11-23');
INSERT INTO AstroSchema.Anomalies (AnomalyStatus, AnomalyDescription, AnomalyLocation) VALUES ('Closed', 'Unusually low amount of minerals detected', (SELECT AstroObjectID FROM AstroSchema.AstroObjects WHERE AstroObjectName = 'Ojlars-C'));
SET @anomalyID = SCOPE_IDENTITY();
INSERT INTO AstroSchema.StudyStages (StudyID, AnomalyID, StageStartDate, StageEndDate) VALUES (@studyID, @anomalyID, '2136-01-28', '2143-06-20');
INSERT INTO AstroSchema.StudyAssignments (StudyID, EmployeeID) VALUES (@studyID, (SELECT EmployeeID FROM AstroSchema.Employees WHERE EmployeeName = 'Maxwell' AND EmployeeSurname = 'Robinson'));
INSERT INTO AstroSchema.StudyAssignments (StudyID, EmployeeID) VALUES (@studyID, (SELECT EmployeeID FROM AstroSchema.Employees WHERE EmployeeName = 'Marilyn' AND EmployeeSurname = 'Silverman'));
INSERT INTO AstroSchema.Studies (StudyStartDate, StudyEndDate, StudySupervisor) VALUES ('2133-07-25', '2140-04-18', (SELECT EmployeeID FROM AstroSchema.Employees WHERE EmployeeName = 'Angus' AND EmployeeSurname = 'Shepard'));
SET @studyID = SCOPE_IDENTITY();
INSERT INTO AstroSchema.Anomalies (AnomalyStatus, AnomalyDescription, AnomalyLocation) VALUES ('Closed', 'Abnormal energy readings', (SELECT AstroObjectID FROM AstroSchema.AstroObjects WHERE AstroObjectName = 'Krakaum-B-0'));
SET @anomalyID = SCOPE_IDENTITY();
INSERT INTO AstroSchema.StudyStages (StudyID, AnomalyID, StageStartDate, StageEndDate) VALUES (@studyID, @anomalyID, '2125-03-04', '2144-10-05');
INSERT INTO AstroSchema.Anomalies (AnomalyStatus, AnomalyDescription, AnomalyLocation) VALUES ('Open', 'Stange waves of unknown origin sweep surface of this body regularly', (SELECT AstroObjectID FROM AstroSchema.AstroObjects WHERE AstroObjectName = 'Sumoneta-A-3'));
SET @anomalyID = SCOPE_IDENTITY();
INSERT INTO AstroSchema.StudyStages (StudyID, AnomalyID, StageStartDate, StageEndDate) VALUES (@studyID, @anomalyID, '2123-06-23', '2150-11-15');
INSERT INTO AstroSchema.Anomalies (AnomalyStatus, AnomalyDescription, AnomalyLocation) VALUES ('In Progress', 'Unusual magnetic field detected', (SELECT AstroObjectID FROM AstroSchema.AstroObjects WHERE AstroObjectName = 'Evfrippe-B'));
SET @anomalyID = SCOPE_IDENTITY();
INSERT INTO AstroSchema.StudyStages (StudyID, AnomalyID, StageStartDate, StageEndDate) VALUES (@studyID, @anomalyID, '2121-02-14', '2140-09-03');
INSERT INTO AstroSchema.Anomalies (AnomalyStatus, AnomalyDescription, AnomalyLocation) VALUES ('Closed', 'Possible subsurface ocean detected', (SELECT AstroObjectID FROM AstroSchema.AstroObjects WHERE AstroObjectName = 'Dabih-A-1'));
SET @anomalyID = SCOPE_IDENTITY();
INSERT INTO AstroSchema.StudyStages (StudyID, AnomalyID, StageStartDate, StageEndDate) VALUES (@studyID, @anomalyID, '2133-07-10', '2142-03-10');
INSERT INTO AstroSchema.Anomalies (AnomalyStatus, AnomalyDescription, AnomalyLocation) VALUES ('In Progress', 'This body has a very eccentric orbit', (SELECT AstroObjectID FROM AstroSchema.AstroObjects WHERE AstroObjectName = 'Cajamere-A-6'));
SET @anomalyID = SCOPE_IDENTITY();
INSERT INTO AstroSchema.StudyStages (StudyID, AnomalyID, StageStartDate, StageEndDate) VALUES (@studyID, @anomalyID, '2121-05-10', '2150-04-25');
INSERT INTO AstroSchema.StudyAssignments (StudyID, EmployeeID) VALUES (@studyID, (SELECT EmployeeID FROM AstroSchema.Employees WHERE EmployeeName = 'Vera' AND EmployeeSurname = 'Fowler'));
INSERT INTO AstroSchema.StudyAssignments (StudyID, EmployeeID) VALUES (@studyID, (SELECT EmployeeID FROM AstroSchema.Employees WHERE EmployeeName = 'Margaret' AND EmployeeSurname = 'Ellis'));
INSERT INTO AstroSchema.StudyAssignments (StudyID, EmployeeID) VALUES (@studyID, (SELECT EmployeeID FROM AstroSchema.Employees WHERE EmployeeName = 'Vivica' AND EmployeeSurname = 'Preston'));
INSERT INTO AstroSchema.StudyAssignments (StudyID, EmployeeID) VALUES (@studyID, (SELECT EmployeeID FROM AstroSchema.Employees WHERE EmployeeName = 'Ernest' AND EmployeeSurname = 'Barton'));
INSERT INTO AstroSchema.StudyAssignments (StudyID, EmployeeID) VALUES (@studyID, (SELECT EmployeeID FROM AstroSchema.Employees WHERE EmployeeName = 'Graham' AND EmployeeSurname = 'Colbeck'));
INSERT INTO AstroSchema.Studies (StudyStartDate, StudyEndDate, StudySupervisor) VALUES ('2121-06-23', '2136-09-26', (SELECT EmployeeID FROM AstroSchema.Employees WHERE EmployeeName = 'April' AND EmployeeSurname = 'Milton'));
SET @studyID = SCOPE_IDENTITY();
INSERT INTO AstroSchema.Anomalies (AnomalyStatus, AnomalyDescription, AnomalyLocation) VALUES ('In Progress', 'Unusually low amount of minerals detected', (SELECT AstroObjectID FROM AstroSchema.AstroObjects WHERE AstroObjectName = 'Arbatraeus-1'));
SET @anomalyID = SCOPE_IDENTITY();
INSERT INTO AstroSchema.StudyStages (StudyID, AnomalyID, StageStartDate, StageEndDate) VALUES (@studyID, @anomalyID, '2120-08-11', '2144-06-18');
INSERT INTO AstroSchema.Anomalies (AnomalyStatus, AnomalyDescription, AnomalyLocation) VALUES ('Open', 'Possible subsurface ocean detected', (SELECT AstroObjectID FROM AstroSchema.AstroObjects WHERE AstroObjectName = 'Monzun-C'));
SET @anomalyID = SCOPE_IDENTITY();
INSERT INTO AstroSchema.StudyStages (StudyID, AnomalyID, StageStartDate, StageEndDate) VALUES (@studyID, @anomalyID, '2120-04-11', '2136-10-24');
INSERT INTO AstroSchema.StudyAssignments (StudyID, EmployeeID) VALUES (@studyID, (SELECT EmployeeID FROM AstroSchema.Employees WHERE EmployeeName = 'Linda' AND EmployeeSurname = 'Galloway'));
INSERT INTO AstroSchema.StudyAssignments (StudyID, EmployeeID) VALUES (@studyID, (SELECT EmployeeID FROM AstroSchema.Employees WHERE EmployeeName = 'Angela' AND EmployeeSurname = 'Lynch'));
INSERT INTO AstroSchema.StudyAssignments (StudyID, EmployeeID) VALUES (@studyID, (SELECT EmployeeID FROM AstroSchema.Employees WHERE EmployeeName = 'Bruce' AND EmployeeSurname = 'Bixby'));
INSERT INTO AstroSchema.StudyAssignments (StudyID, EmployeeID) VALUES (@studyID, (SELECT EmployeeID FROM AstroSchema.Employees WHERE EmployeeName = 'Amanda' AND EmployeeSurname = 'Findley'));




USE master
GO